{
	"credit": "Made with Blockbench",
	"texture_size": [64, 64],
	"textures": {
		"0": "./zombie",
		"particle": "./zombie"
	},
	"elements": [
		{
			"name": "head",
			"from": [4, 16, 8.5],
			"to": [12, 24, 16.5],
			"faces": {
				"north": {"uv": [2, 2, 4, 4], "texture": "#0"},
				"east": {"uv": [0, 2, 2, 4], "texture": "#0"},
				"south": {"uv": [6, 2, 8, 4], "texture": "#0"},
				"west": {"uv": [4, 2, 6, 4], "texture": "#0"},
				"up": {"uv": [4, 2, 2, 0], "texture": "#0"},
				"down": {"uv": [6, 0, 4, 2], "texture": "#0"}
			}
		},
		{
			"name": "body",
			"from": [4, 4, 10.5],
			"to": [12, 16, 14.5],
			"faces": {
				"north": {"uv": [5, 5, 7, 8], "texture": "#0"},
				"east": {"uv": [4, 5, 5, 8], "texture": "#0"},
				"south": {"uv": [8, 5, 10, 8], "texture": "#0"},
				"west": {"uv": [7, 5, 8, 8], "texture": "#0"},
				"up": {"uv": [7, 5, 5, 4], "texture": "#0"},
				"down": {"uv": [9, 4, 7, 5], "texture": "#0"}
			}
		},
		{
			"name": "left_arm",
			"from": [0, 12, 2.5],
			"to": [4, 16, 14.5],
			"shade": false,
			"rotation": {"angle": -22.5, "axis": "x", "origin": [2, 14, 12.5]},
			"faces": {
				"north": {"uv": [12, 4, 13, 5], "rotation": 180, "texture": "#0"},
				"east": {"uv": [13, 5, 12, 8], "rotation": 270, "texture": "#0"},
				"south": {"uv": [11, 5, 12, 4], "texture": "#0"},
				"west": {"uv": [11, 5, 10, 8], "rotation": 90, "texture": "#0"},
				"up": {"uv": [12, 5, 11, 8], "rotation": 180, "texture": "#0"},
				"down": {"uv": [14, 5, 13, 8], "texture": "#0"}
			}
		},
		{
			"name": "right_arm",
			"from": [12, 12, 2.5],
			"to": [16, 16, 14.5],
			"rotation": {"angle": -22.5, "axis": "x", "origin": [14, 14, 12.5]},
			"faces": {
				"north": {"uv": [13, 4, 12, 5], "rotation": 180, "texture": "#0"},
				"east": {"uv": [10, 5, 11, 8], "rotation": 270, "texture": "#0"},
				"south": {"uv": [12, 5, 11, 4], "texture": "#0"},
				"west": {"uv": [12, 5, 13, 8], "rotation": 90, "texture": "#0"},
				"up": {"uv": [11, 5, 12, 8], "rotation": 180, "texture": "#0"},
				"down": {"uv": [13, 5, 14, 8], "texture": "#0"}
			}
		},
		{
			"name": "left_leg",
			"from": [4, 0, 1.9],
			"to": [8, 4, 13.9],
			"shade": false,
			"rotation": {"angle": 22.5, "axis": "y", "origin": [6, 2, 11.9]},
			"faces": {
				"north": {"uv": [2, 4, 3, 5], "rotation": 180, "texture": "#0"},
				"east": {"uv": [3, 5, 2, 8], "rotation": 270, "texture": "#0"},
				"south": {"uv": [1, 5, 2, 4], "texture": "#0"},
				"west": {"uv": [1, 5, 0, 8], "rotation": 90, "texture": "#0"},
				"up": {"uv": [2, 5, 1, 8], "rotation": 180, "texture": "#0"},
				"down": {"uv": [4, 5, 3, 8], "texture": "#0"}
			}
		},
		{
			"name": "right_leg",
			"from": [8, 0, 1.9],
			"to": [12, 4, 13.9],
			"rotation": {"angle": -22.5, "axis": "y", "origin": [10, 2, 11.9]},
			"faces": {
				"north": {"uv": [3, 4, 2, 5], "rotation": 180, "texture": "#0"},
				"east": {"uv": [0, 5, 1, 8], "rotation": 270, "texture": "#0"},
				"south": {"uv": [2, 5, 1, 4], "texture": "#0"},
				"west": {"uv": [2, 5, 3, 8], "rotation": 90, "texture": "#0"},
				"up": {"uv": [1, 5, 2, 8], "rotation": 180, "texture": "#0"},
				"down": {"uv": [3, 5, 4, 8], "texture": "#0"}
			}
		},
		{
			"name": "right_leg",
			"from": [4.9, 0, 10.5],
			"to": [11.1, 4, 14.5],
			"rotation": {"angle": 0, "axis": "y", "origin": [10, 2, 11.9]},
			"faces": {
				"north": {"uv": [15, 14.45, 16, 16], "rotation": 90, "texture": "#0"},
				"east": {"uv": [16, 15, 15, 16], "rotation": 180, "texture": "#0"},
				"south": {"uv": [15, 14.45, 16, 16], "rotation": 270, "texture": "#0"},
				"west": {"uv": [16, 16, 15, 15], "texture": "#0"},
				"up": {"uv": [15, 14.45, 16, 16], "rotation": 270, "texture": "#0"},
				"down": {"uv": [15, 14.45, 16, 16], "rotation": 270, "texture": "#0"}
			}
		}
	],
	"display": {
		"thirdperson_righthand": {
			"rotation": [70, 45, 0],
			"translation": [-0.25, 0.75, 1],
			"scale": [0.2, 0.2, 0.2]
		},
		"thirdperson_lefthand": {
			"rotation": [75, 45, 0],
			"translation": [0, 2.5, 0],
			"scale": [0.375, 0.375, 0.375]
		},
		"firstperson_righthand": {
			"rotation": [0, 45, 0],
			"translation": [1.25, 1.75, 1.25],
			"scale": [0.2, 0.2, 0.2]
		},
		"firstperson_lefthand": {
			"rotation": [0, 225, 0],
			"translation": [0, 4.5, 0],
			"scale": [0.4, 0.4, 0.4]
		},
		"ground": {
			"scale": [0.2, 0.2, 0.2]
		},
		"gui": {
			"rotation": [30, -135, 0],
			"translation": [0, -2.25, 0],
			"scale": [0.45, 0.45, 0.45]
		},
		"head": {
			"translation": [0, 10.4, 0],
			"scale": [0.5, 0.5, 0.5]
		},
		"fixed": {
			"rotation": [-90, 0, 0],
			"translation": [0, 0, -6.5],
			"scale": [0.8, 0.8, 0.8]
		}
	}
}