{
	"format_version": "1.21.6",
	"texture_size": [128, 128],
	"textures": {
		"1": "wooden_set_1"
	},
	"elements": [
		{
			"name": "dyeable",
			"from": [13, 9, 8],
			"to": [13.01, 14, 12],
			"rotation": {"angle": 0, "axis": "y", "origin": [7.98482, 11.5, 7.99268]},
			"faces": {
				"east": {"uv": [0.125, 4.875, 0.625, 5.5], "texture": "#1", "tintindex": 0},
				"west": {"uv": [2.625, 4.875, 3.125, 5.5], "texture": "#1", "tintindex": 0},
				"down": {"uv": [0, 0.25, 0, 0.25], "texture": "#1"}
			}
		},
		{
			"name": "dyeable",
			"from": [13, 9, 4],
			"to": [13.01, 14, 8],
			"rotation": {"angle": 0, "axis": "y", "origin": [7.98482, 11.5, 7.99268]},
			"faces": {
				"east": {"uv": [2.625, 4.875, 3.125, 5.5], "texture": "#1", "tintindex": 0},
				"west": {"uv": [0.125, 4.875, 0.625, 5.5], "texture": "#1", "tintindex": 0},
				"down": {"uv": [0, 0.25, 0, 0.25], "texture": "#1"}
			}
		},
		{
			"name": "dyeable",
			"from": [3, 9, 8],
			"to": [3.01, 14, 12],
			"rotation": {"angle": 0, "axis": "y", "origin": [7.98482, 11.5, 7.99268]},
			"faces": {
				"east": {"uv": [0.125, 4.875, 0.625, 5.5], "texture": "#1", "tintindex": 0},
				"west": {"uv": [2.625, 4.875, 3.125, 5.5], "texture": "#1", "tintindex": 0},
				"down": {"uv": [0, 0.25, 0, 0.25], "texture": "#1"}
			}
		},
		{
			"name": "dyeable",
			"from": [3, 9, 4],
			"to": [3.01, 14, 8],
			"rotation": {"angle": 0, "axis": "y", "origin": [7.98482, 11.5, 7.99268]},
			"faces": {
				"east": {"uv": [2.625, 4.875, 3.125, 5.5], "texture": "#1", "tintindex": 0},
				"west": {"uv": [0.125, 4.875, 0.625, 5.5], "texture": "#1", "tintindex": 0},
				"down": {"uv": [0, 0.25, 0, 0.25], "texture": "#1"}
			}
		},
		{
			"name": "dyeable",
			"from": [4, 9, 13],
			"to": [8, 14, 13.01],
			"rotation": {"angle": 0, "axis": "y", "origin": [7.98482, 11.5, 7.99268]},
			"faces": {
				"north": {"uv": [2.625, 4.875, 3.125, 5.5], "texture": "#1", "tintindex": 0},
				"south": {"uv": [0.125, 4.875, 0.625, 5.5], "texture": "#1", "tintindex": 0},
				"down": {"uv": [0, 0.25, 0, 0.25], "texture": "#1"}
			}
		},
		{
			"name": "dyeable",
			"from": [8, 9, 13],
			"to": [12, 14, 13.01],
			"rotation": {"angle": 0, "axis": "y", "origin": [7.98482, 11.5, 7.99268]},
			"faces": {
				"north": {"uv": [0.125, 4.875, 0.625, 5.5], "texture": "#1", "tintindex": 0},
				"east": {"uv": [0, 0.25, 0, 0.25], "texture": "#1"},
				"south": {"uv": [2.625, 4.875, 3.125, 5.5], "texture": "#1", "tintindex": 0},
				"down": {"uv": [0, 0.25, 0, 0.25], "texture": "#1"}
			}
		},
		{
			"name": "dyeable",
			"from": [8, 9, 3],
			"to": [12, 14, 3.01],
			"rotation": {"angle": 0, "axis": "y", "origin": [7.98482, 11.5, 7.99268]},
			"faces": {
				"north": {"uv": [0.125, 4.875, 0.625, 5.5], "texture": "#1", "tintindex": 0},
				"east": {"uv": [0, 0.25, 0, 0.25], "texture": "#1"},
				"south": {"uv": [2.625, 4.875, 3.125, 5.5], "texture": "#1", "tintindex": 0},
				"down": {"uv": [0, 0.25, 0, 0.25], "texture": "#1"}
			}
		},
		{
			"name": "dyeable",
			"from": [4, 9, 3],
			"to": [8, 14, 3.01],
			"rotation": {"angle": 0, "axis": "y", "origin": [7.98482, 11.5, 7.99268]},
			"faces": {
				"north": {"uv": [2.625, 4.875, 3.125, 5.5], "texture": "#1", "tintindex": 0},
				"south": {"uv": [0.125, 4.875, 0.625, 5.5], "texture": "#1", "tintindex": 0},
				"down": {"uv": [0, 0.25, 0, 0.25], "texture": "#1"}
			}
		},
		{
			"name": "dyeable",
			"from": [0, 14, 0],
			"to": [16, 16, 16],
			"rotation": {"angle": 0, "axis": "y", "origin": [7.99857, 10.71429, -0.00875]},
			"faces": {
				"north": {"uv": [2.25, 4.375, 4.25, 4.625], "texture": "#1", "tintindex": 0},
				"east": {"uv": [0.125, 4.375, 2.125, 4.625], "texture": "#1", "tintindex": 0},
				"south": {"uv": [2.25, 4.375, 4.25, 4.625], "texture": "#1", "tintindex": 0},
				"west": {"uv": [0.125, 4.375, 2.125, 4.625], "texture": "#1", "tintindex": 0},
				"up": {"uv": [6.5, 0, 8.5, 2], "rotation": 90, "texture": "#1", "tintindex": 0},
				"down": {"uv": [6.5, 0, 8.5, 2], "rotation": 90, "texture": "#1", "tintindex": 0}
			}
		},
		{
			"from": [11.98982, 5, 1.99268],
			"to": [13.98982, 14, 3.99268],
			"rotation": {"angle": 0, "axis": "y", "origin": [7.99857, 10.71429, -0.00875]},
			"faces": {
				"north": {"uv": [0.5, 5.75, 0.75, 6.875], "texture": "#1", "tintindex": 0},
				"east": {"uv": [0.625, 5.75, 0.875, 6.875], "texture": "#1", "tintindex": 0},
				"south": {"uv": [0.625, 5.75, 0.375, 6.875], "texture": "#1", "tintindex": 0},
				"west": {"uv": [0.625, 5.75, 0.875, 6.875], "texture": "#1", "tintindex": 0},
				"down": {"uv": [4.0625, 5.125, 4.1875, 4.875], "rotation": 90, "texture": "#1", "tintindex": 0}
			}
		},
		{
			"from": [11.98982, 0, 2.99268],
			"to": [12.98982, 5, 3.99268],
			"rotation": {"angle": 0, "axis": "y", "origin": [32.99857, 5.71429, -0.00875]},
			"faces": {
				"north": {"uv": [0.25, 7.25, 0.3125, 7.5625], "texture": "#1", "tintindex": 0},
				"east": {"uv": [0.3125, 7.25, 0.25, 7.5625], "texture": "#1", "tintindex": 0},
				"south": {"uv": [0.25, 7.25, 0.3125, 7.5625], "texture": "#1", "tintindex": 0},
				"west": {"uv": [0.3125, 7.25, 0.25, 7.5625], "texture": "#1", "tintindex": 0},
				"down": {"uv": [0.4375, 7.375, 0.5, 7.4375], "rotation": 90, "texture": "#1", "tintindex": 0}
			}
		},
		{
			"from": [2.9898, 0, 2.99268],
			"to": [3.9898, 5, 3.99268],
			"rotation": {"angle": 0, "axis": "y", "origin": [3.73982, 6, 3.24268]},
			"faces": {
				"north": {"uv": [0.3125, 7.25, 0.25, 7.5625], "texture": "#1", "tintindex": 0},
				"east": {"uv": [0.25, 7.25, 0.3125, 7.5625], "texture": "#1", "tintindex": 0},
				"south": {"uv": [0.3125, 7.25, 0.25, 7.5625], "texture": "#1", "tintindex": 0},
				"west": {"uv": [0.25, 7.25, 0.3125, 7.5625], "texture": "#1", "tintindex": 0},
				"down": {"uv": [0.4375, 7.375, 0.5, 7.4375], "rotation": 180, "texture": "#1", "tintindex": 0}
			}
		},
		{
			"from": [1.9898, 5, 1.99268],
			"to": [3.9898, 14, 3.99268],
			"rotation": {"angle": 0, "axis": "y", "origin": [2.73982, 6, 3.24268]},
			"faces": {
				"north": {"uv": [0.625, 5.75, 0.875, 6.875], "texture": "#1", "tintindex": 0},
				"east": {"uv": [0.625, 5.75, 0.375, 6.875], "texture": "#1", "tintindex": 0},
				"south": {"uv": [0.625, 5.75, 0.875, 6.875], "texture": "#1", "tintindex": 0},
				"west": {"uv": [0.5, 5.75, 0.75, 6.875], "texture": "#1", "tintindex": 0},
				"down": {"uv": [4.0625, 5.125, 4.1875, 4.875], "rotation": 180, "texture": "#1", "tintindex": 0}
			}
		},
		{
			"from": [2.9898, 0, 11.9927],
			"to": [3.9898, 5, 12.9927],
			"rotation": {"angle": 0, "axis": "y", "origin": [3.73982, 6, 12.24268]},
			"faces": {
				"north": {"uv": [0.25, 7.25, 0.3125, 7.5625], "texture": "#1", "tintindex": 0},
				"east": {"uv": [0.3125, 7.25, 0.25, 7.5625], "texture": "#1", "tintindex": 0},
				"south": {"uv": [0.25, 7.25, 0.3125, 7.5625], "texture": "#1", "tintindex": 0},
				"west": {"uv": [0.3125, 7.25, 0.25, 7.5625], "texture": "#1", "tintindex": 0},
				"down": {"uv": [0.4375, 7.375, 0.5, 7.4375], "rotation": 270, "texture": "#1", "tintindex": 0}
			}
		},
		{
			"from": [1.9898, 5, 11.9927],
			"to": [3.9898, 14, 13.9927],
			"rotation": {"angle": 0, "axis": "y", "origin": [2.73982, 6, 12.24268]},
			"faces": {
				"north": {"uv": [0.625, 5.75, 0.375, 6.875], "texture": "#1", "tintindex": 0},
				"east": {"uv": [0.625, 5.75, 0.875, 6.875], "texture": "#1", "tintindex": 0},
				"south": {"uv": [0.5, 5.75, 0.75, 6.875], "texture": "#1", "tintindex": 0},
				"west": {"uv": [0.625, 5.75, 0.875, 6.875], "texture": "#1", "tintindex": 0},
				"down": {"uv": [4.0625, 5.125, 4.1875, 4.875], "rotation": 270, "texture": "#1", "tintindex": 0}
			}
		},
		{
			"from": [11.98982, 0, 11.9927],
			"to": [12.98982, 5, 12.9927],
			"rotation": {"angle": 0, "axis": "y", "origin": [12.73982, 6, 12.24268]},
			"faces": {
				"north": {"uv": [0.3125, 7.25, 0.25, 7.5625], "texture": "#1", "tintindex": 0},
				"east": {"uv": [0.25, 7.25, 0.3125, 7.5625], "texture": "#1", "tintindex": 0},
				"south": {"uv": [0.3125, 7.25, 0.25, 7.5625], "texture": "#1", "tintindex": 0},
				"west": {"uv": [0.25, 7.25, 0.3125, 7.5625], "texture": "#1", "tintindex": 0},
				"down": {"uv": [0.4375, 7.375, 0.5, 7.4375], "texture": "#1", "tintindex": 0}
			}
		},
		{
			"from": [11.98982, 5, 11.9927],
			"to": [13.98982, 14, 13.9927],
			"rotation": {"angle": 0, "axis": "y", "origin": [12.73982, 6, 12.24268]},
			"faces": {
				"north": {"uv": [0.625, 5.75, 0.875, 6.875], "texture": "#1", "tintindex": 0},
				"east": {"uv": [0.5, 5.75, 0.75, 6.875], "texture": "#1", "tintindex": 0},
				"south": {"uv": [0.625, 5.75, 0.875, 6.875], "texture": "#1", "tintindex": 0},
				"west": {"uv": [0.625, 5.75, 0.375, 6.875], "texture": "#1", "tintindex": 0},
				"down": {"uv": [4.0625, 5.125, 4.1875, 4.875], "texture": "#1", "tintindex": 0}
			}
		}
	],
	"display": {
		"thirdperson_righthand": {
			"rotation": [68, 0, 0],
			"translation": [0, 1.5, -3.5],
			"scale": [0.375, 0.375, 0.375]
		},
		"thirdperson_lefthand": {
			"rotation": [68, 0, 0],
			"translation": [0, 1.5, -3.5],
			"scale": [0.375, 0.375, 0.375]
		},
		"firstperson_righthand": {
			"translation": [1, 0, 0.5],
			"scale": [0.4, 0.4, 0.4]
		},
		"firstperson_lefthand": {
			"translation": [1, 0, 0.5],
			"scale": [0.4, 0.4, 0.4]
		},
		"ground": {
			"translation": [0, 3, 0],
			"scale": [0.25, 0.25, 0.25]
		},
		"gui": {
			"rotation": [30, -135, 0],
			"translation": [0, -1.5, 0],
			"scale": [0.5, 0.5, 0.5]
		},
		"head": {
			"translation": [0, 15.1, 0]
		},
		"fixed": {
			"rotation": [-90, 0, 0],
			"translation": [0, 0, -16],
			"scale": [2, 2, 2]
		}
	}
}