{
	"format_version": "1.21.6",
	"parent": "projecteden/decoration/furniture/beds/template_bed_double",
	"texture_size": [128, 128],
	"textures": {
		"0": "projecteden/vanilla/entity/bed_red",
		"2": "wooden_set_1",
		"particle": "projecteden/vanilla/entity/bed_red"
	},
	"elements": [
		{
			"name": "pillow",
			"from": [10.025, 8, -7],
			"to": [22.025, 11, -1],
			"rotation": {"angle": 22.5, "axis": "x", "origin": [0.525, 9.5, -4]},
			"faces": {
				"north": {"uv": [2, 1.75, 5, 2], "texture": "#0"},
				"east": {"uv": [4.75, 1.75, 5, 3.25], "texture": "#0"},
				"south": {"uv": [2, 3, 5, 3.25], "texture": "#0"},
				"west": {"uv": [2, 1.75, 2.25, 3.25], "texture": "#0"},
				"up": {"uv": [2, 1.75, 5, 3.25], "texture": "#0"}
			}
		},
		{
			"name": "pillow",
			"from": [-6, 8.025, -7],
			"to": [6, 11.025, -1],
			"rotation": {"angle": 22.5, "axis": "x", "origin": [0, 9.525, -4]},
			"faces": {
				"north": {"uv": [2, 1.75, 5, 2], "texture": "#0"},
				"east": {"uv": [4.75, 1.75, 5, 3.25], "texture": "#0"},
				"south": {"uv": [2, 3, 5, 3.25], "texture": "#0"},
				"west": {"uv": [2, 1.75, 2.25, 3.25], "texture": "#0"},
				"up": {"uv": [2, 1.75, 5, 3.25], "texture": "#0"}
			}
		},
		{
			"from": [20.975, -0.025, 20.975],
			"to": [24.475, 14, 24.475],
			"faces": {
				"north": {"uv": [9.125, 0, 9.5, 1.75], "texture": "#2", "tintindex": 0},
				"east": {"uv": [9.5, 0, 9.125, 1.75], "texture": "#2", "tintindex": 0},
				"south": {"uv": [9.125, 0, 9.5, 1.75], "texture": "#2", "tintindex": 0},
				"west": {"uv": [9.5, 0, 9.125, 1.75], "texture": "#2", "tintindex": 0},
				"up": {"uv": [1.375, 5.625, 1.75, 6], "texture": "#2", "tintindex": 0},
				"down": {"uv": [1.85, 5.625, 2.225, 6], "texture": "#2", "tintindex": 0}
			}
		},
		{
			"from": [-8.475, -0.025, -8.475],
			"to": [-4.975, 21, -4.975],
			"faces": {
				"north": {"uv": [8.625, 0, 9, 2.625], "texture": "#2", "tintindex": 0},
				"east": {"uv": [8.625, 0, 9, 2.625], "texture": "#2", "tintindex": 0},
				"south": {"uv": [8.625, 0, 9, 2.625], "texture": "#2", "tintindex": 0},
				"west": {"uv": [9, 0, 8.625, 2.625], "texture": "#2", "tintindex": 0},
				"up": {"uv": [1.375, 5.625, 1.75, 6], "texture": "#2", "tintindex": 0},
				"down": {"uv": [1.875, 5.625, 2.25, 6], "texture": "#2", "tintindex": 0}
			}
		},
		{
			"from": [-8.475, -0.025, 20.975],
			"to": [-4.975, 14, 24.475],
			"faces": {
				"north": {"uv": [9.5, 0, 9.125, 1.75], "texture": "#2", "tintindex": 0},
				"east": {"uv": [9.125, 0, 9.5, 1.75], "texture": "#2", "tintindex": 0},
				"south": {"uv": [9.5, 0, 9.125, 1.75], "texture": "#2", "tintindex": 0},
				"west": {"uv": [9.125, 0, 9.5, 1.75], "texture": "#2", "tintindex": 0},
				"up": {"uv": [1.375, 5.625, 1.75, 6], "texture": "#2", "tintindex": 0},
				"down": {"uv": [1.875, 5.625, 2.25, 6], "texture": "#2", "tintindex": 0}
			}
		},
		{
			"from": [4.975, -0.05, 20.725],
			"to": [11.025, 4.975, 24.225],
			"rotation": {"angle": 0, "axis": "y", "origin": [0, 0, -0.25]},
			"faces": {
				"north": {"uv": [7.25, 0.625, 7.875, 1.375], "rotation": 90, "texture": "#2", "tintindex": 0},
				"east": {"uv": [7.25, 0.875, 7.875, 1.25], "rotation": 90, "texture": "#2", "tintindex": 0},
				"south": {"uv": [7.25, 0.625, 7.875, 1.375], "rotation": 90, "texture": "#2", "tintindex": 0},
				"west": {"uv": [7.25, 0.75, 7.875, 1.125], "rotation": 90, "texture": "#2", "tintindex": 0},
				"down": {"uv": [1, 4.375, 1.75, 4.75], "texture": "#2", "tintindex": 0}
			}
		},
		{
			"from": [4.975, 4.30188, 23.09996],
			"to": [11.025, 5.30188, 24.09996],
			"rotation": {"angle": -45, "axis": "x", "origin": [8.025, 4.78938, 23.34996]},
			"faces": {
				"east": {"uv": [5.25, 10.375, 5.375, 10.5], "texture": "#2", "tintindex": 0},
				"south": {"uv": [7.25, 0.625, 7.375, 1.375], "rotation": 90, "texture": "#2", "tintindex": 0},
				"west": {"uv": [4.625, 10.375, 4.75, 10.5], "texture": "#2", "tintindex": 0},
				"up": {"uv": [6.125, 14.5, 6.875, 14.625], "texture": "#2", "tintindex": 0}
			}
		},
		{
			"from": [4.975, -0.05, -8.225],
			"to": [11.025, 4.975, -4.725],
			"rotation": {"angle": 0, "axis": "y", "origin": [0, 0, 16.25]},
			"faces": {
				"north": {"uv": [7.25, 1.375, 7.875, 0.625], "rotation": 90, "texture": "#2", "tintindex": 0},
				"east": {"uv": [7.25, 1.25, 7.875, 0.875], "rotation": 90, "texture": "#2", "tintindex": 0},
				"south": {"uv": [7.25, 1.375, 7.875, 0.625], "rotation": 90, "texture": "#2", "tintindex": 0},
				"west": {"uv": [7.25, 1.25, 7.875, 0.875], "rotation": 90, "texture": "#2", "tintindex": 0},
				"down": {"uv": [1.125, 4.75, 1.875, 4.375], "texture": "#2", "tintindex": 0}
			}
		},
		{
			"from": [4.975, 4.30188, -8.09996],
			"to": [11.025, 5.30188, -7.09996],
			"rotation": {"angle": 45, "axis": "x", "origin": [8.025, 4.78938, -7.34996]},
			"faces": {
				"north": {"uv": [7.25, 0.625, 7.375, 1.375], "rotation": 90, "texture": "#2", "tintindex": 0},
				"east": {"uv": [3.5, 10.375, 3.375, 10.5], "texture": "#2", "tintindex": 0},
				"west": {"uv": [4.125, 10.375, 4, 10.5], "texture": "#2", "tintindex": 0},
				"up": {"uv": [6.125, 14.625, 6.875, 14.5], "texture": "#2", "tintindex": 0}
			}
		},
		{
			"from": [-4.975, 3.025, -8.025],
			"to": [20.975, 12.025, -7.025],
			"faces": {
				"north": {"uv": [5.125, 0.375, 6.25, 3.625], "rotation": 90, "texture": "#2", "tintindex": 0},
				"south": {"uv": [4.625, 0.25, 5.75, 3.5], "rotation": 90, "texture": "#2", "tintindex": 0},
				"up": {"uv": [4.625, 0.25, 4.75, 3.5], "rotation": 90, "texture": "#2", "tintindex": 0},
				"down": {"uv": [0.125, 8.5, 0.125, 8.5], "texture": "#2"}
			}
		},
		{
			"from": [-4.975, 3, 23.025],
			"to": [20.975, 10.025, 24.025],
			"faces": {
				"north": {"uv": [4.625, 0.375, 5.5, 3.625], "rotation": 90, "texture": "#2", "tintindex": 0},
				"south": {"uv": [2.875, 0.5, 3.75, 3.75], "rotation": 90, "texture": "#2", "tintindex": 0},
				"up": {"uv": [5.125, 0.375, 5.25, 3.625], "rotation": 90, "texture": "#2", "tintindex": 0},
				"down": {"uv": [0.125, 8.5, 0.125, 8.5], "texture": "#2"}
			}
		},
		{
			"from": [-8.25, 2.975, -8],
			"to": [24.25, 5.05, 23.95],
			"rotation": {"angle": 0, "axis": "y", "origin": [-7.75, 4, 7.525]},
			"faces": {
				"north": {"uv": [4.5, 0, 6.25625, 0.25], "texture": "#2", "tintindex": 0},
				"east": {"uv": [4.375, 0.125, 4.625, 3.875], "rotation": 90, "texture": "#2", "tintindex": 0},
				"south": {"uv": [4.5, 0, 6.25625, 0.25], "texture": "#2", "tintindex": 0},
				"west": {"uv": [4.375, 0.125, 4.625, 3.875], "rotation": 90, "texture": "#2", "tintindex": 0},
				"up": {"uv": [0.125, 0.125, 4.125, 4.125], "texture": "#2", "tintindex": 0},
				"down": {"uv": [0.125, 0.125, 4.125, 4.125], "texture": "#2", "tintindex": 0}
			}
		},
		{
			"from": [-4.975, 12.025, -7.525],
			"to": [20.975, 21.025, -7.525],
			"rotation": {"angle": 0, "axis": "y", "origin": [0, 9, 0]},
			"faces": {
				"north": {"uv": [4.75, 4.875, 8, 6], "texture": "#2", "tintindex": 0},
				"south": {"uv": [4.75, 4.875, 8, 6], "texture": "#2", "tintindex": 0},
				"up": {"uv": [0.125, 8.5, 3.375, 8.625], "texture": "#2", "tintindex": 0},
				"down": {"uv": [0.125, 8.5, 0.125, 8.5], "texture": "#2"}
			}
		},
		{
			"from": [21.025, -0.025, -8.475],
			"to": [24.525, 21, -4.975],
			"rotation": {"angle": 0, "axis": "y", "origin": [23.275, 10.4875, -6.725]},
			"faces": {
				"north": {"uv": [9, 0, 8.625, 2.625], "texture": "#2", "tintindex": 0},
				"east": {"uv": [8.625, 0, 9, 2.625], "texture": "#2", "tintindex": 0},
				"south": {"uv": [8.625, 0, 9, 2.625], "texture": "#2", "tintindex": 0},
				"west": {"uv": [8.625, 0, 9, 2.625], "texture": "#2", "tintindex": 0},
				"up": {"uv": [1.375, 5.625, 1.75, 6], "rotation": 90, "texture": "#2", "tintindex": 0},
				"down": {"uv": [1.875, 5.625, 2.25, 6], "rotation": 270, "texture": "#2", "tintindex": 0}
			}
		},
		{
			"from": [-4.975, 7.025, 23.475],
			"to": [20.975, 16.025, 23.475],
			"rotation": {"angle": 0, "axis": "y", "origin": [0, 4, 31]},
			"faces": {
				"north": {"uv": [4.75, 4.875, 8, 6], "texture": "#2", "tintindex": 0},
				"south": {"uv": [4.75, 4.875, 8, 6], "texture": "#2", "tintindex": 0},
				"up": {"uv": [0.125, 8.5, 3.375, 8.625], "texture": "#2", "tintindex": 0},
				"down": {"uv": [0.125, 8.5, 0.125, 8.5], "texture": "#2"}
			}
		},
		{
			"from": [-8.475, 20.975, -8.475],
			"to": [-5.975, 23, -5.975],
			"rotation": {"angle": 0, "axis": "y", "origin": [-1, 11, 0]},
			"faces": {
				"north": {"uv": [8.625, 0.25, 8.875, 0.5], "rotation": 90, "texture": "#2", "tintindex": 0},
				"east": {"uv": [8.625, 0.25, 8.875, 0.5], "rotation": 90, "texture": "#2", "tintindex": 0},
				"south": {"uv": [8.625, 0.25, 8.875, 0.5], "rotation": 90, "texture": "#2", "tintindex": 0},
				"west": {"uv": [8.625, 0.625, 8.875, 0.375], "rotation": 90, "texture": "#2", "tintindex": 0},
				"up": {"uv": [4.375, 4.875, 4.625, 5.125], "texture": "#2", "tintindex": 0}
			}
		},
		{
			"from": [22.025, 20.975, -8.475],
			"to": [24.525, 23, -5.975],
			"rotation": {"angle": 0, "axis": "y", "origin": [23.775, 21.9875, -7.225]},
			"faces": {
				"north": {"uv": [8.625, 0.625, 8.875, 0.375], "rotation": 90, "texture": "#2", "tintindex": 0},
				"east": {"uv": [8.625, 0.25, 8.875, 0.5], "rotation": 90, "texture": "#2", "tintindex": 0},
				"south": {"uv": [8.625, 0.25, 8.875, 0.5], "rotation": 90, "texture": "#2", "tintindex": 0},
				"west": {"uv": [8.625, 0.25, 8.875, 0.5], "rotation": 90, "texture": "#2", "tintindex": 0},
				"up": {"uv": [4.375, 4.875, 4.625, 5.125], "rotation": 90, "texture": "#2", "tintindex": 0}
			}
		},
		{
			"from": [22.025, 13.975, 22.025],
			"to": [24.525, 16, 24.525],
			"rotation": {"angle": 0, "axis": "y", "origin": [23.775, 14.9875, 23.775]},
			"faces": {
				"north": {"uv": [8.625, 0.625, 8.875, 0.375], "rotation": 90, "texture": "#2", "tintindex": 0},
				"east": {"uv": [8.625, 0.25, 8.875, 0.5], "rotation": 90, "texture": "#2", "tintindex": 0},
				"south": {"uv": [8.625, 0.5, 8.875, 0.25], "rotation": 90, "texture": "#2", "tintindex": 0},
				"west": {"uv": [8.625, 0.25, 8.875, 0.5], "rotation": 90, "texture": "#2", "tintindex": 0},
				"up": {"uv": [4.375, 4.875, 4.625, 5.125], "rotation": 90, "texture": "#2", "tintindex": 0}
			}
		},
		{
			"from": [-8.475, 13.975, 22.025],
			"to": [-5.975, 16, 24.525],
			"rotation": {"angle": 0, "axis": "y", "origin": [-1, 4, 31]},
			"faces": {
				"north": {"uv": [8.625, 0.25, 8.875, 0.5], "rotation": 90, "texture": "#2", "tintindex": 0},
				"east": {"uv": [8.625, 0.25, 8.875, 0.5], "rotation": 90, "texture": "#2", "tintindex": 0},
				"south": {"uv": [8.625, 0.5, 8.875, 0.25], "rotation": 90, "texture": "#2", "tintindex": 0},
				"west": {"uv": [8.625, 0.625, 8.875, 0.375], "rotation": 90, "texture": "#2", "tintindex": 0},
				"up": {"uv": [4.375, 4.875, 4.625, 5.125], "texture": "#2", "tintindex": 0}
			}
		}
	]
}