{
	"format_version": "1.21.6",
	"texture_size": [128, 128],
	"textures": {
		"0": "handle_steel - Copy",
		"1": "wardrobe - Copy",
		"particle": "handle_steel - Copy"
	},
	"elements": [
		{
			"from": [-14.25, -12, 1],
			"to": [14.75, 32, 15],
			"rotation": {"angle": 0, "axis": "y", "origin": [0.25, -1.9975, 7.25]},
			"faces": {
				"north": {"uv": [0, 0, 3.625, 5.5], "texture": "#1", "tintindex": 0},
				"east": {"uv": [7.5, 0, 9.25, 5.5], "texture": "#1", "tintindex": 0},
				"south": {"uv": [3.75, 0, 7.375, 5.5], "texture": "#1", "tintindex": 0},
				"west": {"uv": [7.5, 0, 9.25, 5.5], "texture": "#1", "tintindex": 0},
				"up": {"uv": [0, 7.5, 3.625, 9.25], "texture": "#1", "tintindex": 0},
				"down": {"uv": [0, 7.375, 3.625, 5.625], "texture": "#1", "tintindex": 0}
			}
		},
		{
			"from": [0.75, -9.5, 0.5],
			"to": [12.25, 29.5, 1],
			"rotation": {"angle": -22.5, "axis": "y", "origin": [12.125, 10, 0.625]},
			"faces": {
				"north": {"uv": [3.25, 0.375, 1.875, 5.125], "texture": "#1", "tintindex": 0},
				"east": {"uv": [3.125, 0.375, 3.25, 5.125], "texture": "#1", "tintindex": 0},
				"south": {"uv": [1.875, 0.375, 3.25, 5.125], "texture": "#1"},
				"west": {"uv": [1.875, 0.375, 2, 5.125], "texture": "#1", "tintindex": 0},
				"up": {"uv": [1.875, 0.375, 3.25, 0.5], "texture": "#1", "tintindex": 0},
				"down": {"uv": [1.875, 5, 3.25, 5.125], "texture": "#1", "tintindex": 0}
			}
		},
		{
			"from": [-11.75, -9.5, 0.5],
			"to": [-0.25, 29.5, 1],
			"rotation": {"angle": 0, "axis": "y", "origin": [0.25, -1.9975, 7.25]},
			"faces": {
				"north": {"uv": [1.875, 0.375, 3.25, 5.125], "texture": "#1", "tintindex": 0},
				"east": {"uv": [1.875, 0.375, 2, 5.125], "texture": "#1", "tintindex": 0},
				"west": {"uv": [3.125, 0.375, 3.25, 5.125], "texture": "#1", "tintindex": 0},
				"up": {"uv": [1.875, 0.375, 3.25, 0.5], "texture": "#1", "tintindex": 0},
				"down": {"uv": [1.875, 5, 3.25, 5.125], "texture": "#1", "tintindex": 0}
			}
		},
		{
			"name": "handle",
			"from": [1.25, 7, 0],
			"to": [2.25, 13, 1],
			"rotation": {"angle": -22.5, "axis": "y", "origin": [12.125, 10, 0.625]},
			"faces": {
				"north": {"uv": [0, 0, 1, 6], "texture": "#0"},
				"east": {"uv": [0, 0, 1, 6], "texture": "#0"},
				"west": {"uv": [0, 0, 1, 6], "texture": "#0"},
				"up": {"uv": [0, 0, 1, 1], "texture": "#0"},
				"down": {"uv": [0, 6, 1, 5], "texture": "#0"}
			}
		},
		{
			"name": "handle",
			"from": [-1.75, 7, 0],
			"to": [-0.75, 13, 1],
			"rotation": {"angle": 0, "axis": "y", "origin": [0.25, -1.9975, 7.25]},
			"faces": {
				"north": {"uv": [0, 0, 1, 6], "texture": "#0"},
				"east": {"uv": [0, 0, 1, 6], "texture": "#0"},
				"west": {"uv": [0, 0, 1, 6], "texture": "#0"},
				"up": {"uv": [0, 0, 1, 1], "texture": "#0"},
				"down": {"uv": [0, 6, 1, 5], "texture": "#0"}
			}
		},
		{
			"name": "leg",
			"from": [12.74, -14, 0.99],
			"to": [14.76, -11.99, 3.01],
			"rotation": {"angle": 0, "axis": "y", "origin": [0.25, -1.9975, 7.25]},
			"faces": {
				"north": {"uv": [15.75, 0, 16, 0.25], "texture": "#1", "tintindex": 0},
				"east": {"uv": [15.75, 0, 16, 0.25], "texture": "#1", "tintindex": 0},
				"south": {"uv": [15.75, 0, 16, 0.25], "texture": "#1", "tintindex": 0},
				"west": {"uv": [15.75, 0, 16, 0.25], "texture": "#1", "tintindex": 0},
				"down": {"uv": [15.75, 0.375, 16, 0.5], "texture": "#1", "tintindex": 0}
			}
		},
		{
			"name": "leg",
			"from": [-14.26, -14, 0.99],
			"to": [-12.24, -11.99, 3.01],
			"rotation": {"angle": 0, "axis": "y", "origin": [0.25, -1.9975, 7.25]},
			"faces": {
				"north": {"uv": [15.75, 0, 16, 0.25], "texture": "#1", "tintindex": 0},
				"east": {"uv": [15.75, 0, 16, 0.25], "texture": "#1", "tintindex": 0},
				"south": {"uv": [15.75, 0, 16, 0.25], "texture": "#1", "tintindex": 0},
				"west": {"uv": [15.75, 0, 16, 0.25], "texture": "#1", "tintindex": 0},
				"down": {"uv": [15.75, 0.375, 16, 0.5], "texture": "#1", "tintindex": 0}
			}
		},
		{
			"name": "leg",
			"from": [-14.26, -14, 12.99],
			"to": [-12.24, -11.99, 15.01],
			"rotation": {"angle": 0, "axis": "y", "origin": [0.25, -1.9975, 7.25]},
			"faces": {
				"north": {"uv": [15.75, 0, 16, 0.25], "texture": "#1", "tintindex": 0},
				"east": {"uv": [15.75, 0, 16, 0.25], "texture": "#1", "tintindex": 0},
				"south": {"uv": [15.75, 0, 16, 0.25], "texture": "#1", "tintindex": 0},
				"west": {"uv": [15.75, 0, 16, 0.25], "texture": "#1", "tintindex": 0},
				"down": {"uv": [15.75, 0.375, 16, 0.5], "texture": "#1", "tintindex": 0}
			}
		},
		{
			"name": "leg",
			"from": [12.74, -14, 12.99],
			"to": [14.76, -11.99, 15.01],
			"rotation": {"angle": 0, "axis": "y", "origin": [0.25, -1.9975, 7.25]},
			"faces": {
				"north": {"uv": [15.75, 0, 16, 0.25], "texture": "#1", "tintindex": 0},
				"east": {"uv": [15.75, 0, 16, 0.25], "texture": "#1", "tintindex": 0},
				"south": {"uv": [15.75, 0, 16, 0.25], "texture": "#1", "tintindex": 0},
				"west": {"uv": [15.75, 0, 16, 0.25], "texture": "#1", "tintindex": 0},
				"down": {"uv": [15.75, 0.375, 16, 0.5], "texture": "#1", "tintindex": 0}
			}
		},
		{
			"from": [2.75, 14, 0.75],
			"to": [3.75, 15, 0.75],
			"light_emission": 15,
			"rotation": {"angle": 0, "axis": "y", "origin": [3, 14, 0]},
			"faces": {
				"north": {"uv": [3.75, 5.625, 3.875, 5.75], "texture": "#1"},
				"east": {"uv": [0, 0, 0, 0.125], "texture": "#missing"},
				"west": {"uv": [0, 0, 0, 0.125], "texture": "#missing"},
				"up": {"uv": [0, 0, 0.125, 0], "texture": "#missing"},
				"down": {"uv": [0, 0, 0.125, 0], "texture": "#missing"}
			}
		},
		{
			"from": [6.75, 14, 0.75],
			"to": [7.75, 15, 0.75],
			"light_emission": 15,
			"rotation": {"angle": 0, "axis": "y", "origin": [7, 14, 0]},
			"faces": {
				"north": {"uv": [3.75, 5.625, 3.875, 5.75], "texture": "#1"},
				"east": {"uv": [0, 0, 0, 0.125], "texture": "#missing"},
				"west": {"uv": [0, 0, 0, 0.125], "texture": "#missing"},
				"up": {"uv": [0, 0, 0.125, 0], "texture": "#missing"},
				"down": {"uv": [0, 0, 0.125, 0], "texture": "#missing"}
			}
		},
		{
			"name": "leg",
			"from": [-13.26, -16, 1.99],
			"to": [-12.24, -13.99, 3.01],
			"rotation": {"angle": 0, "axis": "y", "origin": [0.25, -3.9975, 7.25]},
			"faces": {
				"north": {"uv": [15.75, 0.25, 16, 0.5], "texture": "#1", "tintindex": 0},
				"east": {"uv": [15.75, 0.25, 16, 0.5], "texture": "#1", "tintindex": 0},
				"south": {"uv": [15.75, 0.25, 16, 0.5], "texture": "#1", "tintindex": 0},
				"west": {"uv": [15.75, 0.25, 16, 0.5], "texture": "#1", "tintindex": 0},
				"down": {"uv": [15.75, 0.375, 16, 0.5], "texture": "#1", "tintindex": 0}
			}
		},
		{
			"name": "leg",
			"from": [-13.26, -16, 12.99],
			"to": [-12.24, -13.99, 14.01],
			"rotation": {"angle": 0, "axis": "y", "origin": [0.25, -3.9975, 18.25]},
			"faces": {
				"north": {"uv": [15.75, 0.25, 16, 0.5], "texture": "#1", "tintindex": 0},
				"east": {"uv": [15.75, 0.25, 16, 0.5], "texture": "#1", "tintindex": 0},
				"south": {"uv": [15.75, 0.25, 16, 0.5], "texture": "#1", "tintindex": 0},
				"west": {"uv": [15.75, 0.25, 16, 0.5], "texture": "#1", "tintindex": 0},
				"down": {"uv": [15.75, 0.375, 16, 0.5], "texture": "#1", "tintindex": 0}
			}
		},
		{
			"name": "leg",
			"from": [12.74, -16, 12.99],
			"to": [13.76, -13.99, 14.01],
			"rotation": {"angle": 0, "axis": "y", "origin": [26.25, -3.9975, 18.25]},
			"faces": {
				"north": {"uv": [15.75, 0.25, 16, 0.5], "texture": "#1", "tintindex": 0},
				"east": {"uv": [15.75, 0.25, 16, 0.5], "texture": "#1", "tintindex": 0},
				"south": {"uv": [15.75, 0.25, 16, 0.5], "texture": "#1", "tintindex": 0},
				"west": {"uv": [15.75, 0.25, 16, 0.5], "texture": "#1", "tintindex": 0},
				"down": {"uv": [15.75, 0.375, 16, 0.5], "texture": "#1", "tintindex": 0}
			}
		},
		{
			"name": "leg",
			"from": [12.74, -16, 1.99],
			"to": [13.76, -13.99, 3.01],
			"rotation": {"angle": 0, "axis": "y", "origin": [26.25, -3.9975, 7.25]},
			"faces": {
				"north": {"uv": [15.75, 0.25, 16, 0.5], "texture": "#1", "tintindex": 0},
				"east": {"uv": [15.75, 0.25, 16, 0.5], "texture": "#1", "tintindex": 0},
				"south": {"uv": [15.75, 0.25, 16, 0.5], "texture": "#1", "tintindex": 0},
				"west": {"uv": [15.75, 0.25, 16, 0.5], "texture": "#1", "tintindex": 0},
				"down": {"uv": [15.75, 0.375, 16, 0.5], "texture": "#1", "tintindex": 0}
			}
		}
	],
	"gui_light": "front",
	"display": {
		"thirdperson_righthand": {
			"rotation": [63, 34, 0],
			"translation": [0.5, 1, -1],
			"scale": [0.17579, 0.17579, 0.17579]
		},
		"thirdperson_lefthand": {
			"rotation": [63, 34, 0],
			"translation": [-1.5, -0.5, -1],
			"scale": [0.17579, 0.17579, 0.17579]
		},
		"firstperson_righthand": {
			"rotation": [3, 112, -13],
			"translation": [8, 1, -5.5],
			"scale": [0.15625, 0.15625, 0.15625]
		},
		"firstperson_lefthand": {
			"rotation": [3, 112, -13],
			"translation": [8, 1, -5.5],
			"scale": [0.15625, 0.15625, 0.15625]
		},
		"ground": {
			"translation": [1.5, 4.25, 0],
			"scale": [0.18164, 0.18164, 0.18164]
		},
		"gui": {
			"rotation": [30, -158, 0],
			"translation": [-2.25, -0.5, 0],
			"scale": [0.28281, 0.28281, 0.28281]
		},
		"head": {
			"translation": [0, -5, 0],
			"scale": [1.6, 1.6, 1.6]
		},
		"fixed": {
			"rotation": [-90, 0, 0],
			"translation": [0, 0, -48],
			"scale": [2, 2, 2]
		}
	}
}