{
	"format_version": "1.21.6",
	"texture_size": [64, 64],
	"textures": {
		"1": "wooden_set_1"
	},
	"elements": [
		{
			"name": "dyeable",
			"from": [0.01018, 14, -0.03857],
			"to": [16.01018, 16, 15.96143],
			"rotation": {"angle": 0, "axis": "y", "origin": [0.0008, 11, 15.95205]},
			"faces": {
				"north": {"uv": [4.25, 4.375, 2.25, 4.625], "texture": "#1", "tintindex": 0},
				"east": {"uv": [2.125, 4.375, 0.125, 4.625], "texture": "#1", "tintindex": 0},
				"west": {"uv": [2.125, 4.375, 0.125, 4.625], "texture": "#1", "tintindex": 0},
				"up": {"uv": [4.375, 2, 6.375, 0], "rotation": 180, "texture": "#1", "tintindex": 0},
				"down": {"uv": [4.375, 4, 6.375, 2], "rotation": 180, "texture": "#1", "tintindex": 0}
			}
		},
		{
			"name": "dyeable",
			"from": [13.01018, 9, 3.96143],
			"to": [13.02018, 14, 15.96143],
			"rotation": {"angle": 0, "axis": "y", "origin": [0.0008, 11, 15.95205]},
			"faces": {
				"east": {"uv": [1.625, 4.875, 0.125, 5.5], "texture": "#1", "tintindex": 0},
				"west": {"uv": [3.125, 4.875, 1.625, 5.5], "texture": "#1", "tintindex": 0},
				"down": {"uv": [0, 0.25, 0, 0.25], "rotation": 270, "texture": "#1"}
			}
		},
		{
			"name": "dyeable",
			"from": [13.01018, 9, 15.94107],
			"to": [13.02018, 14, 27.94107],
			"rotation": {"angle": 0, "axis": "y", "origin": [0.0008, 11, 15.95205]},
			"faces": {
				"east": {"uv": [0.125, 4.875, 1.625, 5.5], "texture": "#1", "tintindex": 0},
				"west": {"uv": [1.625, 4.875, 3.125, 5.5], "texture": "#1", "tintindex": 0},
				"down": {"uv": [0, 0.25, 0, 0.25], "rotation": 270, "texture": "#1"}
			}
		},
		{
			"name": "dyeable",
			"from": [4.01018, 9, 2.96143],
			"to": [8.01018, 14, 2.97143],
			"rotation": {"angle": 0, "axis": "y", "origin": [0.0008, 11, 15.95205]},
			"faces": {
				"north": {"uv": [0.625, 4.875, 0.125, 5.5], "texture": "#1", "tintindex": 0},
				"south": {"uv": [3.125, 4.875, 2.625, 5.5], "texture": "#1", "tintindex": 0},
				"down": {"uv": [0, 0.25, 0, 0.25], "rotation": 270, "texture": "#1"}
			}
		},
		{
			"name": "dyeable",
			"from": [8.01018, 9, 2.96143],
			"to": [12.01018, 14, 2.97143],
			"rotation": {"angle": 0, "axis": "y", "origin": [0.0008, 11, 15.95205]},
			"faces": {
				"north": {"uv": [3.125, 4.875, 2.625, 5.5], "texture": "#1", "tintindex": 0},
				"south": {"uv": [0.625, 4.875, 0.125, 5.5], "texture": "#1", "tintindex": 0},
				"down": {"uv": [0, 0.25, 0, 0.25], "rotation": 270, "texture": "#1"}
			}
		},
		{
			"name": "dyeable",
			"from": [-13.01857, 9, 19.93768],
			"to": [-13.00857, 14, 23.93768],
			"rotation": {"angle": 0, "axis": "y", "origin": [0.0008, 11, 15.95205]},
			"faces": {
				"east": {"uv": [0.625, 4.875, 0.125, 5.5], "texture": "#1", "tintindex": 0},
				"west": {"uv": [3.125, 4.875, 2.625, 5.5], "texture": "#1", "tintindex": 0},
				"down": {"uv": [0, 0.25, 0, 0.25], "texture": "#1"}
			}
		},
		{
			"name": "dyeable",
			"from": [-13.01857, 9, 23.93768],
			"to": [-13.00857, 14, 27.93768],
			"rotation": {"angle": 0, "axis": "y", "origin": [0.0008, 11, 15.95205]},
			"faces": {
				"east": {"uv": [3.125, 4.875, 2.625, 5.5], "texture": "#1", "tintindex": 0},
				"west": {"uv": [0.625, 4.875, 0.125, 5.5], "texture": "#1", "tintindex": 0},
				"down": {"uv": [0, 0.25, 0, 0.25], "texture": "#1"}
			}
		},
		{
			"name": "dyeable",
			"from": [-15.98982, 14, 15.95125],
			"to": [0.01018, 16, 31.95125],
			"rotation": {"angle": 0, "axis": "y", "origin": [0.0008, 11, 15.95205]},
			"faces": {
				"north": {"uv": [4.25, 4.375, 2.25, 4.625], "texture": "#1", "tintindex": 0},
				"south": {"uv": [4.25, 4.375, 2.25, 4.625], "texture": "#1", "tintindex": 0},
				"west": {"uv": [2.125, 4.375, 0.125, 4.625], "texture": "#1", "tintindex": 0},
				"up": {"uv": [4.375, 2, 6.375, 4], "rotation": 90, "texture": "#1", "tintindex": 0},
				"down": {"uv": [4.375, 0, 6.375, 2], "rotation": 270, "texture": "#1", "tintindex": 0}
			}
		},
		{
			"name": "dyeable",
			"from": [0.01018, 14, 15.95125],
			"to": [16.01018, 16, 31.95125],
			"rotation": {"angle": 0, "axis": "y", "origin": [0.0008, 11, 15.95205]},
			"faces": {
				"north": {"uv": [4.25, 4.375, 2.25, 4.625], "texture": "#1", "tintindex": 0},
				"east": {"uv": [4.25, 4.375, 2.25, 4.625], "texture": "#1", "tintindex": 0},
				"south": {"uv": [2.25, 4.375, 4.25, 4.625], "texture": "#1", "tintindex": 0},
				"west": {"uv": [2.125, 4.375, 0.125, 4.625], "texture": "#1", "tintindex": 0},
				"up": {"uv": [6.5, 4.125, 8.5, 2.125], "rotation": 180, "texture": "#1", "tintindex": 0},
				"down": {"uv": [8.5, 4.125, 6.5, 2.125], "texture": "#1", "tintindex": 0}
			}
		},
		{
			"name": "dyeable",
			"from": [-11.96107, 9, 18.93768],
			"to": [-4.96107, 14, 18.94768],
			"rotation": {"angle": 0, "axis": "y", "origin": [0.0008, 11, 15.95205]},
			"faces": {
				"north": {"uv": [1.125, 4.875, 0.125, 5.5], "texture": "#1", "tintindex": 0},
				"south": {"uv": [0.125, 4.875, 1.125, 5.5], "texture": "#1", "tintindex": 0},
				"west": {"uv": [0, 0.25, 0, 0.25], "texture": "#1"},
				"down": {"uv": [0, 0.25, 0, 0.25], "texture": "#1"}
			}
		},
		{
			"name": "dyeable",
			"from": [-5.03321, 9, 18.93768],
			"to": [1.96679, 14, 18.94768],
			"rotation": {"angle": 0, "axis": "y", "origin": [0.0008, 11, 15.95205]},
			"faces": {
				"north": {"uv": [0.125, 4.875, 1.125, 5.5], "texture": "#1", "tintindex": 0},
				"east": {"uv": [0, 0.25, 0, 0.25], "texture": "#1"},
				"south": {"uv": [1.125, 4.875, 0.125, 5.5], "texture": "#1", "tintindex": 0},
				"down": {"uv": [0, 0.25, 0, 0.25], "texture": "#1"}
			}
		},
		{
			"name": "dyeable",
			"from": [-5.03321, 9, 18.93768],
			"to": [1.96679, 14, 18.94768],
			"rotation": {"angle": 0, "axis": "y", "origin": [0.0008, 11, 15.95205]},
			"faces": {
				"north": {"uv": [0.125, 4.875, 1.125, 5.5], "texture": "#1", "tintindex": 0},
				"east": {"uv": [0, 0.25, 0, 0.25], "texture": "#1"},
				"south": {"uv": [1.125, 4.875, 0.125, 5.5], "texture": "#1", "tintindex": 0},
				"down": {"uv": [0, 0.25, 0, 0.25], "texture": "#1"}
			}
		},
		{
			"name": "dyeable",
			"from": [-11.96107, 9, 18.93768],
			"to": [-4.96107, 14, 18.94768],
			"rotation": {"angle": 0, "axis": "y", "origin": [0.0008, 11, 15.95205]},
			"faces": {
				"north": {"uv": [1.125, 4.875, 0.125, 5.5], "texture": "#1", "tintindex": 0},
				"south": {"uv": [0.125, 4.875, 1.125, 5.5], "texture": "#1", "tintindex": 0},
				"west": {"uv": [0, 0.25, 0, 0.25], "texture": "#1"},
				"down": {"uv": [0, 0.25, 0, 0.25], "texture": "#1"}
			}
		},
		{
			"name": "dyeable",
			"from": [2.99054, 9, 3.96643],
			"to": [3.00054, 14, 10.96643],
			"rotation": {"angle": 0, "axis": "y", "origin": [0.0008, 11, 15.95205]},
			"faces": {
				"north": {"uv": [0, 0.25, 0, 0.25], "texture": "#1"},
				"east": {"uv": [1.125, 4.875, 0.125, 5.5], "texture": "#1", "tintindex": 0},
				"west": {"uv": [0.125, 4.875, 1.125, 5.5], "texture": "#1", "tintindex": 0},
				"down": {"uv": [0, 0.25, 0, 0.25], "rotation": 270, "texture": "#1"}
			}
		},
		{
			"name": "dyeable",
			"from": [2.99054, 9, 10.89429],
			"to": [3.00054, 14, 17.89429],
			"rotation": {"angle": 0, "axis": "y", "origin": [0.0008, 11, 15.95205]},
			"faces": {
				"east": {"uv": [0.125, 4.875, 1.125, 5.5], "texture": "#1", "tintindex": 0},
				"south": {"uv": [0, 0.25, 0, 0.25], "texture": "#1"},
				"west": {"uv": [1.125, 4.875, 0.125, 5.5], "texture": "#1", "tintindex": 0},
				"down": {"uv": [0, 0.25, 0, 0.25], "rotation": 270, "texture": "#1"}
			}
		},
		{
			"name": "dyeable",
			"from": [-11.96107, 9, 28.93768],
			"to": [0.03893, 14, 28.94768],
			"rotation": {"angle": 0, "axis": "y", "origin": [0.0008, 11, 15.95205]},
			"faces": {
				"north": {"uv": [1.625, 4.875, 0.125, 5.5], "texture": "#1", "tintindex": 0},
				"south": {"uv": [0.125, 4.875, 1.625, 5.5], "texture": "#1", "tintindex": 0},
				"west": {"uv": [0, 0.25, 0, 0.25], "texture": "#1"},
				"down": {"uv": [0, 0.25, 0, 0.25], "texture": "#1"}
			}
		},
		{
			"name": "dyeable",
			"from": [-0.03321, 9, 28.93768],
			"to": [11.96679, 14, 28.94768],
			"rotation": {"angle": 0, "axis": "y", "origin": [0.0008, 11, 15.95205]},
			"faces": {
				"north": {"uv": [0.125, 4.875, 1.625, 5.5], "texture": "#1", "tintindex": 0},
				"east": {"uv": [0, 0.25, 0, 0.25], "texture": "#1"},
				"south": {"uv": [1.625, 4.875, 0.125, 5.5], "texture": "#1", "tintindex": 0},
				"down": {"uv": [0, 0.25, 0, 0.25], "texture": "#1"}
			}
		},
		{
			"from": [11.98982, 5, 27.99268],
			"to": [13.98982, 14, 29.99268],
			"rotation": {"angle": 0, "axis": "y", "origin": [7.99857, 10.71429, 25.99125]},
			"faces": {
				"north": {"uv": [0.375, 5.75, 0.625, 6.875], "texture": "#1", "tintindex": 0},
				"east": {"uv": [0.875, 5.75, 0.625, 6.875], "texture": "#1", "tintindex": 0},
				"south": {"uv": [0.875, 5.75, 1.125, 6.875], "texture": "#1", "tintindex": 0},
				"west": {"uv": [0.375, 5.75, 0.125, 6.875], "texture": "#1", "tintindex": 0},
				"up": {"uv": [0, 0, 0, 0], "texture": "#1"},
				"down": {"uv": [4, 5.125, 4.25, 4.875], "rotation": 270, "texture": "#1", "tintindex": 0}
			}
		},
		{
			"from": [11.98982, 0, 27.99268],
			"to": [12.98982, 5, 28.99268],
			"rotation": {"angle": 0, "axis": "y", "origin": [32.99857, 5.71429, 24.99125]},
			"faces": {
				"north": {"uv": [0.25, 7, 0.375, 7.625], "texture": "#1", "tintindex": 0},
				"east": {"uv": [0.375, 7, 0.25, 7.625], "texture": "#1", "tintindex": 0},
				"south": {"uv": [0.25, 7, 0.375, 7.625], "texture": "#1", "tintindex": 0},
				"west": {"uv": [0.375, 7, 0.25, 7.625], "texture": "#1", "tintindex": 0},
				"down": {"uv": [0.375, 7.75, 0.5, 7.875], "rotation": 90, "texture": "#1", "tintindex": 0}
			}
		},
		{
			"from": [2.98982, 0, 18.99268],
			"to": [3.98982, 5, 19.99268],
			"rotation": {"angle": 0, "axis": "y", "origin": [23.99857, 5.71429, 15.99125]},
			"faces": {
				"north": {"uv": [0.25, 7, 0.375, 7.625], "texture": "#1", "tintindex": 0},
				"east": {"uv": [0.375, 7, 0.25, 7.625], "texture": "#1", "tintindex": 0},
				"south": {"uv": [0.25, 7, 0.375, 7.625], "texture": "#1", "tintindex": 0},
				"west": {"uv": [0.375, 7, 0.25, 7.625], "texture": "#1", "tintindex": 0},
				"down": {"uv": [0.375, 7.75, 0.5, 7.875], "rotation": 90, "texture": "#1", "tintindex": 0}
			}
		},
		{
			"from": [1.98982, 5, 17.99268],
			"to": [3.98982, 14, 19.99268],
			"rotation": {"angle": 0, "axis": "y", "origin": [-2.00143, 10.71429, 15.99125]},
			"faces": {
				"north": {"uv": [0.375, 5.75, 0.625, 6.875], "texture": "#1", "tintindex": 0},
				"east": {"uv": [0.875, 5.75, 0.625, 6.875], "texture": "#1", "tintindex": 0},
				"south": {"uv": [0.875, 5.75, 1.125, 6.875], "texture": "#1", "tintindex": 0},
				"west": {"uv": [0.375, 5.75, 0.125, 6.875], "texture": "#1", "tintindex": 0},
				"up": {"uv": [0, 0, 0, 0], "texture": "#1"},
				"down": {"uv": [4, 5.125, 4.25, 4.875], "rotation": 270, "texture": "#1", "tintindex": 0}
			}
		},
		{
			"from": [2.98982, 0, 2.99268],
			"to": [3.98982, 5, 3.99268],
			"rotation": {"angle": 0, "axis": "y", "origin": [23.99857, 5.71429, -0.00875]},
			"faces": {
				"north": {"uv": [0.25, 7, 0.375, 7.625], "texture": "#1", "tintindex": 0},
				"east": {"uv": [0.375, 7, 0.25, 7.625], "texture": "#1", "tintindex": 0},
				"south": {"uv": [0.25, 7, 0.375, 7.625], "texture": "#1", "tintindex": 0},
				"west": {"uv": [0.375, 7, 0.25, 7.625], "texture": "#1", "tintindex": 0},
				"down": {"uv": [0.375, 7.75, 0.5, 7.875], "rotation": 90, "texture": "#1", "tintindex": 0}
			}
		},
		{
			"from": [1.98982, 5, 1.99268],
			"to": [3.98982, 14, 3.99268],
			"rotation": {"angle": 0, "axis": "y", "origin": [-2.00143, 10.71429, -0.00875]},
			"faces": {
				"north": {"uv": [0.375, 5.75, 0.625, 6.875], "texture": "#1", "tintindex": 0},
				"east": {"uv": [0.875, 5.75, 0.625, 6.875], "texture": "#1", "tintindex": 0},
				"south": {"uv": [0.875, 5.75, 1.125, 6.875], "texture": "#1", "tintindex": 0},
				"west": {"uv": [0.375, 5.75, 0.125, 6.875], "texture": "#1", "tintindex": 0},
				"up": {"uv": [0, 0, 0, 0], "texture": "#1"},
				"down": {"uv": [4, 5.125, 4.25, 4.875], "rotation": 270, "texture": "#1", "tintindex": 0}
			}
		},
		{
			"from": [-13.01018, 0, 18.99268],
			"to": [-12.01018, 5, 19.99268],
			"rotation": {"angle": 0, "axis": "y", "origin": [7.99857, 5.71429, 15.99125]},
			"faces": {
				"north": {"uv": [0.25, 7, 0.375, 7.625], "texture": "#1", "tintindex": 0},
				"east": {"uv": [0.375, 7, 0.25, 7.625], "texture": "#1", "tintindex": 0},
				"south": {"uv": [0.25, 7, 0.375, 7.625], "texture": "#1", "tintindex": 0},
				"west": {"uv": [0.375, 7, 0.25, 7.625], "texture": "#1", "tintindex": 0},
				"down": {"uv": [0.375, 7.75, 0.5, 7.875], "rotation": 90, "texture": "#1", "tintindex": 0}
			}
		},
		{
			"from": [-14.01018, 5, 17.99268],
			"to": [-12.01018, 14, 19.99268],
			"rotation": {"angle": 0, "axis": "y", "origin": [-18.00143, 10.71429, 15.99125]},
			"faces": {
				"north": {"uv": [0.375, 5.75, 0.625, 6.875], "texture": "#1", "tintindex": 0},
				"east": {"uv": [0.875, 5.75, 0.625, 6.875], "texture": "#1", "tintindex": 0},
				"south": {"uv": [0.875, 5.75, 1.125, 6.875], "texture": "#1", "tintindex": 0},
				"west": {"uv": [0.375, 5.75, 0.125, 6.875], "texture": "#1", "tintindex": 0},
				"up": {"uv": [0, 0, 0, 0], "texture": "#1"},
				"down": {"uv": [4, 5.125, 4.25, 4.875], "rotation": 270, "texture": "#1", "tintindex": 0}
			}
		},
		{
			"from": [-13.01018, 0, 27.99268],
			"to": [-12.01018, 5, 28.99268],
			"rotation": {"angle": 0, "axis": "y", "origin": [7.99857, 5.71429, 24.99125]},
			"faces": {
				"north": {"uv": [0.25, 7, 0.375, 7.625], "texture": "#1", "tintindex": 0},
				"east": {"uv": [0.375, 7, 0.25, 7.625], "texture": "#1", "tintindex": 0},
				"south": {"uv": [0.25, 7, 0.375, 7.625], "texture": "#1", "tintindex": 0},
				"west": {"uv": [0.375, 7, 0.25, 7.625], "texture": "#1", "tintindex": 0},
				"down": {"uv": [0.375, 7.75, 0.5, 7.875], "rotation": 90, "texture": "#1", "tintindex": 0}
			}
		},
		{
			"from": [-14.01018, 5, 27.99268],
			"to": [-12.01018, 14, 29.99268],
			"rotation": {"angle": 0, "axis": "y", "origin": [-18.00143, 10.71429, 25.99125]},
			"faces": {
				"north": {"uv": [0.625, 5.75, 0.375, 6.875], "texture": "#1", "tintindex": 0},
				"east": {"uv": [0.625, 5.75, 0.875, 6.875], "texture": "#1", "tintindex": 0},
				"south": {"uv": [1.125, 5.75, 0.875, 6.875], "texture": "#1", "tintindex": 0},
				"west": {"uv": [0.125, 5.75, 0.375, 6.875], "texture": "#1", "tintindex": 0},
				"up": {"uv": [0, 0, 0, 0], "texture": "#1"},
				"down": {"uv": [4, 5.125, 4.25, 4.875], "rotation": 270, "texture": "#1", "tintindex": 0}
			}
		},
		{
			"from": [11.98982, 0, 2.99268],
			"to": [12.98982, 5, 3.99268],
			"rotation": {"angle": 0, "axis": "y", "origin": [32.99857, 5.71429, -0.00875]},
			"faces": {
				"north": {"uv": [0.25, 7, 0.375, 7.625], "texture": "#1", "tintindex": 0},
				"east": {"uv": [0.375, 7, 0.25, 7.625], "texture": "#1", "tintindex": 0},
				"south": {"uv": [0.25, 7, 0.375, 7.625], "texture": "#1", "tintindex": 0},
				"west": {"uv": [0.375, 7, 0.25, 7.625], "texture": "#1", "tintindex": 0},
				"down": {"uv": [0.375, 7.75, 0.5, 7.875], "rotation": 90, "texture": "#1", "tintindex": 0}
			}
		},
		{
			"from": [11.98982, 5, 1.99268],
			"to": [13.98982, 14, 3.99268],
			"rotation": {"angle": 0, "axis": "y", "origin": [7.99857, 10.71429, -0.00875]},
			"faces": {
				"north": {"uv": [0.625, 5.75, 0.375, 6.875], "texture": "#1", "tintindex": 0},
				"east": {"uv": [0.625, 5.75, 0.875, 6.875], "texture": "#1", "tintindex": 0},
				"south": {"uv": [1.125, 5.75, 0.875, 6.875], "texture": "#1", "tintindex": 0},
				"west": {"uv": [0.125, 5.75, 0.375, 6.875], "texture": "#1", "tintindex": 0},
				"up": {"uv": [0, 0, 0, 0], "texture": "#1"},
				"down": {"uv": [4, 5.125, 4.25, 4.875], "rotation": 270, "texture": "#1", "tintindex": 0}
			}
		}
	],
	"gui_light": "front",
	"display": {
		"thirdperson_righthand": {
			"rotation": [68, 90, 0],
			"translation": [-6, 6.5, -5.25],
			"scale": [0.375, 0.375, 0.375]
		},
		"thirdperson_lefthand": {
			"rotation": [68, -180, 0],
			"translation": [0, 1, -3],
			"scale": [0.375, 0.375, 0.375]
		},
		"firstperson_righthand": {
			"rotation": [0, 90, 0],
			"translation": [-4.5, 0, -5.25],
			"scale": [0.4, 0.4, 0.4]
		},
		"firstperson_lefthand": {
			"rotation": [0, -180, 0],
			"translation": [1, 0, 1.25],
			"scale": [0.4, 0.4, 0.4]
		},
		"ground": {
			"translation": [0, 3, 0],
			"scale": [0.25, 0.25, 0.25]
		},
		"gui": {
			"rotation": [30, -180, 0],
			"translation": [-3, -3.75, 0],
			"scale": [0.4, 0.4, 0.4]
		},
		"head": {
			"translation": [8, 3.35, 0]
		},
		"fixed": {
			"rotation": [-90, 0, 0],
			"translation": [0, -32, -16],
			"scale": [2, 2, 2]
		}
	},
	"groups": [
		{
			"name": "group",
			"origin": [7.99857, 10.71429, -0.00875],
			"color": 0,
			"children": [0, 1, 2, 3, 4, 5, 6, 7, 8, 9, 10, 11, 12, 13, 14, 15, 16]
		},
		17,
		18,
		19,
		20,
		21,
		22,
		23,
		24,
		25,
		26,
		27,
		28
	]
}