{
	"format_version": "1.21.6",
	"texture_size": [64, 64],
	"textures": {
		"1": "wooden_set_1"
	},
	"elements": [
		{
			"name": "dyeable",
			"from": [-16, 14, 16],
			"to": [0, 16, 32],
			"rotation": {"angle": 0, "axis": "y", "origin": [8, 15, 8]},
			"faces": {
				"south": {"uv": [4.25, 4.375, 2.25, 4.625], "texture": "#1", "cullface": "west", "tintindex": 0},
				"west": {"uv": [2.125, 4.375, 0.125, 4.625], "texture": "#1", "cullface": "west", "tintindex": 0},
				"up": {"uv": [0.125, 2.25, 2.125, 4.125], "texture": "#1", "cullface": "west", "tintindex": 0},
				"down": {"uv": [0.125, 4.125, 2.125, 2.25], "texture": "#1", "cullface": "west", "tintindex": 0}
			}
		},
		{
			"name": "dyeable",
			"from": [16, 14, 16],
			"to": [32, 16, 32],
			"rotation": {"angle": 0, "axis": "y", "origin": [8, 15, 8]},
			"faces": {
				"east": {"uv": [0.125, 4.375, 2.125, 4.625], "texture": "#1", "cullface": "east", "tintindex": 0},
				"south": {"uv": [2.25, 4.375, 4.25, 4.625], "texture": "#1", "cullface": "east", "tintindex": 0},
				"up": {"uv": [2.125, 2.25, 4.125, 4.125], "texture": "#1", "cullface": "east", "tintindex": 0},
				"down": {"uv": [2.125, 4.125, 4.125, 2.25], "texture": "#1", "cullface": "east", "tintindex": 0}
			}
		},
		{
			"name": "dyeable",
			"from": [16, 14, -16],
			"to": [32, 16, 0],
			"rotation": {"angle": 0, "axis": "y", "origin": [8, 15, 8]},
			"faces": {
				"north": {"uv": [4.25, 4.375, 2.25, 4.625], "texture": "#1", "cullface": "north", "tintindex": 0},
				"east": {"uv": [2.125, 4.375, 0.125, 4.625], "texture": "#1", "cullface": "north", "tintindex": 0},
				"up": {"uv": [2.125, 0.125, 4.125, 2], "texture": "#1", "cullface": "north", "tintindex": 0},
				"down": {"uv": [2.125, 2, 4.125, 0.125], "texture": "#1", "cullface": "north", "tintindex": 0}
			}
		},
		{
			"name": "dyeable",
			"from": [-16, 14, -16],
			"to": [0, 16, 0],
			"rotation": {"angle": 0, "axis": "y", "origin": [8, 15, 8]},
			"faces": {
				"north": {"uv": [2.25, 4.375, 4.25, 4.625], "texture": "#1", "cullface": "west", "tintindex": 0},
				"west": {"uv": [0.125, 4.375, 2.125, 4.625], "texture": "#1", "cullface": "west", "tintindex": 0},
				"up": {"uv": [0.125, 0.125, 2.125, 2], "texture": "#1", "cullface": "west", "tintindex": 0},
				"down": {"uv": [0.125, 2, 2.125, 0.125], "texture": "#1", "cullface": "west", "tintindex": 0}
			}
		},
		{
			"name": "dyeable",
			"from": [0, 14, -16],
			"to": [16, 16, 0],
			"rotation": {"angle": 0, "axis": "y", "origin": [8, 15, 8]},
			"faces": {
				"north": {"uv": [2.25, 4.375, 4.25, 4.625], "texture": "#1", "cullface": "north", "tintindex": 0},
				"up": {"uv": [1.125, 0.125, 3.125, 2], "texture": "#1", "cullface": "north", "tintindex": 0},
				"down": {"uv": [1.125, 2, 3.125, 0.125], "texture": "#1", "cullface": "north", "tintindex": 0}
			}
		},
		{
			"name": "dyeable",
			"from": [0, 14, 16],
			"to": [16, 16, 32],
			"rotation": {"angle": 0, "axis": "y", "origin": [8, 15, 8]},
			"faces": {
				"south": {"uv": [2.25, 4.375, 4.25, 4.625], "texture": "#1", "cullface": "south", "tintindex": 0},
				"up": {"uv": [1.125, 2.25, 3.125, 4.125], "texture": "#1", "cullface": "up", "tintindex": 0},
				"down": {"uv": [1.125, 4.125, 3.125, 2.25], "texture": "#1", "cullface": "south", "tintindex": 0}
			}
		},
		{
			"name": "dyeable",
			"from": [16, 14, 0],
			"to": [32, 16, 16],
			"rotation": {"angle": 0, "axis": "y", "origin": [8, 15, 8]},
			"faces": {
				"east": {"uv": [0.125, 4.375, 2.125, 4.625], "texture": "#1", "cullface": "east", "tintindex": 0},
				"up": {"uv": [2.125, 1, 4.125, 2.875], "texture": "#1", "cullface": "east", "tintindex": 0},
				"down": {"uv": [2.125, 1, 4.125, 2.875], "texture": "#1", "cullface": "east", "tintindex": 0}
			}
		},
		{
			"name": "dyeable",
			"from": [-16, 14, 0],
			"to": [0, 16, 16],
			"rotation": {"angle": 0, "axis": "y", "origin": [8, 15, 8]},
			"faces": {
				"west": {"uv": [0.125, 4.375, 2.125, 4.625], "texture": "#1", "cullface": "west", "tintindex": 0},
				"up": {"uv": [0.125, 0.875, 2.125, 2.75], "texture": "#1", "cullface": "west", "tintindex": 0},
				"down": {"uv": [0.125, 0.875, 2.125, 2.75], "texture": "#1", "cullface": "west", "tintindex": 0}
			}
		},
		{
			"name": "dyeable",
			"from": [0, 14, 0],
			"to": [16, 16, 16],
			"rotation": {"angle": 0, "axis": "y", "origin": [8, 15, 8]},
			"faces": {
				"up": {"uv": [1.125, 1.75, 3.125, 3.625], "texture": "#1", "cullface": "up", "tintindex": 0},
				"down": {"uv": [1.125, 1.75, 3.125, 3.625], "texture": "#1", "tintindex": 0}
			}
		},
		{
			"name": "dyeable",
			"from": [-13, 9, 16],
			"to": [-12.99, 14, 28],
			"rotation": {"angle": 0, "axis": "y", "origin": [8, 15, 8]},
			"faces": {
				"east": {"uv": [3.25, 4.875, 1.75, 5.5], "texture": "#1", "cullface": "west", "tintindex": 0},
				"west": {"uv": [1.625, 4.875, 0.125, 5.5], "texture": "#1", "cullface": "west", "tintindex": 0},
				"down": {"uv": [0, 0.25, 0, 0.25], "texture": "#1"}
			}
		},
		{
			"name": "dyeable",
			"from": [-13, 9, 0],
			"to": [-12.99, 14, 16],
			"rotation": {"angle": 0, "axis": "y", "origin": [8, 15, 8]},
			"faces": {
				"east": {"uv": [2.625, 4.875, 0.625, 5.5], "texture": "#1", "cullface": "west", "tintindex": 0},
				"west": {"uv": [2.625, 4.875, 0.625, 5.5], "texture": "#1", "cullface": "west", "tintindex": 0},
				"down": {"uv": [0, 0.25, 0, 0.25], "texture": "#1"}
			}
		},
		{
			"name": "dyeable",
			"from": [-13, 9, -12],
			"to": [-12.99, 14, 0],
			"rotation": {"angle": 0, "axis": "y", "origin": [8, 15, 8]},
			"faces": {
				"east": {"uv": [1.625, 4.875, 0.125, 5.5], "texture": "#1", "cullface": "west", "tintindex": 0},
				"west": {"uv": [3.25, 4.875, 1.75, 5.5], "texture": "#1", "cullface": "west", "tintindex": 0},
				"down": {"uv": [0, 0.25, 0, 0.25], "texture": "#1"}
			}
		},
		{
			"name": "dyeable",
			"from": [29, 9, -12],
			"to": [29.01, 14, 0],
			"rotation": {"angle": 0, "axis": "y", "origin": [8, 15, 8]},
			"faces": {
				"east": {"uv": [1.625, 4.875, 0.125, 5.5], "texture": "#1", "cullface": "north", "tintindex": 0},
				"west": {"uv": [3.25, 4.875, 1.75, 5.5], "texture": "#1", "cullface": "north", "tintindex": 0},
				"down": {"uv": [0, 0.25, 0, 0.25], "texture": "#1"}
			}
		},
		{
			"name": "dyeable",
			"from": [29, 9, 0],
			"to": [29.01, 14, 16],
			"rotation": {"angle": 0, "axis": "y", "origin": [8, 15, 8]},
			"faces": {
				"east": {"uv": [2.625, 4.875, 0.625, 5.5], "texture": "#1", "cullface": "east", "tintindex": 0},
				"west": {"uv": [2.625, 4.875, 0.625, 5.5], "texture": "#1", "cullface": "east", "tintindex": 0},
				"down": {"uv": [0, 0.25, 0, 0.25], "texture": "#1"}
			}
		},
		{
			"name": "dyeable",
			"from": [29, 9, 16],
			"to": [29.01, 14, 28],
			"rotation": {"angle": 0, "axis": "y", "origin": [8, 15, 8]},
			"faces": {
				"east": {"uv": [3.25, 4.875, 1.75, 5.5], "texture": "#1", "cullface": "east", "tintindex": 0},
				"west": {"uv": [1.625, 4.875, 0.125, 5.5], "texture": "#1", "cullface": "east", "tintindex": 0},
				"down": {"uv": [0, 0.25, 0, 0.25], "texture": "#1"}
			}
		},
		{
			"name": "dyeable",
			"from": [16, 9, -13],
			"to": [28, 14, -12.99],
			"rotation": {"angle": 0, "axis": "y", "origin": [8, 15, 8]},
			"faces": {
				"north": {"uv": [3.25, 4.875, 1.75, 5.5], "texture": "#1", "cullface": "north", "tintindex": 0},
				"south": {"uv": [1.625, 4.875, 0.125, 5.5], "texture": "#1", "cullface": "north", "tintindex": 0},
				"down": {"uv": [0, 0.25, 0, 0.25], "texture": "#1"}
			}
		},
		{
			"name": "dyeable",
			"from": [0, 9, -13],
			"to": [16, 14, -12.99],
			"rotation": {"angle": 0, "axis": "y", "origin": [8, 15, 8]},
			"faces": {
				"north": {"uv": [2.625, 4.875, 0.625, 5.5], "texture": "#1", "cullface": "north", "tintindex": 0},
				"south": {"uv": [2.625, 4.875, 0.625, 5.5], "texture": "#1", "cullface": "north", "tintindex": 0},
				"down": {"uv": [0, 0.25, 0, 0.25], "texture": "#1"}
			}
		},
		{
			"name": "dyeable",
			"from": [-12, 9, -13],
			"to": [0, 14, -12.99],
			"rotation": {"angle": 0, "axis": "y", "origin": [8, 15, 8]},
			"faces": {
				"north": {"uv": [1.625, 4.875, 0.125, 5.5], "texture": "#1", "cullface": "west", "tintindex": 0},
				"south": {"uv": [3.25, 4.875, 1.75, 5.5], "texture": "#1", "cullface": "west", "tintindex": 0},
				"down": {"uv": [0, 0.25, 0, 0.25], "texture": "#1"}
			}
		},
		{
			"name": "dyeable",
			"from": [16, 9, 29],
			"to": [28, 14, 29.01],
			"rotation": {"angle": 0, "axis": "y", "origin": [8, 15, 8]},
			"faces": {
				"north": {"uv": [3.25, 4.875, 1.75, 5.5], "texture": "#1", "cullface": "east", "tintindex": 0},
				"south": {"uv": [1.625, 4.875, 0.125, 5.5], "texture": "#1", "cullface": "east", "tintindex": 0},
				"down": {"uv": [0, 0.25, 0, 0.25], "texture": "#1"}
			}
		},
		{
			"name": "dyeable",
			"from": [0, 9, 29],
			"to": [16, 14, 29.01],
			"rotation": {"angle": 0, "axis": "y", "origin": [8, 15, 8]},
			"faces": {
				"north": {"uv": [2.625, 4.875, 0.625, 5.5], "texture": "#1", "cullface": "south", "tintindex": 0},
				"south": {"uv": [2.625, 4.875, 0.625, 5.5], "texture": "#1", "cullface": "south", "tintindex": 0},
				"down": {"uv": [0, 0.25, 0, 0.25], "texture": "#1"}
			}
		},
		{
			"name": "dyeable",
			"from": [-12, 9, 29],
			"to": [0, 14, 29.01],
			"rotation": {"angle": 0, "axis": "y", "origin": [8, 15, 8]},
			"faces": {
				"north": {"uv": [1.625, 4.875, 0.125, 5.5], "texture": "#1", "cullface": "west", "tintindex": 0},
				"south": {"uv": [3.25, 4.875, 1.75, 5.5], "texture": "#1", "cullface": "west", "tintindex": 0},
				"down": {"uv": [0, 0.25, 0, 0.25], "texture": "#1"}
			}
		},
		{
			"from": [27.98982, 0, -13.00732],
			"to": [28.98982, 5, -12.00732],
			"rotation": {"angle": 0, "axis": "y", "origin": [48.99857, 5.71429, -16.00875]},
			"faces": {
				"north": {"uv": [0.25, 7, 0.375, 7.625], "texture": "#1", "tintindex": 0},
				"east": {"uv": [0.375, 7, 0.25, 7.625], "texture": "#1", "tintindex": 0},
				"south": {"uv": [0.25, 7, 0.375, 7.625], "texture": "#1", "tintindex": 0},
				"west": {"uv": [0.375, 7, 0.25, 7.625], "texture": "#1", "tintindex": 0},
				"down": {"uv": [0.375, 7.75, 0.5, 7.875], "rotation": 90, "texture": "#1", "tintindex": 0}
			}
		},
		{
			"from": [27.98982, 5, -14.00732],
			"to": [29.98982, 14, -12.00732],
			"rotation": {"angle": 0, "axis": "y", "origin": [23.99857, 10.71429, -16.00875]},
			"faces": {
				"north": {"uv": [0.625, 5.75, 0.375, 6.875], "texture": "#1", "tintindex": 0},
				"east": {"uv": [0.625, 5.75, 0.875, 6.875], "texture": "#1", "tintindex": 0},
				"south": {"uv": [1.125, 5.75, 0.875, 6.875], "texture": "#1", "tintindex": 0},
				"west": {"uv": [0.125, 5.75, 0.375, 6.875], "texture": "#1", "tintindex": 0},
				"up": {"uv": [0, 0, 0, 0], "texture": "#missing"},
				"down": {"uv": [4, 5.125, 4.25, 4.875], "rotation": 270, "texture": "#1", "tintindex": 0}
			}
		},
		{
			"from": [27.98982, 0, 27.99268],
			"to": [28.98982, 5, 28.99268],
			"rotation": {"angle": 0, "axis": "y", "origin": [48.99857, 5.71429, 24.99125]},
			"faces": {
				"north": {"uv": [0.25, 7, 0.375, 7.625], "texture": "#1", "tintindex": 0},
				"east": {"uv": [0.375, 7, 0.25, 7.625], "texture": "#1", "tintindex": 0},
				"south": {"uv": [0.25, 7, 0.375, 7.625], "texture": "#1", "tintindex": 0},
				"west": {"uv": [0.375, 7, 0.25, 7.625], "texture": "#1", "tintindex": 0},
				"down": {"uv": [0.375, 7.75, 0.5, 7.875], "rotation": 90, "texture": "#1", "tintindex": 0}
			}
		},
		{
			"from": [27.98982, 5, 27.99268],
			"to": [29.98982, 14, 29.99268],
			"rotation": {"angle": 0, "axis": "y", "origin": [23.99857, 10.71429, 25.99125]},
			"faces": {
				"north": {"uv": [0.375, 5.75, 0.625, 6.875], "texture": "#1", "tintindex": 0},
				"east": {"uv": [0.875, 5.75, 0.625, 6.875], "texture": "#1", "tintindex": 0},
				"south": {"uv": [0.875, 5.75, 1.125, 6.875], "texture": "#1", "tintindex": 0},
				"west": {"uv": [0.375, 5.75, 0.125, 6.875], "texture": "#1", "tintindex": 0},
				"up": {"uv": [0, 0, 0, 0], "texture": "#missing"},
				"down": {"uv": [4, 5.125, 4.25, 4.875], "rotation": 270, "texture": "#1", "tintindex": 0}
			}
		},
		{
			"from": [-13.01018, 0, -13.00732],
			"to": [-12.01018, 5, -12.00732],
			"rotation": {"angle": 0, "axis": "y", "origin": [7.99857, 5.71429, -16.00875]},
			"faces": {
				"north": {"uv": [0.25, 7, 0.375, 7.625], "texture": "#1", "tintindex": 0},
				"east": {"uv": [0.375, 7, 0.25, 7.625], "texture": "#1", "tintindex": 0},
				"south": {"uv": [0.25, 7, 0.375, 7.625], "texture": "#1", "tintindex": 0},
				"west": {"uv": [0.375, 7, 0.25, 7.625], "texture": "#1", "tintindex": 0},
				"down": {"uv": [0.375, 7.75, 0.5, 7.875], "rotation": 90, "texture": "#1", "tintindex": 0}
			}
		},
		{
			"from": [-14.01018, 5, -14.00732],
			"to": [-12.01018, 14, -12.00732],
			"rotation": {"angle": 0, "axis": "y", "origin": [-18.00143, 10.71429, -16.00875]},
			"faces": {
				"north": {"uv": [0.375, 5.75, 0.625, 6.875], "texture": "#1", "tintindex": 0},
				"east": {"uv": [0.875, 5.75, 0.625, 6.875], "texture": "#1", "tintindex": 0},
				"south": {"uv": [0.875, 5.75, 1.125, 6.875], "texture": "#1", "tintindex": 0},
				"west": {"uv": [0.375, 5.75, 0.125, 6.875], "texture": "#1", "tintindex": 0},
				"up": {"uv": [0, 0, 0, 0], "texture": "#missing"},
				"down": {"uv": [4, 5.125, 4.25, 4.875], "rotation": 270, "texture": "#1", "tintindex": 0}
			}
		},
		{
			"from": [-12.01018, 0, 27.99268],
			"to": [-11.01018, 5, 28.99268],
			"rotation": {"angle": 0, "axis": "y", "origin": [8.99857, 5.71429, 24.99125]},
			"faces": {
				"north": {"uv": [0.25, 7, 0.375, 7.625], "texture": "#1", "tintindex": 0},
				"east": {"uv": [0.375, 7, 0.25, 7.625], "texture": "#1", "tintindex": 0},
				"south": {"uv": [0.25, 7, 0.375, 7.625], "texture": "#1", "tintindex": 0},
				"west": {"uv": [0.375, 7, 0.25, 7.625], "texture": "#1", "tintindex": 0},
				"down": {"uv": [0.375, 7.75, 0.5, 7.875], "rotation": 90, "texture": "#1", "tintindex": 0}
			}
		},
		{
			"from": [-13.01018, 5, 27.99268],
			"to": [-11.01018, 14, 29.99268],
			"rotation": {"angle": 0, "axis": "y", "origin": [-17.00143, 10.71429, 25.99125]},
			"faces": {
				"north": {"uv": [0.625, 5.75, 0.375, 6.875], "texture": "#1", "tintindex": 0},
				"east": {"uv": [0.625, 5.75, 0.875, 6.875], "texture": "#1", "tintindex": 0},
				"south": {"uv": [1.125, 5.75, 0.875, 6.875], "texture": "#1", "tintindex": 0},
				"west": {"uv": [0.125, 5.75, 0.375, 6.875], "texture": "#1", "tintindex": 0},
				"up": {"uv": [0, 0, 0, 0], "texture": "#missing"},
				"down": {"uv": [4, 5.125, 4.25, 4.875], "rotation": 270, "texture": "#1", "tintindex": 0}
			}
		}
	],
	"display": {
		"thirdperson_righthand": {
			"rotation": [68, 0, 0],
			"translation": [-6.25, 7, -5.25],
			"scale": [0.375, 0.375, 0.375]
		},
		"thirdperson_lefthand": {
			"rotation": [68, 0, 0],
			"translation": [-6.25, 7, -5.25],
			"scale": [0.375, 0.375, 0.375]
		},
		"firstperson_righthand": {
			"translation": [2.25, 0, 0],
			"scale": [0.4, 0.4, 0.4]
		},
		"firstperson_lefthand": {
			"translation": [2.25, 0, 0],
			"scale": [0.4, 0.4, 0.4]
		},
		"ground": {
			"translation": [0, 3, 0],
			"scale": [0.25, 0.25, 0.25]
		},
		"gui": {
			"rotation": [30, -135, 0],
			"translation": [0, -2, 0],
			"scale": [0.23, 0.23, 0.23]
		},
		"head": {
			"translation": [0, 1.25, 0]
		},
		"fixed": {
			"rotation": [-90, 0, 0],
			"translation": [0, 0, -16],
			"scale": [2, 2, 2]
		}
	}
}