{
	"format_version": "1.21.6",
	"texture_size": [128, 128],
	"textures": {
		"0": "cushion_1 - Copy",
		"2": "wooden_set_1",
		"particle": "wooden_set_1"
	},
	"elements": [
		{
			"name": "dyeable",
			"from": [0, 4, 0],
			"to": [15.95, 6.9, 10.9],
			"rotation": {"angle": 0, "axis": "y", "origin": [8, 17.5, 15]},
			"faces": {
				"north": {"uv": [0, 7, 8, 8], "rotation": 180, "texture": "#0", "tintindex": 0},
				"east": {"uv": [0, 0, 0.5, 8], "rotation": 270, "texture": "#0", "tintindex": 0},
				"west": {"uv": [7.5, 0, 8, 8], "rotation": 90, "texture": "#0", "tintindex": 0},
				"up": {"uv": [0, 0, 8, 8], "rotation": 180, "texture": "#0", "tintindex": 0},
				"down": {"uv": [0, 7.5, 8, 8], "texture": "#0"}
			}
		},
		{
			"name": "dyeable",
			"from": [0, 6.9, 10.9],
			"to": [15.95, 15.3, 12.9],
			"rotation": {"angle": 0, "axis": "y", "origin": [8, 17.5, 15]},
			"faces": {
				"north": {"uv": [0, 3.5, 8, 8], "texture": "#0", "tintindex": 0},
				"east": {"uv": [0, 0, 0.5, 8], "texture": "#0", "tintindex": 0},
				"south": {"uv": [0, 0, 0, 0], "texture": "#0"},
				"west": {"uv": [7.5, 0, 8, 8], "texture": "#0", "tintindex": 0},
				"up": {"uv": [0, 1, 8, 0], "texture": "#0", "tintindex": 0}
			}
		},
		{
			"from": [13, 2, 2],
			"to": [15, 3, 4],
			"faces": {
				"north": {"uv": [2.375, 3.75, 2.625, 3.875], "texture": "#2"},
				"east": {"uv": [2.875, 3.75, 3.125, 3.875], "texture": "#2"},
				"south": {"uv": [2.125, 3.5, 2.375, 3.625], "texture": "#2"},
				"west": {"uv": [1.625, 3.5, 1.875, 3.625], "texture": "#2"},
				"down": {"uv": [4, 4.875, 4.25, 5.125], "texture": "#2"}
			}
		},
		{
			"from": [0, 5, 12.9],
			"to": [16, 15, 15],
			"rotation": {"angle": 0, "axis": "y", "origin": [8, 17.5, 15]},
			"faces": {
				"east": {"uv": [4.625, 1.75, 4.875, 3.75], "texture": "#2"},
				"south": {"uv": [9.625, 1.375, 11.625, 2.625], "texture": "#2"},
				"west": {"uv": [4.625, 1.75, 4.875, 3.75], "texture": "#2"},
				"up": {"uv": [8.125, 0.25, 8.375, 1.625], "rotation": 90, "texture": "#2"}
			}
		},
		{
			"from": [0, 3, 1.125],
			"to": [16, 4, 13],
			"faces": {
				"north": {"uv": [3.25, 1.875, 3.375, 3.875], "rotation": 90, "texture": "#2"},
				"east": {"uv": [3.25, 1.875, 3.375, 3.875], "rotation": 90, "texture": "#2"},
				"south": {"uv": [3.25, 1.875, 3.375, 3.875], "rotation": 90, "texture": "#2"},
				"west": {"uv": [3.25, 1.875, 3.375, 3.875], "rotation": 90, "texture": "#2"},
				"down": {"uv": [6.5, 0, 8.5, 2], "texture": "#2"}
			}
		},
		{
			"from": [0, 3, 12.9],
			"to": [16, 5, 15],
			"rotation": {"angle": 0, "axis": "y", "origin": [8, 17.5, 15]},
			"faces": {
				"east": {"uv": [4.625, 1.75, 4.875, 3.75], "texture": "#2"},
				"south": {"uv": [8.125, 0.25, 8.375, 1.75], "rotation": 90, "texture": "#2"},
				"west": {"uv": [4.625, 1.75, 4.875, 3.75], "texture": "#2"},
				"down": {"uv": [8.375, 0.125, 8.125, 1.75], "rotation": 90, "texture": "#2"}
			}
		},
		{
			"from": [13, 0, 13],
			"to": [14, 2, 14],
			"rotation": {"angle": 0, "axis": "y", "origin": [13, 0, 13]},
			"faces": {
				"north": {"uv": [0, 0.375, 0.125, 0.125], "texture": "#2"},
				"east": {"uv": [0, 0.375, 0.125, 0.125], "texture": "#2"},
				"south": {"uv": [0, 0.375, 0.125, 0.125], "texture": "#2"},
				"west": {"uv": [0, 0.375, 0.125, 0.125], "texture": "#2"},
				"down": {"uv": [0, 0, 0, 0], "texture": "#2"}
			}
		},
		{
			"from": [13, 0, 3],
			"to": [14, 2, 4],
			"rotation": {"angle": 0, "axis": "y", "origin": [13, 0, 3]},
			"faces": {
				"north": {"uv": [0, 0.375, 0.125, 0.125], "texture": "#2"},
				"east": {"uv": [0, 0.375, 0.125, 0.125], "texture": "#2"},
				"south": {"uv": [0, 0.375, 0.125, 0.125], "texture": "#2"},
				"west": {"uv": [0, 0.375, 0.125, 0.125], "texture": "#2"},
				"down": {"uv": [0, 0, 0, 0], "texture": "#2"}
			}
		},
		{
			"name": "dyeable",
			"from": [0, 4, 10.9],
			"to": [15.95, 6.9, 12.9],
			"rotation": {"angle": 0, "axis": "y", "origin": [8, 17.5, 15]},
			"faces": {
				"east": {"uv": [0, 0, 0.5, 0.5], "rotation": 270, "texture": "#0", "tintindex": 0},
				"west": {"uv": [7.5, 0, 8, 0.5], "rotation": 90, "texture": "#0", "tintindex": 0}
			}
		},
		{
			"from": [13, 2, 13],
			"to": [15, 3, 15],
			"rotation": {"angle": 0, "axis": "y", "origin": [0, 0, 11]},
			"faces": {
				"north": {"uv": [2.375, 3.75, 2.625, 3.875], "texture": "#2"},
				"east": {"uv": [2.875, 3.75, 3.125, 3.875], "texture": "#2"},
				"south": {"uv": [2.125, 3.5, 2.375, 3.625], "texture": "#2"},
				"west": {"uv": [1.625, 3.5, 1.875, 3.625], "texture": "#2"},
				"down": {"uv": [4, 4.875, 4.25, 5.125], "texture": "#2"}
			}
		},
		{
			"from": [2, 0, 13],
			"to": [3, 2, 14],
			"rotation": {"angle": 0, "axis": "y", "origin": [2, 0, 13]},
			"faces": {
				"north": {"uv": [0, 0.375, 0.125, 0.125], "texture": "#2"},
				"east": {"uv": [0, 0.375, 0.125, 0.125], "texture": "#2"},
				"south": {"uv": [0, 0.375, 0.125, 0.125], "texture": "#2"},
				"west": {"uv": [0, 0.375, 0.125, 0.125], "texture": "#2"},
				"down": {"uv": [0, 0, 0, 0], "texture": "#2"}
			}
		},
		{
			"from": [1, 2, 13],
			"to": [3, 3, 15],
			"rotation": {"angle": 0, "axis": "y", "origin": [-12, 0, 11]},
			"faces": {
				"north": {"uv": [2.375, 3.75, 2.625, 3.875], "texture": "#2"},
				"east": {"uv": [2.875, 3.75, 3.125, 3.875], "texture": "#2"},
				"south": {"uv": [2.125, 3.5, 2.375, 3.625], "texture": "#2"},
				"west": {"uv": [1.625, 3.5, 1.875, 3.625], "texture": "#2"},
				"down": {"uv": [4, 4.875, 4.25, 5.125], "texture": "#2"}
			}
		},
		{
			"from": [2, 0, 3],
			"to": [3, 2, 4],
			"rotation": {"angle": 0, "axis": "y", "origin": [2, 0, 3]},
			"faces": {
				"north": {"uv": [0, 0.375, 0.125, 0.125], "texture": "#2"},
				"east": {"uv": [0, 0.375, 0.125, 0.125], "texture": "#2"},
				"south": {"uv": [0, 0.375, 0.125, 0.125], "texture": "#2"},
				"west": {"uv": [0, 0.375, 0.125, 0.125], "texture": "#2"},
				"down": {"uv": [0, 0, 0, 0], "texture": "#2"}
			}
		},
		{
			"from": [1, 2, 2],
			"to": [3, 3, 4],
			"rotation": {"angle": 0, "axis": "y", "origin": [-12, 0, 0]},
			"faces": {
				"north": {"uv": [2.375, 3.75, 2.625, 3.875], "texture": "#2"},
				"east": {"uv": [2.875, 3.75, 3.125, 3.875], "texture": "#2"},
				"south": {"uv": [2.125, 3.5, 2.375, 3.625], "texture": "#2"},
				"west": {"uv": [1.625, 3.5, 1.875, 3.625], "texture": "#2"},
				"down": {"uv": [4, 4.875, 4.25, 5.125], "texture": "#2"}
			}
		}
	],
	"display": {
		"thirdperson_righthand": {
			"rotation": [37.75, 0, 0],
			"translation": [0, 0.75, -2],
			"scale": [0.3, 0.3, 0.3]
		},
		"thirdperson_lefthand": {
			"rotation": [37.75, 0, 0],
			"translation": [0, 0.75, -2],
			"scale": [0.3, 0.3, 0.3]
		},
		"firstperson_righthand": {
			"rotation": [-175, 75.5, -180],
			"translation": [0.25, 2.5, -0.5],
			"scale": [0.3, 0.3, 0.3]
		},
		"firstperson_lefthand": {
			"rotation": [-175, 75.5, -180],
			"translation": [0.25, 2.5, -0.5],
			"scale": [0.3, 0.3, 0.3]
		},
		"ground": {
			"scale": [0.3, 0.3, 0.3]
		},
		"gui": {
			"rotation": [-155.25, 40.5, -180],
			"translation": [0, -1.25, 0],
			"scale": [0.5, 0.5, 0.5]
		},
		"head": {
			"translation": [0, 12.5, 0],
			"scale": [0.78, 0.78, 0.78]
		},
		"fixed": {
			"rotation": [-90, 0, 0],
			"translation": [0, 0, -15],
			"scale": [2, 2, 2]
		}
	}
}