{
	"format_version": "1.21.6",
	"texture_size": [64, 64],
	"textures": {
		"1": "wooden_set_1"
	},
	"elements": [
		{
			"from": [-0.01018, 14, -0.00732],
			"to": [15.98982, 16, 15.99268],
			"rotation": {"angle": 0, "axis": "y", "origin": [7.99857, 10.71429, -0.00875]},
			"faces": {
				"north": {"uv": [0.125, 4.375, 2.125, 4.625], "texture": "#1", "tintindex": 0},
				"east": {"uv": [2.25, 4.375, 4.25, 4.625], "texture": "#1", "tintindex": 0},
				"south": {"uv": [0.125, 4.375, 2.125, 4.625], "texture": "#1", "tintindex": 0},
				"up": {"uv": [4.375, 0, 6.375, 2], "rotation": 90, "texture": "#1", "tintindex": 0},
				"down": {"uv": [4.375, 2, 6.375, 4], "rotation": 270, "texture": "#1", "tintindex": 0}
			}
		},
		{
			"from": [11.98982, 2, 11.99268],
			"to": [13.98982, 14, 13.99268],
			"rotation": {"angle": 0, "axis": "y", "origin": [7.99857, 10.71429, -0.00875]},
			"faces": {
				"north": {"uv": [0.875, 5.75, 1.125, 7.25], "texture": "#1", "tintindex": 0},
				"east": {"uv": [0.875, 5.75, 0.625, 7], "texture": "#1", "tintindex": 0},
				"south": {"uv": [0.375, 5.75, 0.625, 7.25], "texture": "#1", "tintindex": 0},
				"west": {"uv": [0.375, 5.625, 0.125, 7.125], "texture": "#1", "tintindex": 0},
				"down": {"uv": [0.625, 7.75, 0.375, 7.5], "rotation": 180, "texture": "#1", "tintindex": 0}
			}
		},
		{
			"from": [11.98982, 2, 1.99268],
			"to": [13.98982, 14, 3.99268],
			"rotation": {"angle": 0, "axis": "y", "origin": [7.99857, 10.71429, -0.00875]},
			"faces": {
				"north": {"uv": [0.625, 5.75, 0.375, 7.25], "texture": "#1", "tintindex": 0},
				"east": {"uv": [0.625, 5.75, 0.875, 7.25], "texture": "#1", "tintindex": 0},
				"south": {"uv": [1.125, 5.75, 0.875, 7.25], "texture": "#1", "tintindex": 0},
				"west": {"uv": [0.125, 5.75, 0.375, 7.25], "texture": "#1", "tintindex": 0},
				"down": {"uv": [0.625, 7.5, 0.375, 7.75], "rotation": 180, "texture": "#1", "tintindex": 0}
			}
		},
		{
			"from": [-14.01018, 2, 11.99268],
			"to": [-12.01018, 14, 13.99268],
			"rotation": {"angle": 0, "axis": "y", "origin": [7.99857, 10.71429, -0.00875]},
			"faces": {
				"north": {"uv": [0.375, 5.75, 0.125, 7.25], "texture": "#1", "tintindex": 0},
				"east": {"uv": [0.875, 5.75, 1.125, 7.25], "texture": "#1", "tintindex": 0},
				"south": {"uv": [0.875, 5.75, 0.625, 7.25], "texture": "#1", "tintindex": 0},
				"west": {"uv": [0.375, 5.75, 0.625, 7.25], "texture": "#1", "tintindex": 0},
				"down": {"uv": [0.625, 7.75, 0.375, 7.5], "rotation": 90, "texture": "#1", "tintindex": 0}
			}
		},
		{
			"from": [-14.01018, 2, 1.99268],
			"to": [-12.01018, 14, 3.99268],
			"rotation": {"angle": 0, "axis": "y", "origin": [7.99857, 10.71429, -0.00875]},
			"faces": {
				"north": {"uv": [0.625, 5.75, 0.875, 7.25], "texture": "#1", "tintindex": 0},
				"east": {"uv": [1.125, 5.75, 0.875, 7.25], "texture": "#1", "tintindex": 0},
				"south": {"uv": [0.125, 5.75, 0.375, 7.25], "texture": "#1", "tintindex": 0},
				"west": {"uv": [0.625, 5.75, 0.375, 7.25], "texture": "#1", "tintindex": 0},
				"down": {"uv": [4.25, 4.875, 4, 5.125], "texture": "#1", "tintindex": 0}
			}
		},
		{
			"from": [-15.96268, 14, -0.00732],
			"to": [0.03732, 16, 15.99268],
			"rotation": {"angle": 0, "axis": "y", "origin": [7.99857, 10.71429, -0.00875]},
			"faces": {
				"north": {"uv": [2.25, 4.375, 4.25, 4.625], "texture": "#1", "tintindex": 0},
				"south": {"uv": [2.25, 4.375, 4.25, 4.625], "texture": "#1", "tintindex": 0},
				"west": {"uv": [0.125, 4.375, 2.125, 4.625], "texture": "#1", "tintindex": 0},
				"up": {"uv": [4.375, 2, 6.375, 4], "rotation": 90, "texture": "#1", "tintindex": 0},
				"down": {"uv": [4.375, 0, 6.375, 2], "rotation": 270, "texture": "#1", "tintindex": 0}
			}
		},
		{
			"from": [0, 9, 3],
			"to": [13, 14, 13],
			"rotation": {"angle": 0, "axis": "y", "origin": [12, 9, 3]},
			"faces": {
				"north": {"uv": [4.375, 4.125, 6, 4.75], "texture": "#1"},
				"east": {"uv": [7.125, 0.375, 7.75, 1.625], "rotation": 90, "texture": "#1"},
				"south": {"uv": [6.625, 0, 7.25, 1.625], "rotation": 90, "texture": "#1"}
			}
		},
		{
			"from": [-13, 9, 3],
			"to": [0, 14, 13],
			"rotation": {"angle": 0, "axis": "y", "origin": [-1, 9, 3]},
			"faces": {
				"north": {"uv": [6, 4.125, 4.375, 4.75], "texture": "#1"},
				"south": {"uv": [6.625, 0.375, 7.25, 2], "rotation": 90, "texture": "#1"},
				"west": {"uv": [7.125, 0.375, 7.75, 1.625], "rotation": 90, "texture": "#1"}
			}
		},
		{
			"from": [0, 16, 16],
			"to": [14, 20, 16],
			"rotation": {"angle": 0, "axis": "y", "origin": [0, 16, 15]},
			"faces": {
				"north": {"uv": [8.125, 4.25, 6.125, 4.75], "texture": "#1"},
				"east": {"uv": [0, 0, 0, 1], "texture": "#missing"},
				"south": {"uv": [6.125, 4.25, 8.125, 4.75], "texture": "#1"},
				"west": {"uv": [0, 0, 0, 1], "texture": "#missing"},
				"up": {"uv": [0, 0, 7, 0], "texture": "#missing"},
				"down": {"uv": [0, 0, 7, 0], "texture": "#missing"}
			}
		},
		{
			"from": [-16, 16, 14],
			"to": [-14, 18, 16],
			"rotation": {"angle": 0, "axis": "y", "origin": [0, 16, 15]},
			"faces": {
				"north": {"uv": [4.375, 5.25, 4.625, 5.5], "texture": "#1"},
				"east": {"uv": [4.625, 5.25, 4.375, 5.5], "texture": "#1"},
				"south": {"uv": [4.375, 5.25, 4.625, 5.5], "texture": "#1"},
				"west": {"uv": [4.625, 5.25, 4.375, 5.5], "texture": "#1"},
				"up": {"uv": [4, 4.875, 4.25, 5.125], "texture": "#1"}
			}
		},
		{
			"from": [-14, 16, 16],
			"to": [0, 20, 16],
			"rotation": {"angle": 0, "axis": "y", "origin": [-14, 16, 15]},
			"faces": {
				"north": {"uv": [6.125, 4.25, 8.125, 4.75], "texture": "#1"},
				"east": {"uv": [0, 0, 0, 1], "texture": "#missing"},
				"south": {"uv": [8.125, 4.25, 6.125, 4.75], "texture": "#1"},
				"west": {"uv": [0, 0, 0, 1], "texture": "#missing"},
				"up": {"uv": [0, 0, 7, 0], "texture": "#missing"},
				"down": {"uv": [0, 0, 7, 0], "texture": "#missing"}
			}
		},
		{
			"from": [-15, 18, 15],
			"to": [-14, 20, 16],
			"rotation": {"angle": 0, "axis": "y", "origin": [0, 18, 15]},
			"faces": {
				"north": {"uv": [4.375, 5.25, 4.5, 5.5], "texture": "#1"},
				"east": {"uv": [4.5, 5.25, 4.375, 5.5], "texture": "#1"},
				"south": {"uv": [4.375, 5.25, 4.5, 5.5], "texture": "#1"},
				"west": {"uv": [4.5, 5.25, 4.375, 5.5], "texture": "#1"},
				"up": {"uv": [4, 4.875, 4.125, 5], "texture": "#1"}
			}
		},
		{
			"from": [14, 16, 14],
			"to": [16, 18, 16],
			"rotation": {"angle": 0, "axis": "y", "origin": [14.25, 18, 15.25]},
			"faces": {
				"north": {"uv": [4.625, 5.25, 4.375, 5.5], "texture": "#1"},
				"east": {"uv": [4.375, 5.25, 4.625, 5.5], "texture": "#1"},
				"south": {"uv": [4.625, 5.25, 4.375, 5.5], "texture": "#1"},
				"west": {"uv": [4.375, 5.25, 4.625, 5.5], "texture": "#1"},
				"up": {"uv": [4, 4.875, 4.25, 5.125], "rotation": 90, "texture": "#1"}
			}
		},
		{
			"from": [14, 18, 15],
			"to": [15, 20, 16],
			"rotation": {"angle": 0, "axis": "y", "origin": [14.25, 18, 15.25]},
			"faces": {
				"north": {"uv": [4.5, 5.25, 4.375, 5.5], "texture": "#1"},
				"east": {"uv": [4.375, 5.25, 4.5, 5.5], "texture": "#1"},
				"south": {"uv": [4.5, 5.25, 4.375, 5.5], "texture": "#1"},
				"west": {"uv": [4.375, 5.25, 4.5, 5.5], "texture": "#1"},
				"up": {"uv": [4, 4.875, 4.125, 5], "rotation": 90, "texture": "#1"}
			}
		},
		{
			"from": [-13.01018, 0, 2.99268],
			"to": [-12.01018, 2, 3.99268],
			"rotation": {"angle": 0, "axis": "y", "origin": [7.99857, 5.71429, -0.00875]},
			"faces": {
				"north": {"uv": [0.25, 7.375, 0.375, 7.625], "texture": "#1", "tintindex": 0},
				"east": {"uv": [0.375, 7.375, 0.25, 7.625], "texture": "#1", "tintindex": 0},
				"south": {"uv": [0.25, 7.375, 0.375, 7.625], "texture": "#1", "tintindex": 0},
				"west": {"uv": [0.375, 7.375, 0.25, 7.625], "texture": "#1", "tintindex": 0},
				"down": {"uv": [0.375, 7.75, 0.5, 7.875], "rotation": 90, "texture": "#1", "tintindex": 0}
			}
		},
		{
			"from": [11.98982, 0, 2.99268],
			"to": [12.98982, 2, 3.99268],
			"rotation": {"angle": 0, "axis": "y", "origin": [32.99857, 5.71429, -0.00875]},
			"faces": {
				"north": {"uv": [0.25, 7.375, 0.375, 7.625], "texture": "#1", "tintindex": 0},
				"east": {"uv": [0.375, 7.375, 0.25, 7.625], "texture": "#1", "tintindex": 0},
				"south": {"uv": [0.25, 7.375, 0.375, 7.625], "texture": "#1", "tintindex": 0},
				"west": {"uv": [0.375, 7.375, 0.25, 7.625], "texture": "#1", "tintindex": 0},
				"down": {"uv": [0.375, 7.75, 0.5, 7.875], "rotation": 90, "texture": "#1", "tintindex": 0}
			}
		},
		{
			"from": [-13.01018, 0, 11.99268],
			"to": [-12.01018, 2, 12.99268],
			"rotation": {"angle": 0, "axis": "y", "origin": [7.99857, 5.71429, 8.99125]},
			"faces": {
				"north": {"uv": [0.25, 7.375, 0.375, 7.625], "texture": "#1", "tintindex": 0},
				"east": {"uv": [0.375, 7.375, 0.25, 7.625], "texture": "#1", "tintindex": 0},
				"south": {"uv": [0.25, 7.375, 0.375, 7.625], "texture": "#1", "tintindex": 0},
				"west": {"uv": [0.375, 7.375, 0.25, 7.625], "texture": "#1", "tintindex": 0},
				"down": {"uv": [0.375, 7.75, 0.5, 7.875], "rotation": 90, "texture": "#1", "tintindex": 0}
			}
		},
		{
			"from": [11.98982, 0, 11.99268],
			"to": [12.98982, 2, 12.99268],
			"rotation": {"angle": 0, "axis": "y", "origin": [32.99857, 5.71429, 8.99125]},
			"faces": {
				"north": {"uv": [0.25, 7.375, 0.375, 7.625], "texture": "#1", "tintindex": 0},
				"east": {"uv": [0.375, 7.375, 0.25, 7.625], "texture": "#1", "tintindex": 0},
				"south": {"uv": [0.25, 7.375, 0.375, 7.625], "texture": "#1", "tintindex": 0},
				"west": {"uv": [0.375, 7.375, 0.25, 7.625], "texture": "#1", "tintindex": 0},
				"down": {"uv": [0.375, 7.75, 0.5, 7.875], "rotation": 90, "texture": "#1", "tintindex": 0}
			}
		},
		{
			"from": [5, 11, 2],
			"to": [7, 12, 2.5],
			"rotation": {"angle": 0, "axis": "y", "origin": [5, 11, 2]},
			"faces": {
				"north": {"uv": [5.125, 4.375, 5.375, 4.5], "texture": "#1"},
				"east": {"uv": [5.125, 4.375, 5.25, 4.5], "texture": "#1"},
				"west": {"uv": [5.25, 4.375, 5.375, 4.5], "texture": "#1"},
				"up": {"uv": [5.375, 4.375, 5.125, 4.5], "texture": "#1"},
				"down": {"uv": [5.375, 4.375, 5.125, 4.5], "texture": "#1"}
			}
		},
		{
			"from": [-7, 11, 2],
			"to": [-5, 12, 2.5],
			"rotation": {"angle": 0, "axis": "y", "origin": [-7, 11, 2]},
			"faces": {
				"north": {"uv": [5.375, 4.375, 5.125, 4.5], "texture": "#1"},
				"east": {"uv": [5.25, 4.375, 5.375, 4.5], "texture": "#1"},
				"west": {"uv": [5.125, 4.375, 5.25, 4.5], "texture": "#1"},
				"up": {"uv": [5.125, 4.375, 5.375, 4.5], "texture": "#1"},
				"down": {"uv": [5.125, 4.375, 5.375, 4.5], "texture": "#1"}
			}
		},
		{
			"from": [-11, 9, 2.5],
			"to": [-1, 13, 3],
			"rotation": {"angle": 0, "axis": "y", "origin": [-11, 9, 2]},
			"faces": {
				"north": {"uv": [5.875, 4.25, 4.625, 4.75], "texture": "#1"},
				"east": {"uv": [4.625, 4.25, 4.75, 4.75], "texture": "#1"},
				"west": {"uv": [5.75, 4.25, 5.875, 4.75], "texture": "#1"},
				"up": {"uv": [4.625, 4.25, 5.875, 4.375], "texture": "#1"},
				"down": {"uv": [4.625, 4.625, 5.875, 4.75], "texture": "#1"}
			}
		},
		{
			"from": [1, 9, 2.5],
			"to": [11, 13, 3],
			"rotation": {"angle": 0, "axis": "y", "origin": [1, 9, 2]},
			"faces": {
				"north": {"uv": [4.625, 4.25, 5.875, 4.75], "texture": "#1"},
				"east": {"uv": [4.625, 4.25, 4.75, 4.75], "texture": "#1"},
				"west": {"uv": [5.75, 4.25, 5.875, 4.75], "texture": "#1"},
				"up": {"uv": [4.625, 4.25, 5.875, 4.375], "texture": "#1"},
				"down": {"uv": [5.875, 4.625, 4.625, 4.75], "texture": "#1"}
			}
		},
		{
			"from": [0, 4, 3],
			"to": [13, 9, 13],
			"rotation": {"angle": 0, "axis": "y", "origin": [12, 4, 3]},
			"faces": {
				"north": {"uv": [4.375, 4.125, 6, 4.75], "texture": "#1"},
				"east": {"uv": [7.125, 0.375, 7.75, 1.625], "rotation": 90, "texture": "#1"},
				"south": {"uv": [6.625, 0, 7.25, 1.625], "rotation": 90, "texture": "#1"},
				"down": {"uv": [5.625, 7.75, 7.25, 6.5], "rotation": 180, "texture": "#1"}
			}
		},
		{
			"from": [1, 4, 2.5],
			"to": [11, 8, 3],
			"rotation": {"angle": 0, "axis": "y", "origin": [1, 4, 2]},
			"faces": {
				"north": {"uv": [4.625, 4.25, 5.875, 4.75], "texture": "#1"},
				"east": {"uv": [4.625, 4.25, 4.75, 4.75], "texture": "#1"},
				"west": {"uv": [5.75, 4.25, 5.875, 4.75], "texture": "#1"},
				"up": {"uv": [4.625, 4.25, 5.875, 4.375], "texture": "#1"},
				"down": {"uv": [5.875, 4.625, 4.625, 4.75], "texture": "#1"}
			}
		},
		{
			"from": [-13, 4, 3],
			"to": [0, 9, 13],
			"rotation": {"angle": 0, "axis": "y", "origin": [-1, 4, 3]},
			"faces": {
				"north": {"uv": [6, 4.125, 4.375, 4.75], "texture": "#1"},
				"south": {"uv": [6.625, 0.375, 7.25, 2], "rotation": 90, "texture": "#1"},
				"west": {"uv": [7.125, 0.375, 7.75, 1.625], "rotation": 90, "texture": "#1"},
				"down": {"uv": [7.5, 7.75, 9.125, 6.5], "rotation": 180, "texture": "#1"}
			}
		},
		{
			"from": [-11, 4, 2.5],
			"to": [-1, 8, 3],
			"rotation": {"angle": 0, "axis": "y", "origin": [-11, 4, 2]},
			"faces": {
				"north": {"uv": [5.875, 4.25, 4.625, 4.75], "texture": "#1"},
				"east": {"uv": [4.625, 4.25, 4.75, 4.75], "texture": "#1"},
				"west": {"uv": [5.75, 4.25, 5.875, 4.75], "texture": "#1"},
				"up": {"uv": [4.625, 4.25, 5.875, 4.375], "texture": "#1"},
				"down": {"uv": [4.625, 4.625, 5.875, 4.75], "texture": "#1"}
			}
		},
		{
			"from": [-7, 6, 2],
			"to": [-5, 7, 2.5],
			"rotation": {"angle": 0, "axis": "y", "origin": [-7, 6, 2]},
			"faces": {
				"north": {"uv": [5.375, 4.375, 5.125, 4.5], "texture": "#1"},
				"east": {"uv": [5.25, 4.375, 5.375, 4.5], "texture": "#1"},
				"west": {"uv": [5.125, 4.375, 5.25, 4.5], "texture": "#1"},
				"up": {"uv": [5.125, 4.375, 5.375, 4.5], "texture": "#1"},
				"down": {"uv": [5.125, 4.375, 5.375, 4.5], "texture": "#1"}
			}
		},
		{
			"from": [-13, 3, 3],
			"to": [13, 4, 13],
			"rotation": {"angle": 0, "axis": "y", "origin": [11, 3, 4]},
			"faces": {
				"north": {"uv": [5.75, 6.625, 9, 6.5], "texture": "#1"},
				"east": {"uv": [6.75, 6.5, 8, 6.625], "texture": "#1"},
				"south": {"uv": [5.75, 6.5, 9, 6.625], "texture": "#1"},
				"west": {"uv": [6.75, 6.5, 8, 6.625], "texture": "#1"},
				"down": {"uv": [5.75, 6.5, 9, 7.75], "texture": "#1"}
			}
		}
	],
	"display": {
		"thirdperson_righthand": {
			"rotation": [68, 0, 0],
			"translation": [3, 1.5, -3.5],
			"scale": [0.375, 0.375, 0.375]
		},
		"thirdperson_lefthand": {
			"rotation": [68, 0, 0],
			"translation": [-3, 1.5, -3.5],
			"scale": [0.375, 0.375, 0.375]
		},
		"firstperson_righthand": {
			"translation": [4.75, 0, 0.5],
			"scale": [0.4, 0.4, 0.4]
		},
		"firstperson_lefthand": {
			"translation": [-1.75, 0, 0.5],
			"scale": [0.4, 0.4, 0.4]
		},
		"ground": {
			"translation": [0, 3, 0],
			"scale": [0.25, 0.25, 0.25]
		},
		"gui": {
			"rotation": [30, -135, 0],
			"translation": [-2.5, -2.25, 0],
			"scale": [0.45, 0.45, 0.45]
		},
		"head": {
			"translation": [8, 3.35, 0]
		},
		"fixed": {
			"rotation": [-90, 0, 0],
			"translation": [0, 0, -16],
			"scale": [2, 2, 2]
		}
	}
}