{
	"format_version": "1.21.6",
	"texture_size": [128, 128],
	"textures": {
		"0": "cushion_1 - Copy",
		"2": "wooden_set_1",
		"particle": "wooden_set_1"
	},
	"elements": [
		{
			"name": "dyeable",
			"from": [0, 5, 0],
			"to": [16, 7.9, 16.15],
			"rotation": {"angle": 0, "axis": "y", "origin": [8, 17.5, 15]},
			"faces": {
				"north": {"uv": [0, 0, 8, 1.5], "rotation": 180, "texture": "#0", "tintindex": 0},
				"east": {"uv": [0, 0, 8, 1.5], "texture": "#0", "tintindex": 0},
				"south": {"uv": [0, 6.5, 8, 8], "rotation": 180, "texture": "#0", "tintindex": 0},
				"west": {"uv": [0, 0, 8, 1.5], "texture": "#0", "tintindex": 0},
				"up": {"uv": [0, 8, 8, 16], "rotation": 90, "texture": "#0", "tintindex": 0},
				"down": {"uv": [0, 8, 8, 16], "texture": "#0"}
			}
		},
		{
			"from": [13, 2, 2],
			"to": [15, 3, 4],
			"faces": {
				"north": {"uv": [2.5, 4.25, 2.75, 4.125], "texture": "#2"},
				"east": {"uv": [2.75, 4.25, 3, 4.125], "texture": "#2"},
				"south": {"uv": [2.75, 4.25, 3, 4.125], "texture": "#2"},
				"west": {"uv": [2.5, 4.25, 2.75, 4.125], "texture": "#2"},
				"down": {"uv": [4, 5.25, 4.25, 5.5], "texture": "#2"}
			}
		},
		{
			"from": [13, 2, 13],
			"to": [15, 3, 15],
			"faces": {
				"north": {"uv": [2.5, 4.25, 2.75, 4.125], "texture": "#2"},
				"east": {"uv": [2.75, 4.25, 3, 4.125], "texture": "#2"},
				"south": {"uv": [2.75, 4.25, 3, 4.125], "texture": "#2"},
				"west": {"uv": [2.5, 4.25, 2.75, 4.125], "texture": "#2"},
				"down": {"uv": [4, 5.25, 4.25, 5.5], "texture": "#2"}
			}
		},
		{
			"from": [1, 2, 2],
			"to": [3, 3, 4],
			"faces": {
				"north": {"uv": [2.5, 4.25, 2.75, 4.125], "texture": "#2"},
				"east": {"uv": [2.75, 4.25, 3, 4.125], "texture": "#2"},
				"south": {"uv": [2.75, 4.25, 3, 4.125], "texture": "#2"},
				"west": {"uv": [2.5, 4.25, 2.75, 4.125], "texture": "#2"},
				"down": {"uv": [4, 5.25, 4.25, 5.5], "texture": "#2"}
			}
		},
		{
			"from": [1, 2, 13],
			"to": [3, 3, 15],
			"faces": {
				"north": {"uv": [2.5, 4.25, 2.75, 4.125], "texture": "#2"},
				"east": {"uv": [2.75, 4.25, 3, 4.125], "texture": "#2"},
				"south": {"uv": [2.75, 4.25, 3, 4.125], "texture": "#2"},
				"west": {"uv": [2.5, 4.25, 2.75, 4.125], "texture": "#2"},
				"down": {"uv": [4, 5.25, 4.25, 5.5], "texture": "#2"}
			}
		},
		{
			"from": [1, 3, 1.125],
			"to": [15, 5, 15],
			"rotation": {"angle": 0, "axis": "y", "origin": [8, 5.1, 13.625]},
			"faces": {
				"north": {"uv": [5.125, 3.75, 4.875, 1.75], "rotation": 270, "texture": "#2"},
				"east": {"uv": [5.125, 1.75, 4.875, 3.75], "rotation": 270, "texture": "#2"},
				"south": {"uv": [5.125, 3.75, 4.875, 1.75], "rotation": 270, "texture": "#2"},
				"west": {"uv": [4.875, 3.75, 5.125, 1.75], "rotation": 90, "texture": "#2"},
				"up": {"uv": [6.5, 0, 8.5, 2], "rotation": 180, "texture": "#2"},
				"down": {"uv": [6.625, 0.125, 8.375, 1.875], "texture": "#2"}
			}
		},
		{
			"from": [2, 0, 3],
			"to": [3, 2, 4],
			"rotation": {"angle": 0, "axis": "y", "origin": [0, -2, 0]},
			"faces": {
				"north": {"uv": [2.625, 4, 2.75, 4.25], "texture": "#2"},
				"east": {"uv": [2.875, 4, 3, 4.25], "texture": "#2"},
				"south": {"uv": [2.875, 4, 3, 4.25], "texture": "#2"},
				"west": {"uv": [2.625, 4, 2.75, 4.25], "texture": "#2"},
				"down": {"uv": [4, 5.25, 4.25, 5.5], "texture": "#2"}
			}
		},
		{
			"from": [13, 0, 3],
			"to": [14, 2, 4],
			"rotation": {"angle": 0, "axis": "y", "origin": [11, -2, 0]},
			"faces": {
				"north": {"uv": [2.625, 4, 2.75, 4.25], "texture": "#2"},
				"east": {"uv": [2.875, 4, 3, 4.25], "texture": "#2"},
				"south": {"uv": [2.875, 4, 3, 4.25], "texture": "#2"},
				"west": {"uv": [2.625, 4, 2.75, 4.25], "texture": "#2"},
				"down": {"uv": [4, 5.25, 4.25, 5.5], "texture": "#2"}
			}
		},
		{
			"from": [13, 0, 13],
			"to": [14, 2, 14],
			"rotation": {"angle": 0, "axis": "y", "origin": [11, -2, 10]},
			"faces": {
				"north": {"uv": [2.625, 4, 2.75, 4.25], "texture": "#2"},
				"east": {"uv": [2.875, 4, 3, 4.25], "texture": "#2"},
				"south": {"uv": [2.875, 4, 3, 4.25], "texture": "#2"},
				"west": {"uv": [2.625, 4, 2.75, 4.25], "texture": "#2"},
				"down": {"uv": [4, 5.25, 4.25, 5.5], "texture": "#2"}
			}
		},
		{
			"from": [2, 0, 13],
			"to": [3, 2, 14],
			"rotation": {"angle": 0, "axis": "y", "origin": [0, -2, 10]},
			"faces": {
				"north": {"uv": [2.625, 4, 2.75, 4.25], "texture": "#2"},
				"east": {"uv": [2.875, 4, 3, 4.25], "texture": "#2"},
				"south": {"uv": [2.875, 4, 3, 4.25], "texture": "#2"},
				"west": {"uv": [2.625, 4, 2.75, 4.25], "texture": "#2"},
				"down": {"uv": [4, 5.25, 4.25, 5.5], "texture": "#2"}
			}
		}
	],
	"display": {
		"thirdperson_righthand": {
			"rotation": [37.75, 0, 0],
			"translation": [0, 0.75, -2],
			"scale": [0.3, 0.3, 0.3]
		},
		"thirdperson_lefthand": {
			"rotation": [37.75, 0, 0],
			"translation": [0, 0.75, -2],
			"scale": [0.3, 0.3, 0.3]
		},
		"firstperson_righthand": {
			"rotation": [-175, 75.5, -180],
			"translation": [0.25, 2.5, -0.5],
			"scale": [0.3, 0.3, 0.3]
		},
		"firstperson_lefthand": {
			"rotation": [-175, 75.5, -180],
			"translation": [0.25, 2.5, -0.5],
			"scale": [0.3, 0.3, 0.3]
		},
		"ground": {
			"scale": [0.3, 0.3, 0.3]
		},
		"gui": {
			"rotation": [-155.25, 40.5, -180],
			"translation": [0, -1.25, 0],
			"scale": [0.5, 0.5, 0.5]
		},
		"head": {
			"translation": [0, 12.5, 0],
			"scale": [0.78, 0.78, 0.78]
		},
		"fixed": {
			"rotation": [-90, 0, 0],
			"translation": [0, 0, -15],
			"scale": [2, 2, 2]
		}
	}
}