{
	"format_version": "1.21.6",
	"texture_size": [64, 64],
	"textures": {
		"1": "wooden_set_1"
	},
	"elements": [
		{
			"name": "dyeable",
			"from": [-12, 9, 3],
			"to": [12, 14, 3.01],
			"rotation": {"angle": 0, "axis": "y", "origin": [8, 15, 8]},
			"faces": {
				"north": {"uv": [0.125, 4.875, 3.125, 5.5], "texture": "#1", "tintindex": 0},
				"south": {"uv": [3.125, 4.875, 0.125, 5.5], "texture": "#1", "tintindex": 0},
				"down": {"uv": [0, 0.25, 0, 0.25], "texture": "#1"}
			}
		},
		{
			"name": "dyeable",
			"from": [-12, 9, 29],
			"to": [12, 14, 29.01],
			"rotation": {"angle": 0, "axis": "y", "origin": [8, 15, 8]},
			"faces": {
				"north": {"uv": [0.125, 4.875, 3.125, 5.5], "texture": "#1", "tintindex": 0},
				"south": {"uv": [3.125, 4.875, 0.125, 5.5], "texture": "#1", "tintindex": 0},
				"down": {"uv": [0, 0.25, 0, 0.25], "texture": "#1"}
			}
		},
		{
			"name": "dyeable",
			"from": [-16, 14, 0],
			"to": [16, 16, 32],
			"rotation": {"angle": 0, "axis": "y", "origin": [8, 15, 8]},
			"faces": {
				"north": {"uv": [4.25, 4.375, 2.25, 4.625], "texture": "#1", "tintindex": 0},
				"east": {"uv": [2.125, 4.375, 0.125, 4.625], "texture": "#1", "tintindex": 0},
				"south": {"uv": [4.25, 4.375, 2.25, 4.625], "texture": "#1", "tintindex": 0},
				"west": {"uv": [2.125, 4.375, 0.125, 4.625], "texture": "#1", "tintindex": 0},
				"up": {"uv": [0.125, 4.125, 4.125, 0.125], "texture": "#1", "tintindex": 0},
				"down": {"uv": [0.125, 4.125, 4.125, 0.125], "texture": "#1", "tintindex": 0}
			}
		},
		{
			"name": "dyeable",
			"from": [-13, 9, 4],
			"to": [-12.99, 14, 28],
			"rotation": {"angle": 0, "axis": "y", "origin": [8, 15, 8]},
			"faces": {
				"east": {"uv": [3.125, 4.875, 0.125, 5.5], "texture": "#1", "tintindex": 0},
				"west": {"uv": [3.125, 4.875, 0.125, 5.5], "texture": "#1", "tintindex": 0},
				"down": {"uv": [0, 0.25, 0, 0.25], "texture": "#1"}
			}
		},
		{
			"name": "dyeable",
			"from": [13, 9, 4],
			"to": [13.01, 14, 28],
			"rotation": {"angle": 0, "axis": "y", "origin": [8, 15, 8]},
			"faces": {
				"east": {"uv": [3.125, 4.875, 0.125, 5.5], "texture": "#1", "tintindex": 0},
				"west": {"uv": [3.125, 4.875, 0.125, 5.5], "texture": "#1", "tintindex": 0},
				"down": {"uv": [0, 0.25, 0, 0.25], "texture": "#1"}
			}
		},
		{
			"from": [11.98982, 5, 1.99268],
			"to": [13.98982, 14, 3.99268],
			"rotation": {"angle": 0, "axis": "y", "origin": [7.99857, 10.71429, -0.00875]},
			"faces": {
				"north": {"uv": [0.625, 5.75, 0.375, 6.875], "texture": "#1", "tintindex": 0},
				"east": {"uv": [0.625, 5.75, 0.875, 6.875], "texture": "#1", "tintindex": 0},
				"south": {"uv": [1.125, 5.75, 0.875, 6.875], "texture": "#1", "tintindex": 0},
				"west": {"uv": [0.125, 5.75, 0.375, 6.875], "texture": "#1", "tintindex": 0},
				"up": {"uv": [0, 0, 0, 0], "texture": "#missing"},
				"down": {"uv": [4.25, 4.875, 4, 5.125], "rotation": 180, "texture": "#1", "tintindex": 0}
			}
		},
		{
			"from": [11.98982, 0, 2.99268],
			"to": [12.98982, 5, 3.99268],
			"rotation": {"angle": 0, "axis": "y", "origin": [32.99857, 5.71429, -0.00875]},
			"faces": {
				"north": {"uv": [0.25, 7, 0.375, 7.625], "texture": "#1", "tintindex": 0},
				"east": {"uv": [0.375, 7, 0.25, 7.625], "texture": "#1", "tintindex": 0},
				"south": {"uv": [0.25, 7, 0.375, 7.625], "texture": "#1", "tintindex": 0},
				"west": {"uv": [0.375, 7, 0.25, 7.625], "texture": "#1", "tintindex": 0},
				"down": {"uv": [0.375, 7.75, 0.5, 7.875], "rotation": 90, "texture": "#1", "tintindex": 0}
			}
		},
		{
			"from": [-13.01018, 0, 2.99268],
			"to": [-12.01018, 5, 3.99268],
			"rotation": {"angle": 0, "axis": "y", "origin": [7.99857, 5.71429, -0.00875]},
			"faces": {
				"north": {"uv": [0.25, 7, 0.375, 7.625], "texture": "#1", "tintindex": 0},
				"east": {"uv": [0.375, 7, 0.25, 7.625], "texture": "#1", "tintindex": 0},
				"south": {"uv": [0.25, 7, 0.375, 7.625], "texture": "#1", "tintindex": 0},
				"west": {"uv": [0.375, 7, 0.25, 7.625], "texture": "#1", "tintindex": 0},
				"down": {"uv": [0.375, 7.75, 0.5, 7.875], "rotation": 90, "texture": "#1", "tintindex": 0}
			}
		},
		{
			"from": [-14.01018, 5, 1.99268],
			"to": [-12.01018, 14, 3.99268],
			"rotation": {"angle": 0, "axis": "y", "origin": [-18.00143, 10.71429, -0.00875]},
			"faces": {
				"north": {"uv": [0.375, 5.75, 0.625, 6.875], "texture": "#1", "tintindex": 0},
				"east": {"uv": [0.875, 5.75, 0.625, 6.875], "texture": "#1", "tintindex": 0},
				"south": {"uv": [0.875, 5.75, 1.125, 6.875], "texture": "#1", "tintindex": 0},
				"west": {"uv": [0.375, 5.75, 0.125, 6.875], "texture": "#1", "tintindex": 0},
				"up": {"uv": [0, 0, 0, 0], "texture": "#missing"},
				"down": {"uv": [4.25, 4.875, 4, 5.125], "rotation": 180, "texture": "#1", "tintindex": 0}
			}
		},
		{
			"from": [-13.01018, 0, 27.99268],
			"to": [-12.01018, 5, 28.99268],
			"rotation": {"angle": 0, "axis": "y", "origin": [7.99857, 5.71429, 24.99125]},
			"faces": {
				"north": {"uv": [0.25, 7, 0.375, 7.625], "texture": "#1", "tintindex": 0},
				"east": {"uv": [0.375, 7, 0.25, 7.625], "texture": "#1", "tintindex": 0},
				"south": {"uv": [0.25, 7, 0.375, 7.625], "texture": "#1", "tintindex": 0},
				"west": {"uv": [0.375, 7, 0.25, 7.625], "texture": "#1", "tintindex": 0},
				"down": {"uv": [0.375, 7.75, 0.5, 7.875], "rotation": 90, "texture": "#1", "tintindex": 0}
			}
		},
		{
			"from": [-14.01018, 5, 27.99268],
			"to": [-12.01018, 14, 29.99268],
			"rotation": {"angle": 0, "axis": "y", "origin": [-18.00143, 10.71429, 25.99125]},
			"faces": {
				"north": {"uv": [0.625, 5.75, 0.375, 6.875], "texture": "#1", "tintindex": 0},
				"east": {"uv": [0.625, 5.75, 0.875, 6.875], "texture": "#1", "tintindex": 0},
				"south": {"uv": [1.125, 5.75, 0.875, 6.875], "texture": "#1", "tintindex": 0},
				"west": {"uv": [0.125, 5.75, 0.375, 6.875], "texture": "#1", "tintindex": 0},
				"up": {"uv": [0, 0, 0, 0], "texture": "#missing"},
				"down": {"uv": [4, 5.125, 4.25, 4.875], "rotation": 270, "texture": "#1", "tintindex": 0}
			}
		},
		{
			"from": [11.98982, 5, 27.99268],
			"to": [13.98982, 14, 29.99268],
			"rotation": {"angle": 0, "axis": "y", "origin": [7.99857, 10.71429, 25.99125]},
			"faces": {
				"north": {"uv": [0.375, 5.75, 0.625, 6.875], "texture": "#1", "tintindex": 0},
				"east": {"uv": [0.875, 5.75, 0.625, 6.875], "texture": "#1", "tintindex": 0},
				"south": {"uv": [0.875, 5.75, 1.125, 6.875], "texture": "#1", "tintindex": 0},
				"west": {"uv": [0.375, 5.75, 0.125, 6.875], "texture": "#1", "tintindex": 0},
				"up": {"uv": [0, 0, 0, 0], "texture": "#missing"},
				"down": {"uv": [4.25, 4.875, 4, 5.125], "rotation": 180, "texture": "#1", "tintindex": 0}
			}
		},
		{
			"from": [11.98982, 0, 27.99268],
			"to": [12.98982, 5, 28.99268],
			"rotation": {"angle": 0, "axis": "y", "origin": [32.99857, 5.71429, 24.99125]},
			"faces": {
				"north": {"uv": [0.25, 7, 0.375, 7.625], "texture": "#1", "tintindex": 0},
				"east": {"uv": [0.375, 7, 0.25, 7.625], "texture": "#1", "tintindex": 0},
				"south": {"uv": [0.25, 7, 0.375, 7.625], "texture": "#1", "tintindex": 0},
				"west": {"uv": [0.375, 7, 0.25, 7.625], "texture": "#1", "tintindex": 0},
				"down": {"uv": [0.375, 7.75, 0.5, 7.875], "rotation": 90, "texture": "#1", "tintindex": 0}
			}
		}
	],
	"display": {
		"thirdperson_righthand": {
			"rotation": [68, 0, 0],
			"translation": [3, 7, -5.5],
			"scale": [0.375, 0.375, 0.375]
		},
		"thirdperson_lefthand": {
			"rotation": [68, 0, 0],
			"translation": [-3, 7, -5.5],
			"scale": [0.375, 0.375, 0.375]
		},
		"firstperson_righthand": {
			"translation": [1, 0, 0],
			"scale": [0.4, 0.4, 0.4]
		},
		"firstperson_lefthand": {
			"translation": [-4, 0, 0],
			"scale": [0.4, 0.4, 0.4]
		},
		"ground": {
			"translation": [0, 3, 0],
			"scale": [0.25, 0.25, 0.25]
		},
		"gui": {
			"rotation": [30, -135, 0],
			"translation": [0, -3.5, 0],
			"scale": [0.33, 0.33, 0.33]
		},
		"head": {
			"translation": [8, 1.5, -8]
		},
		"fixed": {
			"rotation": [-90, 0, 0],
			"translation": [0, 0, -16],
			"scale": [2, 2, 2]
		}
	}
}