{
	"format_version": "1.21.6",
	"texture_size": [128, 128],
	"textures": {
		"0": "wooden_set_1",
		"particle": "wooden_set_1"
	},
	"elements": [
		{
			"from": [-16, 13, 2],
			"to": [16, 16, 16],
			"rotation": {"angle": 0, "axis": "y", "origin": [16, 0, 0]},
			"faces": {
				"north": {"uv": [8.625, 0.25, 9, 2.25], "rotation": 90, "texture": "#0", "tintindex": 0},
				"east": {"uv": [8.625, 0.375, 9, 2.125], "rotation": 90, "texture": "#0", "tintindex": 0},
				"south": {"uv": [8.625, 0.25, 9, 2.25], "rotation": 90, "texture": "#0", "tintindex": 0},
				"west": {"uv": [8.625, 0.375, 9, 2.125], "rotation": 90, "texture": "#0", "tintindex": 0},
				"up": {"uv": [4.375, 0, 6.375, 4], "rotation": 90, "texture": "#0", "tintindex": 0},
				"down": {"uv": [4.375, 0, 6.375, 4], "rotation": 270, "texture": "#0", "tintindex": 0}
			}
		},
		{
			"from": [-16, 10, 14],
			"to": [-14, 13, 16],
			"rotation": {"angle": 0, "axis": "y", "origin": [-16, 10, 14]},
			"faces": {
				"north": {"uv": [9.375, 0, 9.125, 0.375], "texture": "#0"},
				"east": {"uv": [9.125, 0, 9.375, 0.375], "texture": "#0"},
				"south": {"uv": [9.375, 0, 9.125, 0.375], "texture": "#0"},
				"west": {"uv": [9.125, 0, 9.375, 0.375], "texture": "#0"},
				"down": {"uv": [4.375, 4.875, 4.625, 5.125], "rotation": 270, "texture": "#0"}
			}
		},
		{
			"from": [-15, 8, 15],
			"to": [-14, 10, 16],
			"rotation": {"angle": 0, "axis": "y", "origin": [-15, 9, 15]},
			"faces": {
				"north": {"uv": [6.375, 4.375, 6.5, 4.625], "texture": "#0"},
				"east": {"uv": [6.375, 4.375, 6.5, 4.625], "texture": "#0"},
				"south": {"uv": [6.375, 4.375, 6.5, 4.625], "texture": "#0"},
				"west": {"uv": [6.375, 4.375, 6.5, 4.625], "texture": "#0"},
				"down": {"uv": [0, 0, 0.125, 0.125], "texture": "#0"}
			}
		},
		{
			"from": [-15, 8, 2],
			"to": [-15, 13, 15],
			"rotation": {"angle": 0, "axis": "y", "origin": [-16, 0, 0]},
			"faces": {
				"north": {"uv": [0, 0, 0, 0.625], "texture": "#missing"},
				"east": {"uv": [6.5, 5.375, 4.875, 4.75], "texture": "#0"},
				"south": {"uv": [0, 0, 0, 0.625], "texture": "#missing"},
				"west": {"uv": [4.875, 5.375, 6.5, 4.75], "texture": "#0"},
				"up": {"uv": [0, 0, 0, 1.625], "texture": "#missing"},
				"down": {"uv": [0, 0, 0, 1.625], "texture": "#missing"}
			}
		},
		{
			"from": [14, 8, 15],
			"to": [15, 10, 16],
			"rotation": {"angle": 0, "axis": "y", "origin": [14, 9, 15]},
			"faces": {
				"north": {"uv": [6.375, 4.375, 6.5, 4.625], "texture": "#0"},
				"east": {"uv": [6.375, 4.375, 6.5, 4.625], "texture": "#0"},
				"south": {"uv": [6.375, 4.375, 6.5, 4.625], "texture": "#0"},
				"west": {"uv": [6.375, 4.375, 6.5, 4.625], "texture": "#0"},
				"down": {"uv": [0, 0, 0.125, 0.125], "texture": "#0"}
			}
		},
		{
			"from": [15, 8, 2],
			"to": [15, 13, 15],
			"rotation": {"angle": 0, "axis": "y", "origin": [14, 0, 0]},
			"faces": {
				"north": {"uv": [0, 0, 0, 0.625], "texture": "#missing"},
				"east": {"uv": [6.5, 5.375, 4.875, 4.75], "texture": "#0"},
				"south": {"uv": [0, 0, 0, 0.625], "texture": "#missing"},
				"west": {"uv": [4.875, 5.375, 6.5, 4.75], "texture": "#0"},
				"up": {"uv": [0, 0, 0, 1.625], "texture": "#missing"},
				"down": {"uv": [0, 0, 0, 1.625], "texture": "#missing"}
			}
		},
		{
			"from": [14, 10, 14],
			"to": [16, 13, 16],
			"rotation": {"angle": 0, "axis": "y", "origin": [14, 10, 14]},
			"faces": {
				"north": {"uv": [9.125, 0, 9.375, 0.375], "texture": "#0"},
				"east": {"uv": [9.375, 0, 9.125, 0.375], "texture": "#0"},
				"south": {"uv": [9.125, 0, 9.375, 0.375], "texture": "#0"},
				"west": {"uv": [9.375, 0, 9.125, 0.375], "texture": "#0"},
				"down": {"uv": [4.375, 4.875, 4.625, 5.125], "rotation": 270, "texture": "#0"}
			}
		}
	],
	"gui_light": "front",
	"display": {
		"thirdperson_righthand": {
			"rotation": [63, 34, 0],
			"translation": [0.75, 2, 1],
			"scale": [0.22657, 0.22657, 0.22657]
		},
		"thirdperson_lefthand": {
			"rotation": [63, 34, 0],
			"translation": [-2.25, 1, 1],
			"scale": [0.22657, 0.22657, 0.22657]
		},
		"firstperson_righthand": {
			"rotation": [3, 112, -13],
			"translation": [5.75, 1.25, -5.5],
			"scale": [0.20508, 0.20508, 0.20508]
		},
		"firstperson_lefthand": {
			"rotation": [3, 112, -13],
			"translation": [9.25, 0.75, -4.75],
			"scale": [0.20508, 0.20508, 0.20508]
		},
		"ground": {
			"translation": [1.5, 4.25, 0],
			"scale": [0.19922, 0.19922, 0.19922]
		},
		"gui": {
			"rotation": [30, -158, 0],
			"translation": [-2.75, 2.25, 0],
			"scale": [0.38828, 0.38828, 0.38828]
		},
		"head": {
			"translation": [0, -30.5, 0],
			"scale": [1.6, 1.6, 1.6]
		},
		"fixed": {
			"translation": [0, 0, -16],
			"scale": [2, 2, 2]
		}
	}
}