{
	"format_version": "1.21.6",
	"texture_size": [64, 64],
	"textures": {
		"1": "wooden_set_1",
		"particle": "wooden_set_1"
	},
	"elements": [
		{
			"name": "dyeable",
			"from": [-3, 9, 4],
			"to": [-3, 14, 14],
			"rotation": {"angle": 0, "axis": "y", "origin": [18, 11, 24]},
			"faces": {
				"north": {"uv": [0, 0, 0, 0], "texture": "#1"},
				"east": {"uv": [1.875, 4.875, 3.125, 5.5], "texture": "#1", "tintindex": 0},
				"south": {"uv": [0, 0, 0, 0], "texture": "#1"},
				"west": {"uv": [3.125, 4.875, 1.875, 5.5], "texture": "#1", "tintindex": 0},
				"up": {"uv": [0, 0, 0, 0], "rotation": 90, "texture": "#1"},
				"down": {"uv": [0, 0.25, 0, 0.25], "rotation": 270, "texture": "#1"}
			}
		},
		{
			"name": "dyeable",
			"from": [-16, 14, 0],
			"to": [0, 16, 16],
			"rotation": {"angle": 0, "axis": "y", "origin": [8, 11, 24]},
			"faces": {
				"north": {"uv": [2.25, 4.375, 4.25, 4.625], "texture": "#1", "tintindex": 0},
				"east": {"uv": [0.125, 4.375, 2.125, 4.625], "texture": "#1", "tintindex": 0},
				"west": {"uv": [0.125, 4.375, 2.125, 4.625], "texture": "#1", "tintindex": 0},
				"up": {"uv": [4.375, 2, 6.375, 0], "rotation": 180, "texture": "#1", "tintindex": 0},
				"down": {"uv": [4.375, 4, 6.375, 2], "rotation": 180, "texture": "#1", "tintindex": 0}
			}
		},
		{
			"name": "dyeable",
			"from": [-12, 9, 3],
			"to": [-8, 14, 3],
			"rotation": {"angle": 0, "axis": "y", "origin": [8, 11, 24]},
			"faces": {
				"north": {"uv": [2.625, 4.875, 3.125, 5.5], "texture": "#1", "tintindex": 0},
				"south": {"uv": [0.125, 4.875, 0.625, 5.5], "texture": "#1", "tintindex": 0},
				"down": {"uv": [0, 0.25, 0, 0.25], "rotation": 270, "texture": "#1"}
			}
		},
		{
			"name": "dyeable",
			"from": [-8, 9, 3],
			"to": [-4, 14, 3],
			"rotation": {"angle": 0, "axis": "y", "origin": [8, 11, 24]},
			"faces": {
				"north": {"uv": [0.125, 4.875, 0.625, 5.5], "texture": "#1", "tintindex": 0},
				"south": {"uv": [2.625, 4.875, 3.125, 5.5], "texture": "#1", "tintindex": 0},
				"down": {"uv": [0, 0.25, 0, 0.25], "rotation": 270, "texture": "#1"}
			}
		},
		{
			"name": "dyeable",
			"from": [0, 14, 16],
			"to": [16, 16, 32],
			"rotation": {"angle": 0, "axis": "y", "origin": [8, 11, 8]},
			"faces": {
				"north": {"uv": [1.875, 0.125, 3.875, 0.375], "texture": "#1", "tintindex": 0},
				"south": {"uv": [0.75, 0.125, 2.75, 0.375], "texture": "#1", "tintindex": 0},
				"up": {"uv": [4.375, 0.625, 6.375, 2.625], "rotation": 270, "texture": "#1", "tintindex": 0},
				"down": {"uv": [6.375, 2.875, 4.375, 0.875], "rotation": 270, "texture": "#1", "tintindex": 0}
			}
		},
		{
			"name": "dyeable",
			"from": [10, 9, 19],
			"to": [16, 14, 19],
			"rotation": {"angle": 0, "axis": "y", "origin": [8, 11, 8]},
			"faces": {
				"north": {"uv": [0.625, 4.875, 1.5, 5.5], "texture": "#1", "tintindex": 0},
				"south": {"uv": [0.625, 4.875, 2.625, 5.5], "texture": "#1", "tintindex": 0},
				"down": {"uv": [0, 0.25, 0, 0.25], "texture": "#1"}
			}
		},
		{
			"name": "dyeable",
			"from": [0, 9, 29],
			"to": [16, 14, 29],
			"rotation": {"angle": 0, "axis": "y", "origin": [8, 11, 8]},
			"faces": {
				"north": {"uv": [0.625, 4.875, 2.625, 5.5], "texture": "#1", "tintindex": 0},
				"south": {"uv": [0.625, 4.875, 2.625, 5.5], "texture": "#1", "tintindex": 0},
				"down": {"uv": [0, 0.25, 0, 0.25], "texture": "#1"}
			}
		},
		{
			"name": "dyeable",
			"from": [28.99, 9, 20],
			"to": [29, 14, 24],
			"rotation": {"angle": 0, "axis": "y", "origin": [8, 11, 8]},
			"faces": {
				"east": {"uv": [2.625, 4.875, 3.125, 5.5], "texture": "#1", "tintindex": 0},
				"west": {"uv": [0.125, 4.875, 0.625, 5.5], "texture": "#1", "tintindex": 0},
				"down": {"uv": [0, 0.25, 0, 0.25], "texture": "#1"}
			}
		},
		{
			"name": "dyeable",
			"from": [28.99, 9, 24],
			"to": [29, 14, 28],
			"rotation": {"angle": 0, "axis": "y", "origin": [8, 11, 8]},
			"faces": {
				"east": {"uv": [0.125, 4.875, 0.625, 5.5], "texture": "#1", "tintindex": 0},
				"west": {"uv": [2.625, 4.875, 3.125, 5.5], "texture": "#1", "tintindex": 0},
				"down": {"uv": [0, 0.25, 0, 0.25], "texture": "#1"}
			}
		},
		{
			"name": "dyeable",
			"from": [16, 14, 16],
			"to": [32, 16, 32],
			"rotation": {"angle": 0, "axis": "y", "origin": [8, 11, 8]},
			"faces": {
				"north": {"uv": [2.25, 4.375, 4.25, 4.625], "texture": "#1", "tintindex": 0},
				"east": {"uv": [0.125, 4.375, 2.125, 4.625], "texture": "#1", "tintindex": 0},
				"south": {"uv": [2.25, 4.375, 4.25, 4.625], "texture": "#1", "tintindex": 0},
				"up": {"uv": [6.375, 4, 4.375, 2], "rotation": 90, "texture": "#1", "tintindex": 0},
				"down": {"uv": [6.375, 2, 4.375, 0], "rotation": 270, "texture": "#1", "tintindex": 0}
			}
		},
		{
			"name": "dyeable",
			"from": [16, 9, 19],
			"to": [28, 14, 19],
			"rotation": {"angle": 0, "axis": "y", "origin": [8, 11, 8]},
			"faces": {
				"north": {"uv": [0.125, 4.875, 1.625, 5.5], "texture": "#1", "tintindex": 0},
				"east": {"uv": [0, 0.25, 0, 0.25], "texture": "#1"},
				"south": {"uv": [1.625, 4.875, 0.125, 5.5], "texture": "#1", "tintindex": 0},
				"down": {"uv": [0, 0.25, 0, 0.25], "texture": "#1"}
			}
		},
		{
			"name": "dyeable",
			"from": [16, 9, 29],
			"to": [28, 14, 29],
			"rotation": {"angle": 0, "axis": "y", "origin": [8, 11, 8]},
			"faces": {
				"north": {"uv": [0.125, 4.875, 1.625, 5.5], "texture": "#1", "tintindex": 0},
				"east": {"uv": [0, 0.25, 0, 0.25], "texture": "#1"},
				"south": {"uv": [1.625, 4.875, 0.125, 5.5], "texture": "#1", "tintindex": 0},
				"down": {"uv": [0, 0.25, 0, 0.25], "texture": "#1"}
			}
		},
		{
			"name": "dyeable",
			"from": [-16, 14, 16],
			"to": [0, 16, 32],
			"rotation": {"angle": 0, "axis": "y", "origin": [8, 11, 8]},
			"faces": {
				"north": {"uv": [2.125, 4.375, 0.125, 4.625], "texture": "#1", "tintindex": 0},
				"east": {"uv": [4.25, 4.375, 2.25, 4.625], "texture": "#1", "tintindex": 0},
				"south": {"uv": [4.25, 4.375, 2.25, 4.625], "texture": "#1", "tintindex": 0},
				"west": {"uv": [2.25, 4.375, 4.25, 4.625], "texture": "#1", "tintindex": 0},
				"up": {"uv": [8.5, 2.125, 6.5, 4.125], "rotation": 90, "texture": "#1", "tintindex": 0},
				"down": {"uv": [6.5, 2.125, 8.5, 4.125], "rotation": 90, "texture": "#1", "tintindex": 0}
			}
		},
		{
			"name": "dyeable",
			"from": [-13, 9, 4],
			"to": [-13, 14, 16],
			"rotation": {"angle": 0, "axis": "y", "origin": [8, 11, 24]},
			"faces": {
				"north": {"uv": [0, 0, 0, 0], "texture": "#1"},
				"east": {"uv": [1.625, 4.875, 3.125, 5.5], "texture": "#1", "tintindex": 0},
				"south": {"uv": [0, 0, 0, 0], "texture": "#1"},
				"west": {"uv": [0.125, 4.875, 1.625, 5.5], "texture": "#1", "tintindex": 0},
				"up": {"uv": [0, 0, 0, 0], "rotation": 90, "texture": "#1"},
				"down": {"uv": [0, 0.25, 0, 0.25], "rotation": 270, "texture": "#1"}
			}
		},
		{
			"name": "dyeable",
			"from": [-3, 9, 14],
			"to": [-3, 14, 18],
			"rotation": {"angle": 0, "axis": "y", "origin": [18, 11, 28]},
			"faces": {
				"north": {"uv": [0, 0, 0, 0], "texture": "#1"},
				"east": {"uv": [0.125, 4.875, 0.625, 5.5], "texture": "#1", "tintindex": 0},
				"south": {"uv": [0, 0, 0, 0], "texture": "#1"},
				"west": {"uv": [0.625, 4.875, 0.125, 5.5], "texture": "#1", "tintindex": 0},
				"up": {"uv": [0, 0, 0, 0], "rotation": 90, "texture": "#1"},
				"down": {"uv": [0, 0.25, 0, 0.25], "rotation": 270, "texture": "#1"}
			}
		},
		{
			"name": "dyeable",
			"from": [-12, 9, 29],
			"to": [0, 14, 29],
			"rotation": {"angle": 0, "axis": "y", "origin": [8, 11, 8]},
			"faces": {
				"north": {"uv": [1.625, 4.875, 3.125, 5.5], "texture": "#1", "tintindex": 0},
				"east": {"uv": [0, 0, 0, 0], "texture": "#1"},
				"south": {"uv": [0.125, 4.875, 1.625, 5.5], "texture": "#1", "tintindex": 0},
				"west": {"uv": [0, 0, 0, 0], "texture": "#1"},
				"up": {"uv": [0, 0, 0, 0], "texture": "#1"},
				"down": {"uv": [0, 0.25, 0, 0.25], "texture": "#1"}
			}
		},
		{
			"name": "dyeable",
			"from": [-2, 9, 19],
			"to": [10, 14, 19],
			"rotation": {"angle": 0, "axis": "y", "origin": [8, 11, 8]},
			"faces": {
				"north": {"uv": [1.625, 4.875, 0.125, 5.5], "texture": "#1", "tintindex": 0},
				"south": {"uv": [0.125, 4.875, 1.625, 5.5], "texture": "#1", "tintindex": 0},
				"west": {"uv": [0, 0.25, 0, 0.25], "texture": "#1"},
				"down": {"uv": [0, 0.25, 0, 0.25], "texture": "#1"}
			}
		},
		{
			"name": "dyeable",
			"from": [-13, 9, 16],
			"to": [-13, 14, 28],
			"rotation": {"angle": 0, "axis": "y", "origin": [8, 11, 8]},
			"faces": {
				"east": {"uv": [0.125, 4.875, 1.625, 5.5], "texture": "#1", "tintindex": 0},
				"south": {"uv": [0, 0.25, 0, 0.25], "texture": "#1"},
				"west": {"uv": [1.625, 4.875, 0.125, 5.5], "texture": "#1", "tintindex": 0},
				"down": {"uv": [0, 0.25, 0, 0.25], "rotation": 270, "texture": "#1"}
			}
		},
		{
			"from": [-13.01018, 0, 2.99268],
			"to": [-12.01018, 5, 3.99268],
			"rotation": {"angle": 0, "axis": "y", "origin": [7.99857, 5.71429, -0.00875]},
			"faces": {
				"north": {"uv": [0.25, 7, 0.375, 7.625], "texture": "#1", "tintindex": 0},
				"east": {"uv": [0.375, 7, 0.25, 7.625], "texture": "#1", "tintindex": 0},
				"south": {"uv": [0.25, 7, 0.375, 7.625], "texture": "#1", "tintindex": 0},
				"west": {"uv": [0.375, 7, 0.25, 7.625], "texture": "#1", "tintindex": 0},
				"down": {"uv": [0.375, 7.75, 0.5, 7.875], "rotation": 90, "texture": "#1", "tintindex": 0}
			}
		},
		{
			"from": [-14.01018, 5, 1.99268],
			"to": [-12.01018, 14, 3.99268],
			"rotation": {"angle": 0, "axis": "y", "origin": [-18.00143, 10.71429, -0.00875]},
			"faces": {
				"north": {"uv": [0.375, 5.75, 0.625, 6.875], "texture": "#1", "tintindex": 0},
				"east": {"uv": [0.875, 5.75, 0.625, 6.875], "texture": "#1", "tintindex": 0},
				"south": {"uv": [0.875, 5.75, 1.125, 6.875], "texture": "#1", "tintindex": 0},
				"west": {"uv": [0.375, 5.75, 0.125, 6.875], "texture": "#1", "tintindex": 0},
				"up": {"uv": [0, 0, 0, 0], "texture": "#missing"},
				"down": {"uv": [4, 5.125, 4.25, 4.875], "rotation": 270, "texture": "#1", "tintindex": 0}
			}
		},
		{
			"from": [-4.01018, 0, 2.99268],
			"to": [-3.01018, 5, 3.99268],
			"rotation": {"angle": 0, "axis": "y", "origin": [16.99857, 5.71429, -0.00875]},
			"faces": {
				"north": {"uv": [0.25, 7, 0.375, 7.625], "texture": "#1", "tintindex": 0},
				"east": {"uv": [0.375, 7, 0.25, 7.625], "texture": "#1", "tintindex": 0},
				"south": {"uv": [0.25, 7, 0.375, 7.625], "texture": "#1", "tintindex": 0},
				"west": {"uv": [0.375, 7, 0.25, 7.625], "texture": "#1", "tintindex": 0},
				"down": {"uv": [0.375, 7.75, 0.5, 7.875], "rotation": 90, "texture": "#1", "tintindex": 0}
			}
		},
		{
			"from": [-4.01018, 5, 1.99268],
			"to": [-2.01018, 14, 3.99268],
			"rotation": {"angle": 0, "axis": "y", "origin": [-8.00143, 10.71429, -0.00875]},
			"faces": {
				"north": {"uv": [0.625, 5.75, 0.375, 6.875], "texture": "#1", "tintindex": 0},
				"east": {"uv": [0.625, 5.75, 0.875, 6.875], "texture": "#1", "tintindex": 0},
				"south": {"uv": [1.125, 5.75, 0.875, 6.875], "texture": "#1", "tintindex": 0},
				"west": {"uv": [0.125, 5.75, 0.375, 6.875], "texture": "#1", "tintindex": 0},
				"up": {"uv": [0, 0, 0, 0], "texture": "#missing"},
				"down": {"uv": [4, 5.125, 4.25, 4.875], "rotation": 270, "texture": "#1", "tintindex": 0}
			}
		},
		{
			"from": [-4.01018, 0, 18.99268],
			"to": [-3.01018, 5, 19.99268],
			"rotation": {"angle": 0, "axis": "y", "origin": [16.99857, 5.71429, 15.99125]},
			"faces": {
				"north": {"uv": [0.25, 7, 0.375, 7.625], "texture": "#1", "tintindex": 0},
				"east": {"uv": [0.375, 7, 0.25, 7.625], "texture": "#1", "tintindex": 0},
				"south": {"uv": [0.25, 7, 0.375, 7.625], "texture": "#1", "tintindex": 0},
				"west": {"uv": [0.375, 7, 0.25, 7.625], "texture": "#1", "tintindex": 0},
				"down": {"uv": [0.375, 7.75, 0.5, 7.875], "rotation": 90, "texture": "#1", "tintindex": 0}
			}
		},
		{
			"from": [-4.01018, 5, 17.99268],
			"to": [-2.01018, 14, 19.99268],
			"rotation": {"angle": 0, "axis": "y", "origin": [-8.00143, 10.71429, 15.99125]},
			"faces": {
				"north": {"uv": [0.625, 5.75, 0.375, 6.875], "texture": "#1", "tintindex": 0},
				"east": {"uv": [0.625, 5.75, 0.875, 6.875], "texture": "#1", "tintindex": 0},
				"south": {"uv": [1.125, 5.75, 0.875, 6.875], "texture": "#1", "tintindex": 0},
				"west": {"uv": [0.125, 5.75, 0.375, 6.875], "texture": "#1", "tintindex": 0},
				"up": {"uv": [0, 0, 0, 0], "texture": "#missing"},
				"down": {"uv": [4, 5.125, 4.25, 4.875], "rotation": 270, "texture": "#1", "tintindex": 0}
			}
		},
		{
			"from": [27.98982, 0, 18.99268],
			"to": [28.98982, 5, 19.99268],
			"rotation": {"angle": 0, "axis": "y", "origin": [48.99857, 5.71429, 15.99125]},
			"faces": {
				"north": {"uv": [0.25, 7, 0.375, 7.625], "texture": "#1", "tintindex": 0},
				"east": {"uv": [0.375, 7, 0.25, 7.625], "texture": "#1", "tintindex": 0},
				"south": {"uv": [0.25, 7, 0.375, 7.625], "texture": "#1", "tintindex": 0},
				"west": {"uv": [0.375, 7, 0.25, 7.625], "texture": "#1", "tintindex": 0},
				"down": {"uv": [0.375, 7.75, 0.5, 7.875], "rotation": 90, "texture": "#1", "tintindex": 0}
			}
		},
		{
			"from": [27.98982, 5, 17.99268],
			"to": [29.98982, 14, 19.99268],
			"rotation": {"angle": 0, "axis": "y", "origin": [23.99857, 10.71429, 15.99125]},
			"faces": {
				"north": {"uv": [0.625, 5.75, 0.375, 6.875], "texture": "#1", "tintindex": 0},
				"east": {"uv": [0.625, 5.75, 0.875, 6.875], "texture": "#1", "tintindex": 0},
				"south": {"uv": [1.125, 5.75, 0.875, 6.875], "texture": "#1", "tintindex": 0},
				"west": {"uv": [0.125, 5.75, 0.375, 6.875], "texture": "#1", "tintindex": 0},
				"up": {"uv": [0, 0, 0, 0], "texture": "#missing"},
				"down": {"uv": [4, 5.125, 4.25, 4.875], "rotation": 270, "texture": "#1", "tintindex": 0}
			}
		},
		{
			"from": [-13.01018, 0, 27.99268],
			"to": [-12.01018, 5, 28.99268],
			"rotation": {"angle": 0, "axis": "y", "origin": [7.99857, 5.71429, 24.99125]},
			"faces": {
				"north": {"uv": [0.25, 7, 0.375, 7.625], "texture": "#1", "tintindex": 0},
				"east": {"uv": [0.375, 7, 0.25, 7.625], "texture": "#1", "tintindex": 0},
				"south": {"uv": [0.25, 7, 0.375, 7.625], "texture": "#1", "tintindex": 0},
				"west": {"uv": [0.375, 7, 0.25, 7.625], "texture": "#1", "tintindex": 0},
				"down": {"uv": [0.375, 7.75, 0.5, 7.875], "rotation": 90, "texture": "#1", "tintindex": 0}
			}
		},
		{
			"from": [-14.01018, 5, 27.99268],
			"to": [-12.01018, 14, 29.99268],
			"rotation": {"angle": 0, "axis": "y", "origin": [-18.00143, 10.71429, 25.99125]},
			"faces": {
				"north": {"uv": [0.625, 5.75, 0.375, 6.875], "texture": "#1", "tintindex": 0},
				"east": {"uv": [0.625, 5.75, 0.875, 6.875], "texture": "#1", "tintindex": 0},
				"south": {"uv": [1.125, 5.75, 0.875, 6.875], "texture": "#1", "tintindex": 0},
				"west": {"uv": [0.125, 5.75, 0.375, 6.875], "texture": "#1", "tintindex": 0},
				"up": {"uv": [0, 0, 0, 0], "texture": "#missing"},
				"down": {"uv": [4, 5.125, 4.25, 4.875], "rotation": 270, "texture": "#1", "tintindex": 0}
			}
		},
		{
			"from": [27.98982, 0, 27.99268],
			"to": [28.98982, 5, 28.99268],
			"rotation": {"angle": 0, "axis": "y", "origin": [48.99857, 5.71429, 24.99125]},
			"faces": {
				"north": {"uv": [0.25, 7, 0.375, 7.625], "texture": "#1", "tintindex": 0},
				"east": {"uv": [0.375, 7, 0.25, 7.625], "texture": "#1", "tintindex": 0},
				"south": {"uv": [0.25, 7, 0.375, 7.625], "texture": "#1", "tintindex": 0},
				"west": {"uv": [0.375, 7, 0.25, 7.625], "texture": "#1", "tintindex": 0},
				"down": {"uv": [0.375, 7.75, 0.5, 7.875], "rotation": 90, "texture": "#1", "tintindex": 0}
			}
		},
		{
			"from": [27.98982, 5, 27.99268],
			"to": [29.98982, 14, 29.99268],
			"rotation": {"angle": 0, "axis": "y", "origin": [23.99857, 10.71429, 25.99125]},
			"faces": {
				"north": {"uv": [0.375, 5.75, 0.625, 6.875], "texture": "#1", "tintindex": 0},
				"east": {"uv": [0.875, 5.75, 0.625, 6.875], "texture": "#1", "tintindex": 0},
				"south": {"uv": [0.875, 5.75, 1.125, 6.875], "texture": "#1", "tintindex": 0},
				"west": {"uv": [0.375, 5.75, 0.125, 6.875], "texture": "#1", "tintindex": 0},
				"up": {"uv": [0, 0, 0, 0], "texture": "#missing"},
				"down": {"uv": [4, 5.125, 4.25, 4.875], "rotation": 270, "texture": "#1", "tintindex": 0}
			}
		}
	],
	"gui_light": "front",
	"display": {
		"thirdperson_righthand": {
			"rotation": [68, -180, 0],
			"translation": [-6, 1, -3],
			"scale": [0.375, 0.375, 0.375]
		},
		"thirdperson_lefthand": {
			"rotation": [68, 0, 0],
			"translation": [-6, 6.5, -5.25],
			"scale": [0.375, 0.375, 0.375]
		},
		"firstperson_righthand": {
			"rotation": [0, -180, 0],
			"translation": [1, -0.75, 1.25],
			"scale": [0.4, 0.4, 0.4]
		},
		"firstperson_lefthand": {
			"rotation": [0, -180, 0],
			"translation": [1, -0.75, 1.25],
			"scale": [0.4, 0.4, 0.4]
		},
		"ground": {
			"translation": [0, 3, 0],
			"scale": [0.25, 0.25, 0.25]
		},
		"gui": {
			"rotation": [30, -180, 0],
			"translation": [0, -4.25, 0],
			"scale": [0.35, 0.35, 0.35]
		},
		"fixed": {
			"rotation": [-90, 0, 0],
			"translation": [32, -32, -16],
			"scale": [2, 2, 2]
		}
	},
	"groups": [
		{
			"name": "group",
			"origin": [7.99857, 10.71429, -0.00875],
			"color": 0,
			"children": [0, 1, 2, 3, 4, 5, 6, 7, 8, 9, 10, 11, 12, 13, 14, 15, 16, 17]
		},
		18,
		19,
		20,
		21,
		22,
		23,
		24,
		25,
		26,
		27,
		28,
		29
	]
}