{
	"format_version": "1.21.6",
	"texture_size": [64, 64],
	"textures": {
		"1": "wooden_set_1",
		"particle": "wooden_set_1"
	},
	"elements": [
		{
			"name": "dyeable",
			"from": [16, 14, 16],
			"to": [32, 16, 32],
			"rotation": {"angle": 0, "axis": "y", "origin": [8, 11, 8]},
			"faces": {
				"north": {"uv": [0.125, 4.375, 2.125, 4.625], "texture": "#1", "tintindex": 0},
				"east": {"uv": [4.25, 4.375, 2.25, 4.625], "texture": "#1", "tintindex": 0},
				"south": {"uv": [2.25, 4.375, 4.25, 4.625], "texture": "#1", "tintindex": 0},
				"west": {"uv": [2.25, 4.375, 4.25, 4.625], "texture": "#1", "tintindex": 0},
				"up": {"uv": [8.5, 4.125, 6.5, 2.125], "rotation": 90, "texture": "#1", "tintindex": 0},
				"down": {"uv": [6.5, 4.125, 8.5, 2.125], "rotation": 90, "texture": "#1", "tintindex": 0}
			}
		},
		{
			"name": "dyeable",
			"from": [29, 9, -12],
			"to": [29, 14, 0],
			"rotation": {"angle": 0, "axis": "y", "origin": [8, 11, 8]},
			"faces": {
				"north": {"uv": [0, 0, 0, 0], "texture": "#1"},
				"east": {"uv": [1.625, 4.875, 0.125, 5.5], "texture": "#1", "tintindex": 0},
				"south": {"uv": [0, 0, 0, 0], "texture": "#1"},
				"west": {"uv": [3.125, 4.875, 1.625, 5.5], "texture": "#1", "tintindex": 0},
				"up": {"uv": [0, 0, 0, 0], "rotation": 90, "texture": "#1"},
				"down": {"uv": [0, 0.25, 0, 0.25], "rotation": 270, "texture": "#1"}
			}
		},
		{
			"name": "dyeable",
			"from": [16, 9, 29],
			"to": [28, 14, 29],
			"rotation": {"angle": 0, "axis": "y", "origin": [8, 11, 8]},
			"faces": {
				"north": {"uv": [3.125, 4.875, 1.625, 5.5], "texture": "#1", "tintindex": 0},
				"east": {"uv": [0, 0, 0, 0], "texture": "#1"},
				"south": {"uv": [1.625, 4.875, 0.125, 5.5], "texture": "#1", "tintindex": 0},
				"west": {"uv": [0, 0, 0, 0], "texture": "#1"},
				"up": {"uv": [0, 0, 0, 0], "texture": "#1"},
				"down": {"uv": [0, 0.25, 0, 0.25], "texture": "#1"}
			}
		},
		{
			"name": "dyeable",
			"from": [19, 9, 5.73],
			"to": [19, 14, 17.73],
			"rotation": {"angle": 0, "axis": "y", "origin": [8, 11, 8]},
			"faces": {
				"east": {"uv": [0.125, 4.875, 1.625, 5.5], "texture": "#1", "tintindex": 0},
				"south": {"uv": [0, 0.25, 0, 0.25], "texture": "#1"},
				"west": {"uv": [1.625, 4.875, 0.125, 5.5], "texture": "#1", "tintindex": 0},
				"down": {"uv": [0, 0.25, 0, 0.25], "rotation": 270, "texture": "#1"}
			}
		},
		{
			"name": "dyeable",
			"from": [5.96268, 9, 18.76732],
			"to": [17.96268, 14, 18.76732],
			"rotation": {"angle": 0, "axis": "y", "origin": [8, 11, 8]},
			"faces": {
				"north": {"uv": [0.125, 4.875, 1.625, 5.5], "texture": "#1", "tintindex": 0},
				"east": {"uv": [0, 0.25, 0, 0.25], "texture": "#1"},
				"south": {"uv": [1.625, 4.875, 0.125, 5.5], "texture": "#1", "tintindex": 0},
				"down": {"uv": [0, 0.25, 0, 0.25], "texture": "#1"}
			}
		},
		{
			"name": "dyeable",
			"from": [29, 9, 16],
			"to": [29, 14, 28],
			"rotation": {"angle": 0, "axis": "y", "origin": [8, 11, 8]},
			"faces": {
				"east": {"uv": [0.125, 4.875, 1.625, 5.5], "texture": "#1", "tintindex": 0},
				"south": {"uv": [0, 0.25, 0, 0.25], "texture": "#1"},
				"west": {"uv": [1.625, 4.875, 0.125, 5.5], "texture": "#1", "tintindex": 0},
				"down": {"uv": [0, 0.25, 0, 0.25], "rotation": 270, "texture": "#1"}
			}
		},
		{
			"name": "dyeable",
			"from": [16, 14, -16],
			"to": [32, 16, 0],
			"rotation": {"angle": 0, "axis": "y", "origin": [8, 11, 8]},
			"faces": {
				"north": {"uv": [4.25, 4.375, 2.25, 4.625], "texture": "#1", "tintindex": 0},
				"east": {"uv": [2.125, 4.375, 0.125, 4.625], "texture": "#1", "tintindex": 0},
				"west": {"uv": [2.125, 4.375, 0.125, 4.625], "texture": "#1", "tintindex": 0},
				"up": {"uv": [6.375, 2, 4.375, 0], "rotation": 180, "texture": "#1", "tintindex": 0},
				"down": {"uv": [6.375, 4, 4.375, 2], "rotation": 180, "texture": "#1", "tintindex": 0}
			}
		},
		{
			"name": "dyeable",
			"from": [24, 9, -13],
			"to": [28, 14, -13],
			"rotation": {"angle": 0, "axis": "y", "origin": [8, 11, 8]},
			"faces": {
				"north": {"uv": [3.125, 4.875, 2.625, 5.5], "texture": "#1", "tintindex": 0},
				"south": {"uv": [0.625, 4.875, 0.125, 5.5], "texture": "#1", "tintindex": 0},
				"down": {"uv": [0, 0.25, 0, 0.25], "rotation": 270, "texture": "#1"}
			}
		},
		{
			"name": "dyeable",
			"from": [20, 9, -13],
			"to": [24, 14, -13],
			"rotation": {"angle": 0, "axis": "y", "origin": [8, 11, 8]},
			"faces": {
				"north": {"uv": [0.625, 4.875, 0.125, 5.5], "texture": "#1", "tintindex": 0},
				"south": {"uv": [3.125, 4.875, 2.625, 5.5], "texture": "#1", "tintindex": 0},
				"down": {"uv": [0, 0.25, 0, 0.25], "rotation": 270, "texture": "#1"}
			}
		},
		{
			"name": "dyeable",
			"from": [0, 14, 16],
			"to": [16, 16, 32],
			"rotation": {"angle": 0, "axis": "y", "origin": [8, 11, 8]},
			"faces": {
				"north": {"uv": [3.875, 0.125, 1.875, 0.375], "texture": "#1", "tintindex": 0},
				"south": {"uv": [2.75, 0.125, 0.75, 0.375], "texture": "#1", "tintindex": 0},
				"up": {"uv": [4.375, 2.625, 6.375, 0.625], "rotation": 270, "texture": "#1", "tintindex": 0},
				"down": {"uv": [6.375, 0.875, 4.375, 2.875], "rotation": 270, "texture": "#1", "tintindex": 0}
			}
		},
		{
			"name": "dyeable",
			"from": [16, 14, 0],
			"to": [32, 16, 16],
			"rotation": {"angle": 0, "axis": "y", "origin": [8, 11, 8]},
			"faces": {
				"east": {"uv": [2.75, 0.125, 0.75, 0.375], "texture": "#1", "tintindex": 0},
				"west": {"uv": [3.875, 0.125, 1.875, 0.375], "texture": "#1", "tintindex": 0},
				"up": {"uv": [4.375, 0.625, 6.375, 2.625], "texture": "#1", "tintindex": 0},
				"down": {"uv": [6.375, 2.875, 4.375, 0.875], "rotation": 180, "texture": "#1", "tintindex": 0}
			}
		},
		{
			"name": "dyeable",
			"from": [-0.01018, 9, 18.76732],
			"to": [5.98982, 14, 18.76732],
			"rotation": {"angle": 0, "axis": "y", "origin": [8, 11, 8]},
			"faces": {
				"north": {"uv": [1.5, 4.875, 0.625, 5.5], "texture": "#1", "tintindex": 0},
				"south": {"uv": [2.625, 4.875, 0.625, 5.5], "texture": "#1", "tintindex": 0},
				"down": {"uv": [0, 0.25, 0, 0.25], "texture": "#1"}
			}
		},
		{
			"name": "dyeable",
			"from": [0, 9, 29],
			"to": [16, 14, 29],
			"rotation": {"angle": 0, "axis": "y", "origin": [8, 11, 8]},
			"faces": {
				"north": {"uv": [2.625, 4.875, 0.625, 5.5], "texture": "#1", "tintindex": 0},
				"south": {"uv": [2.625, 4.875, 0.625, 5.5], "texture": "#1", "tintindex": 0},
				"down": {"uv": [0, 0.25, 0, 0.25], "texture": "#1"}
			}
		},
		{
			"name": "dyeable",
			"from": [-13, 9, 20],
			"to": [-12.99, 14, 24],
			"rotation": {"angle": 0, "axis": "y", "origin": [8, 11, 8]},
			"faces": {
				"east": {"uv": [0.625, 4.875, 0.125, 5.5], "texture": "#1", "tintindex": 0},
				"west": {"uv": [3.125, 4.875, 2.625, 5.5], "texture": "#1", "tintindex": 0},
				"down": {"uv": [0, 0.25, 0, 0.25], "texture": "#1"}
			}
		},
		{
			"name": "dyeable",
			"from": [-13, 9, 24],
			"to": [-12.99, 14, 28],
			"rotation": {"angle": 0, "axis": "y", "origin": [8, 11, 8]},
			"faces": {
				"east": {"uv": [3.125, 4.875, 2.625, 5.5], "texture": "#1", "tintindex": 0},
				"west": {"uv": [0.625, 4.875, 0.125, 5.5], "texture": "#1", "tintindex": 0},
				"down": {"uv": [0, 0.25, 0, 0.25], "texture": "#1"}
			}
		},
		{
			"name": "dyeable",
			"from": [-16, 14, 16],
			"to": [0, 16, 32],
			"rotation": {"angle": 0, "axis": "y", "origin": [8, 11, 8]},
			"faces": {
				"north": {"uv": [4.25, 4.375, 2.25, 4.625], "texture": "#1", "tintindex": 0},
				"south": {"uv": [4.25, 4.375, 2.25, 4.625], "texture": "#1", "tintindex": 0},
				"west": {"uv": [2.125, 4.375, 0.125, 4.625], "texture": "#1", "tintindex": 0},
				"up": {"uv": [6.375, 2, 4.375, 4], "rotation": 90, "texture": "#1", "tintindex": 0},
				"down": {"uv": [6.375, 0, 4.375, 2], "rotation": 270, "texture": "#1", "tintindex": 0}
			}
		},
		{
			"name": "dyeable",
			"from": [-11.96268, 9, 18.76732],
			"to": [0.03732, 14, 18.76732],
			"rotation": {"angle": 0, "axis": "y", "origin": [8, 11, 8]},
			"faces": {
				"north": {"uv": [1.625, 4.875, 0.125, 5.5], "texture": "#1", "tintindex": 0},
				"south": {"uv": [0.125, 4.875, 1.625, 5.5], "texture": "#1", "tintindex": 0},
				"west": {"uv": [0, 0.25, 0, 0.25], "texture": "#1"},
				"down": {"uv": [0, 0.25, 0, 0.25], "texture": "#1"}
			}
		},
		{
			"name": "dyeable",
			"from": [19, 9, -12.19536],
			"to": [19, 14, -0.19536],
			"rotation": {"angle": 0, "axis": "y", "origin": [8, 11, 8]},
			"faces": {
				"north": {"uv": [0, 0.25, 0, 0.25], "texture": "#1"},
				"east": {"uv": [1.625, 4.875, 0.125, 5.5], "texture": "#1", "tintindex": 0},
				"west": {"uv": [0.125, 4.875, 1.625, 5.5], "texture": "#1", "tintindex": 0},
				"down": {"uv": [0, 0.25, 0, 0.25], "rotation": 270, "texture": "#1"}
			}
		},
		{
			"name": "dyeable",
			"from": [19, 9, -0.2225],
			"to": [19, 14, 5.7775],
			"rotation": {"angle": 0, "axis": "y", "origin": [8, 11, 8]},
			"faces": {
				"east": {"uv": [2.625, 4.875, 0.625, 5.5], "texture": "#1", "tintindex": 0},
				"west": {"uv": [1.5, 4.875, 0.625, 5.5], "texture": "#1", "tintindex": 0},
				"down": {"uv": [0, 0.25, 0, 0.25], "rotation": 270, "texture": "#1"}
			}
		},
		{
			"name": "dyeable",
			"from": [-12, 9, 29],
			"to": [0, 14, 29],
			"rotation": {"angle": 0, "axis": "y", "origin": [8, 11, 8]},
			"faces": {
				"north": {"uv": [1.625, 4.875, 0.125, 5.5], "texture": "#1", "tintindex": 0},
				"south": {"uv": [0.125, 4.875, 1.625, 5.5], "texture": "#1", "tintindex": 0},
				"west": {"uv": [0, 0.25, 0, 0.25], "texture": "#1"},
				"down": {"uv": [0, 0.25, 0, 0.25], "texture": "#1"}
			}
		},
		{
			"name": "dyeable",
			"from": [29, 9, 0],
			"to": [29, 14, 16],
			"rotation": {"angle": 0, "axis": "y", "origin": [8, 11, 8]},
			"faces": {
				"east": {"uv": [2.625, 4.875, 0.625, 5.5], "texture": "#1", "tintindex": 0},
				"west": {"uv": [2.625, 4.875, 0.625, 5.5], "texture": "#1", "tintindex": 0},
				"down": {"uv": [0, 0.25, 0, 0.25], "rotation": 270, "texture": "#1"}
			}
		},
		{
			"from": [27.98982, 0, -13.00732],
			"to": [28.98982, 5, -12.00732],
			"rotation": {"angle": 0, "axis": "y", "origin": [48.99857, 5.71429, -16.00875]},
			"faces": {
				"north": {"uv": [0.25, 7, 0.375, 7.625], "texture": "#1", "tintindex": 0},
				"east": {"uv": [0.375, 7, 0.25, 7.625], "texture": "#1", "tintindex": 0},
				"south": {"uv": [0.25, 7, 0.375, 7.625], "texture": "#1", "tintindex": 0},
				"west": {"uv": [0.375, 7, 0.25, 7.625], "texture": "#1", "tintindex": 0},
				"down": {"uv": [0.375, 7.75, 0.5, 7.875], "rotation": 90, "texture": "#1", "tintindex": 0}
			}
		},
		{
			"from": [27.98982, 5, -14.00732],
			"to": [29.98982, 14, -12.00732],
			"rotation": {"angle": 0, "axis": "y", "origin": [23.99857, 10.71429, -16.00875]},
			"faces": {
				"north": {"uv": [0.625, 5.75, 0.375, 6.875], "texture": "#1", "tintindex": 0},
				"east": {"uv": [0.625, 5.75, 0.875, 6.875], "texture": "#1", "tintindex": 0},
				"south": {"uv": [1.125, 5.75, 0.875, 6.875], "texture": "#1", "tintindex": 0},
				"west": {"uv": [0.125, 5.75, 0.375, 6.875], "texture": "#1", "tintindex": 0},
				"up": {"uv": [0, 0, 0, 0], "texture": "#missing"},
				"down": {"uv": [4, 5.125, 4.25, 4.875], "rotation": 270, "texture": "#1", "tintindex": 0}
			}
		},
		{
			"from": [18.98982, 0, -13.00732],
			"to": [19.98982, 5, -12.00732],
			"rotation": {"angle": 0, "axis": "y", "origin": [39.99857, 5.71429, -16.00875]},
			"faces": {
				"north": {"uv": [0.25, 7, 0.375, 7.625], "texture": "#1", "tintindex": 0},
				"east": {"uv": [0.375, 7, 0.25, 7.625], "texture": "#1", "tintindex": 0},
				"south": {"uv": [0.25, 7, 0.375, 7.625], "texture": "#1", "tintindex": 0},
				"west": {"uv": [0.375, 7, 0.25, 7.625], "texture": "#1", "tintindex": 0},
				"down": {"uv": [0.375, 7.75, 0.5, 7.875], "rotation": 90, "texture": "#1", "tintindex": 0}
			}
		},
		{
			"from": [17.98982, 5, -14.00732],
			"to": [19.98982, 14, -12.00732],
			"rotation": {"angle": 0, "axis": "y", "origin": [13.99857, 10.71429, -16.00875]},
			"faces": {
				"north": {"uv": [0.375, 5.75, 0.625, 6.875], "texture": "#1", "tintindex": 0},
				"east": {"uv": [0.875, 5.75, 0.625, 6.875], "texture": "#1", "tintindex": 0},
				"south": {"uv": [0.875, 5.75, 1.125, 6.875], "texture": "#1", "tintindex": 0},
				"west": {"uv": [0.375, 5.75, 0.125, 6.875], "texture": "#1", "tintindex": 0},
				"up": {"uv": [0, 0, 0, 0], "texture": "#missing"},
				"down": {"uv": [4, 5.125, 4.25, 4.875], "rotation": 270, "texture": "#1", "tintindex": 0}
			}
		},
		{
			"from": [18.98982, 0, 18.99268],
			"to": [19.98982, 5, 19.99268],
			"rotation": {"angle": 0, "axis": "y", "origin": [39.99857, 5.71429, 15.99125]},
			"faces": {
				"north": {"uv": [0.25, 7, 0.375, 7.625], "texture": "#1", "tintindex": 0},
				"east": {"uv": [0.375, 7, 0.25, 7.625], "texture": "#1", "tintindex": 0},
				"south": {"uv": [0.25, 7, 0.375, 7.625], "texture": "#1", "tintindex": 0},
				"west": {"uv": [0.375, 7, 0.25, 7.625], "texture": "#1", "tintindex": 0},
				"down": {"uv": [0.375, 7.75, 0.5, 7.875], "rotation": 90, "texture": "#1", "tintindex": 0}
			}
		},
		{
			"from": [17.98982, 5, 17.99268],
			"to": [19.98982, 14, 19.99268],
			"rotation": {"angle": 0, "axis": "y", "origin": [13.99857, 10.71429, 15.99125]},
			"faces": {
				"north": {"uv": [0.375, 5.75, 0.625, 6.875], "texture": "#1", "tintindex": 0},
				"east": {"uv": [0.875, 5.75, 0.625, 6.875], "texture": "#1", "tintindex": 0},
				"south": {"uv": [0.875, 5.75, 1.125, 6.875], "texture": "#1", "tintindex": 0},
				"west": {"uv": [0.375, 5.75, 0.125, 6.875], "texture": "#1", "tintindex": 0},
				"up": {"uv": [0, 0, 0, 0], "texture": "#missing"},
				"down": {"uv": [4, 5.125, 4.25, 4.875], "rotation": 270, "texture": "#1", "tintindex": 0}
			}
		},
		{
			"from": [-13.01018, 0, 18.99268],
			"to": [-12.01018, 5, 19.99268],
			"rotation": {"angle": 0, "axis": "y", "origin": [7.99857, 5.71429, 15.99125]},
			"faces": {
				"north": {"uv": [0.25, 7, 0.375, 7.625], "texture": "#1", "tintindex": 0},
				"east": {"uv": [0.375, 7, 0.25, 7.625], "texture": "#1", "tintindex": 0},
				"south": {"uv": [0.25, 7, 0.375, 7.625], "texture": "#1", "tintindex": 0},
				"west": {"uv": [0.375, 7, 0.25, 7.625], "texture": "#1", "tintindex": 0},
				"down": {"uv": [0.375, 7.75, 0.5, 7.875], "rotation": 90, "texture": "#1", "tintindex": 0}
			}
		},
		{
			"from": [-14.01018, 5, 17.99268],
			"to": [-12.01018, 14, 19.99268],
			"rotation": {"angle": 0, "axis": "y", "origin": [-18.00143, 10.71429, 15.99125]},
			"faces": {
				"north": {"uv": [0.375, 5.75, 0.625, 6.875], "texture": "#1", "tintindex": 0},
				"east": {"uv": [0.875, 5.75, 0.625, 6.875], "texture": "#1", "tintindex": 0},
				"south": {"uv": [0.875, 5.75, 1.125, 6.875], "texture": "#1", "tintindex": 0},
				"west": {"uv": [0.375, 5.75, 0.125, 6.875], "texture": "#1", "tintindex": 0},
				"up": {"uv": [0, 0, 0, 0], "texture": "#missing"},
				"down": {"uv": [4, 5.125, 4.25, 4.875], "rotation": 270, "texture": "#1", "tintindex": 0}
			}
		},
		{
			"from": [27.98982, 5, 27.99268],
			"to": [29.98982, 14, 29.99268],
			"rotation": {"angle": 0, "axis": "y", "origin": [23.99857, 10.71429, 25.99125]},
			"faces": {
				"north": {"uv": [0.375, 5.75, 0.625, 6.875], "texture": "#1", "tintindex": 0},
				"east": {"uv": [0.875, 5.75, 0.625, 6.875], "texture": "#1", "tintindex": 0},
				"south": {"uv": [0.875, 5.75, 1.125, 6.875], "texture": "#1", "tintindex": 0},
				"west": {"uv": [0.375, 5.75, 0.125, 6.875], "texture": "#1", "tintindex": 0},
				"up": {"uv": [0, 0, 0, 0], "texture": "#missing"},
				"down": {"uv": [4, 5.125, 4.25, 4.875], "rotation": 270, "texture": "#1", "tintindex": 0}
			}
		},
		{
			"from": [27.98982, 0, 27.99268],
			"to": [28.98982, 5, 28.99268],
			"rotation": {"angle": 0, "axis": "y", "origin": [48.99857, 5.71429, 24.99125]},
			"faces": {
				"north": {"uv": [0.25, 7, 0.375, 7.625], "texture": "#1", "tintindex": 0},
				"east": {"uv": [0.375, 7, 0.25, 7.625], "texture": "#1", "tintindex": 0},
				"south": {"uv": [0.25, 7, 0.375, 7.625], "texture": "#1", "tintindex": 0},
				"west": {"uv": [0.375, 7, 0.25, 7.625], "texture": "#1", "tintindex": 0},
				"down": {"uv": [0.375, 7.75, 0.5, 7.875], "rotation": 90, "texture": "#1", "tintindex": 0}
			}
		},
		{
			"from": [-14.01018, 5, 27.99268],
			"to": [-12.01018, 14, 29.99268],
			"rotation": {"angle": 0, "axis": "y", "origin": [-18.00143, 10.71429, 25.99125]},
			"faces": {
				"north": {"uv": [0.625, 5.75, 0.375, 6.875], "texture": "#1", "tintindex": 0},
				"east": {"uv": [0.625, 5.75, 0.875, 6.875], "texture": "#1", "tintindex": 0},
				"south": {"uv": [1.125, 5.75, 0.875, 6.875], "texture": "#1", "tintindex": 0},
				"west": {"uv": [0.125, 5.75, 0.375, 6.875], "texture": "#1", "tintindex": 0},
				"up": {"uv": [0, 0, 0, 0], "texture": "#missing"},
				"down": {"uv": [4, 5.125, 4.25, 4.875], "rotation": 270, "texture": "#1", "tintindex": 0}
			}
		},
		{
			"from": [-13.01018, 0, 27.99268],
			"to": [-12.01018, 5, 28.99268],
			"rotation": {"angle": 0, "axis": "y", "origin": [7.99857, 5.71429, 24.99125]},
			"faces": {
				"north": {"uv": [0.25, 7, 0.375, 7.625], "texture": "#1", "tintindex": 0},
				"east": {"uv": [0.375, 7, 0.25, 7.625], "texture": "#1", "tintindex": 0},
				"south": {"uv": [0.25, 7, 0.375, 7.625], "texture": "#1", "tintindex": 0},
				"west": {"uv": [0.375, 7, 0.25, 7.625], "texture": "#1", "tintindex": 0},
				"down": {"uv": [0.375, 7.75, 0.5, 7.875], "rotation": 90, "texture": "#1", "tintindex": 0}
			}
		}
	],
	"gui_light": "front",
	"display": {
		"thirdperson_righthand": {
			"rotation": [68, 90, 0],
			"translation": [-6, 6.5, -5.25],
			"scale": [0.375, 0.375, 0.375]
		},
		"thirdperson_lefthand": {
			"rotation": [68, -180, 0],
			"translation": [-6, 6.75, -5.25],
			"scale": [0.375, 0.375, 0.375]
		},
		"firstperson_righthand": {
			"rotation": [0, 90, 0],
			"translation": [-3.5, 0, 1],
			"scale": [0.4, 0.4, 0.4]
		},
		"firstperson_lefthand": {
			"rotation": [0, -180, 0],
			"translation": [-3.5, 0, 1],
			"scale": [0.4, 0.4, 0.4]
		},
		"ground": {
			"translation": [0, 3, 0],
			"scale": [0.25, 0.25, 0.25]
		},
		"gui": {
			"rotation": [30, -180, 0],
			"translation": [0, -1.5, 0],
			"scale": [0.35, 0.35, 0.35]
		},
		"head": {
			"translation": [8, 3.35, 0]
		},
		"fixed": {
			"rotation": [-90, 0, 0],
			"translation": [-32, -32, -16],
			"scale": [2, 2, 2]
		}
	},
	"groups": [
		{
			"name": "group",
			"origin": [7.99857, 10.71429, -0.00875],
			"color": 0,
			"children": [
				{
					"name": "corner",
					"origin": [0.0008, 11, 16.00205],
					"color": 0,
					"children": [0, 1, 2, 3, 4, 5]
				},
				6,
				7,
				8,
				9,
				10,
				11,
				12,
				13,
				14,
				15,
				16,
				17,
				18,
				19,
				20
			]
		},
		21,
		22,
		23,
		24,
		25,
		26,
		27,
		28,
		29,
		30,
		31,
		32
	]
}