{
	"format_version": "1.21.6",
	"texture_size": [64, 64],
	"textures": {
		"1": "wooden_set_1"
	},
	"elements": [
		{
			"name": "dyeable",
			"from": [-0.01018, 14, -0.00732],
			"to": [15.98982, 16, 15.99268],
			"rotation": {"angle": 0, "axis": "y", "origin": [7.99857, 10.71429, -0.00875]},
			"faces": {
				"north": {"uv": [0.125, 4.375, 2.125, 4.625], "texture": "#1", "tintindex": 0},
				"east": {"uv": [2.25, 4.375, 4.25, 4.625], "texture": "#1", "tintindex": 0},
				"south": {"uv": [0.125, 4.375, 2.125, 4.625], "texture": "#1", "tintindex": 0},
				"up": {"uv": [4.375, 0, 6.375, 2], "rotation": 90, "texture": "#1", "tintindex": 0},
				"down": {"uv": [4.375, 2, 6.375, 4], "rotation": 270, "texture": "#1", "tintindex": 0}
			}
		},
		{
			"name": "dyeable",
			"from": [-0.01018, 9, 12.98268],
			"to": [11.98982, 14, 12.99268],
			"rotation": {"angle": 0, "axis": "y", "origin": [7.99857, 10.71429, -0.00875]},
			"faces": {
				"north": {"uv": [0.125, 4.875, 1.625, 5.5], "texture": "#1", "tintindex": 0},
				"south": {"uv": [1.625, 4.875, 3.125, 5.5], "texture": "#1", "tintindex": 0},
				"down": {"uv": [0, 0.25, 0, 0.25], "texture": "#1"}
			}
		},
		{
			"name": "dyeable",
			"from": [-0.01018, 9, 2.98268],
			"to": [11.98982, 14, 2.99268],
			"rotation": {"angle": 0, "axis": "y", "origin": [7.99857, 10.71429, -0.00875]},
			"faces": {
				"north": {"uv": [0.125, 4.875, 1.625, 5.5], "texture": "#1", "tintindex": 0},
				"south": {"uv": [1.625, 4.875, 3.125, 5.5], "texture": "#1", "tintindex": 0},
				"down": {"uv": [0, 0.25, 0, 0.25], "texture": "#1"}
			}
		},
		{
			"name": "dyeable",
			"from": [12.97982, 9, 7.99268],
			"to": [12.98982, 14, 11.99268],
			"rotation": {"angle": 0, "axis": "y", "origin": [7.99857, 10.71429, -0.00875]},
			"faces": {
				"east": {"uv": [0.125, 4.875, 0.625, 5.5], "texture": "#1", "tintindex": 0},
				"west": {"uv": [2.625, 4.875, 3.125, 5.5], "texture": "#1", "tintindex": 0},
				"down": {"uv": [0, 0.25, 0, 0.25], "texture": "#1"}
			}
		},
		{
			"name": "dyeable",
			"from": [12.97982, 9, 3.99268],
			"to": [12.98982, 14, 7.99268],
			"rotation": {"angle": 0, "axis": "y", "origin": [7.99857, 10.71429, -0.00875]},
			"faces": {
				"east": {"uv": [2.625, 4.875, 3.125, 5.5], "texture": "#1", "tintindex": 0},
				"west": {"uv": [0.125, 4.875, 0.625, 5.5], "texture": "#1", "tintindex": 0},
				"down": {"uv": [0, 0.25, 0, 0.25], "texture": "#1"}
			}
		},
		{
			"name": "dyeable",
			"from": [-13.02018, 9, 7.99268],
			"to": [-13.01018, 14, 11.99268],
			"rotation": {"angle": 0, "axis": "y", "origin": [7.99857, 10.71429, -0.00875]},
			"faces": {
				"east": {"uv": [0.125, 4.875, 0.625, 5.5], "texture": "#1", "tintindex": 0},
				"west": {"uv": [2.625, 4.875, 3.125, 5.5], "texture": "#1", "tintindex": 0},
				"down": {"uv": [0, 0.25, 0, 0.25], "texture": "#1"}
			}
		},
		{
			"name": "dyeable",
			"from": [-13.02018, 9, 3.99268],
			"to": [-13.01018, 14, 7.99268],
			"rotation": {"angle": 0, "axis": "y", "origin": [7.99857, 10.71429, -0.00875]},
			"faces": {
				"east": {"uv": [2.625, 4.875, 3.125, 5.5], "texture": "#1", "tintindex": 0},
				"west": {"uv": [0.125, 4.875, 0.625, 5.5], "texture": "#1", "tintindex": 0},
				"down": {"uv": [0, 0.25, 0, 0.25], "texture": "#1"}
			}
		},
		{
			"name": "dyeable",
			"from": [-15.96268, 14, -0.00732],
			"to": [0.03732, 16, 15.99268],
			"rotation": {"angle": 0, "axis": "y", "origin": [7.99857, 10.71429, -0.00875]},
			"faces": {
				"north": {"uv": [2.25, 4.375, 4.25, 4.625], "texture": "#1", "tintindex": 0},
				"south": {"uv": [2.25, 4.375, 4.25, 4.625], "texture": "#1", "tintindex": 0},
				"west": {"uv": [0.125, 4.375, 2.125, 4.625], "texture": "#1", "tintindex": 0},
				"up": {"uv": [4.375, 2, 6.375, 4], "rotation": 90, "texture": "#1", "tintindex": 0},
				"down": {"uv": [4.375, 0, 6.375, 2], "rotation": 270, "texture": "#1", "tintindex": 0}
			}
		},
		{
			"name": "dyeable",
			"from": [-11.96268, 9, 12.98268],
			"to": [0.03732, 14, 12.99268],
			"rotation": {"angle": 0, "axis": "y", "origin": [7.99857, 10.71429, -0.00875]},
			"faces": {
				"north": {"uv": [1.625, 4.875, 0.125, 5.5], "texture": "#1", "tintindex": 0},
				"south": {"uv": [0.125, 4.875, 1.625, 5.5], "texture": "#1", "tintindex": 0},
				"west": {"uv": [0, 0.25, 0, 0.25], "texture": "#1"},
				"down": {"uv": [0, 0.25, 0, 0.25], "texture": "#1"}
			}
		},
		{
			"name": "dyeable",
			"from": [-11.96268, 9, 2.98268],
			"to": [0.03732, 14, 2.99268],
			"rotation": {"angle": 0, "axis": "y", "origin": [7.99857, 10.71429, -0.00875]},
			"faces": {
				"north": {"uv": [1.625, 4.875, 0.125, 5.5], "texture": "#1", "tintindex": 0},
				"south": {"uv": [0.125, 4.875, 1.625, 5.5], "texture": "#1", "tintindex": 0},
				"west": {"uv": [0, 0.25, 0, 0.25], "texture": "#1"},
				"down": {"uv": [0, 0.25, 0, 0.25], "texture": "#1"}
			}
		},
		{
			"from": [11.98982, 5, 1.99268],
			"to": [13.98982, 14, 3.99268],
			"rotation": {"angle": 0, "axis": "y", "origin": [7.99857, 10.71429, -0.00875]},
			"faces": {
				"north": {"uv": [0.625, 5.75, 0.375, 6.875], "texture": "#1", "tintindex": 0},
				"east": {"uv": [0.625, 5.75, 0.875, 6.875], "texture": "#1", "tintindex": 0},
				"south": {"uv": [1.125, 5.75, 0.875, 6.875], "texture": "#1", "tintindex": 0},
				"west": {"uv": [0.125, 5.75, 0.375, 6.875], "texture": "#1", "tintindex": 0},
				"up": {"uv": [0, 0, 0, 0], "texture": "#1"},
				"down": {"uv": [4, 5.125, 4.25, 4.875], "rotation": 270, "texture": "#1", "tintindex": 0}
			}
		},
		{
			"from": [11.98982, 0, 2.99268],
			"to": [12.98982, 5, 3.99268],
			"rotation": {"angle": 0, "axis": "y", "origin": [32.99857, 5.71429, -0.00875]},
			"faces": {
				"north": {"uv": [0.25, 7, 0.375, 7.625], "texture": "#1", "tintindex": 0},
				"east": {"uv": [0.375, 7, 0.25, 7.625], "texture": "#1", "tintindex": 0},
				"south": {"uv": [0.25, 7, 0.375, 7.625], "texture": "#1", "tintindex": 0},
				"west": {"uv": [0.375, 7, 0.25, 7.625], "texture": "#1", "tintindex": 0},
				"down": {"uv": [0.375, 7.75, 0.5, 7.875], "rotation": 90, "texture": "#1", "tintindex": 0}
			}
		},
		{
			"from": [-13.01018, 0, 2.99268],
			"to": [-12.01018, 5, 3.99268],
			"rotation": {"angle": 0, "axis": "y", "origin": [7.99857, 5.71429, -0.00875]},
			"faces": {
				"north": {"uv": [0.25, 7, 0.375, 7.625], "texture": "#1", "tintindex": 0},
				"east": {"uv": [0.375, 7, 0.25, 7.625], "texture": "#1", "tintindex": 0},
				"south": {"uv": [0.25, 7, 0.375, 7.625], "texture": "#1", "tintindex": 0},
				"west": {"uv": [0.375, 7, 0.25, 7.625], "texture": "#1", "tintindex": 0},
				"down": {"uv": [0.375, 7.75, 0.5, 7.875], "rotation": 90, "texture": "#1", "tintindex": 0}
			}
		},
		{
			"from": [-14.01018, 5, 1.99268],
			"to": [-12.01018, 14, 3.99268],
			"rotation": {"angle": 0, "axis": "y", "origin": [-18.00143, 10.71429, -0.00875]},
			"faces": {
				"north": {"uv": [0.375, 5.75, 0.625, 6.875], "texture": "#1", "tintindex": 0},
				"east": {"uv": [0.875, 5.75, 0.625, 6.875], "texture": "#1", "tintindex": 0},
				"south": {"uv": [0.875, 5.75, 1.125, 6.875], "texture": "#1", "tintindex": 0},
				"west": {"uv": [0.375, 5.75, 0.125, 6.875], "texture": "#1", "tintindex": 0},
				"up": {"uv": [0, 0, 0, 0], "texture": "#1"},
				"down": {"uv": [4, 5.125, 4.25, 4.875], "rotation": 270, "texture": "#1", "tintindex": 0}
			}
		},
		{
			"from": [-13.01018, 0, 11.99268],
			"to": [-12.01018, 5, 12.99268],
			"rotation": {"angle": 0, "axis": "y", "origin": [7.99857, 5.71429, 8.99125]},
			"faces": {
				"north": {"uv": [0.25, 7, 0.375, 7.625], "texture": "#1", "tintindex": 0},
				"east": {"uv": [0.375, 7, 0.25, 7.625], "texture": "#1", "tintindex": 0},
				"south": {"uv": [0.25, 7, 0.375, 7.625], "texture": "#1", "tintindex": 0},
				"west": {"uv": [0.375, 7, 0.25, 7.625], "texture": "#1", "tintindex": 0},
				"down": {"uv": [0.375, 7.75, 0.5, 7.875], "rotation": 90, "texture": "#1", "tintindex": 0}
			}
		},
		{
			"from": [-14.01018, 5, 11.99268],
			"to": [-12.01018, 14, 13.99268],
			"rotation": {"angle": 0, "axis": "y", "origin": [-18.00143, 10.71429, 9.99125]},
			"faces": {
				"north": {"uv": [0.625, 5.75, 0.375, 6.875], "texture": "#1", "tintindex": 0},
				"east": {"uv": [0.625, 5.75, 0.875, 6.875], "texture": "#1", "tintindex": 0},
				"south": {"uv": [1.125, 5.75, 0.875, 6.875], "texture": "#1", "tintindex": 0},
				"west": {"uv": [0.125, 5.75, 0.375, 6.875], "texture": "#1", "tintindex": 0},
				"up": {"uv": [0, 0, 0, 0], "texture": "#1"},
				"down": {"uv": [4, 5.125, 4.25, 4.875], "rotation": 270, "texture": "#1", "tintindex": 0}
			}
		},
		{
			"from": [11.98982, 5, 11.99268],
			"to": [13.98982, 14, 13.99268],
			"rotation": {"angle": 0, "axis": "y", "origin": [7.99857, 10.71429, 9.99125]},
			"faces": {
				"north": {"uv": [0.375, 5.75, 0.625, 6.875], "texture": "#1", "tintindex": 0},
				"east": {"uv": [0.875, 5.75, 0.625, 6.875], "texture": "#1", "tintindex": 0},
				"south": {"uv": [0.875, 5.75, 1.125, 6.875], "texture": "#1", "tintindex": 0},
				"west": {"uv": [0.375, 5.75, 0.125, 6.875], "texture": "#1", "tintindex": 0},
				"up": {"uv": [0, 0, 0, 0], "texture": "#1"},
				"down": {"uv": [4, 5.125, 4.25, 4.875], "rotation": 270, "texture": "#1", "tintindex": 0}
			}
		},
		{
			"from": [11.98982, 0, 11.99268],
			"to": [12.98982, 5, 12.99268],
			"rotation": {"angle": 0, "axis": "y", "origin": [32.99857, 5.71429, 8.99125]},
			"faces": {
				"north": {"uv": [0.25, 7, 0.375, 7.625], "texture": "#1", "tintindex": 0},
				"east": {"uv": [0.375, 7, 0.25, 7.625], "texture": "#1", "tintindex": 0},
				"south": {"uv": [0.25, 7, 0.375, 7.625], "texture": "#1", "tintindex": 0},
				"west": {"uv": [0.375, 7, 0.25, 7.625], "texture": "#1", "tintindex": 0},
				"down": {"uv": [0.375, 7.75, 0.5, 7.875], "rotation": 90, "texture": "#1", "tintindex": 0}
			}
		}
	],
	"display": {
		"thirdperson_righthand": {
			"rotation": [68, 0, 0],
			"translation": [3, 1.5, -3.5],
			"scale": [0.375, 0.375, 0.375]
		},
		"thirdperson_lefthand": {
			"rotation": [68, 0, 0],
			"translation": [-3, 1.5, -3.5],
			"scale": [0.375, 0.375, 0.375]
		},
		"firstperson_righthand": {
			"translation": [4.75, 0, 0.5],
			"scale": [0.4, 0.4, 0.4]
		},
		"firstperson_lefthand": {
			"translation": [-1.75, 0, 0.5],
			"scale": [0.4, 0.4, 0.4]
		},
		"ground": {
			"translation": [0, 3, 0],
			"scale": [0.25, 0.25, 0.25]
		},
		"gui": {
			"rotation": [30, -135, 0],
			"translation": [-2.5, -2.25, 0],
			"scale": [0.45, 0.45, 0.45]
		},
		"head": {
			"translation": [8, 3.35, 0]
		},
		"fixed": {
			"rotation": [-90, 0, 0],
			"translation": [0, 0, -16],
			"scale": [2, 2, 2]
		}
	}
}