{
	"format_version": "1.21.6",
	"texture_size": [64, 64],
	"textures": {
		"0": "candy_basket"
	},
	"elements": [
		{
			"from": [4, 0, 3],
			"to": [13, 10, 4],
			"rotation": {"angle": 0, "axis": "y", "origin": [3, 0, 1]},
			"faces": {
				"north": {"uv": [2.5, 0, 4.75, 2.5], "texture": "#0"},
				"east": {"uv": [2.25, 0, 2.5, 2.5], "texture": "#0"},
				"south": {"uv": [0.25, 0, 2.5, 2.5], "texture": "#0"},
				"up": {"uv": [2.5, 0.25, 0.25, 0], "texture": "#0"},
				"down": {"uv": [2.5, 5, 0.25, 4.75], "texture": "#0"}
			}
		},
		{
			"from": [2, 5, 8],
			"to": [3, 7, 16],
			"rotation": {"angle": 35, "axis": "x", "origin": [8, 6, 8]},
			"faces": {
				"north": {"uv": [4.5, 3.5, 4.25, 3], "rotation": 180, "texture": "#0"},
				"east": {"uv": [2.5, 3, 4.5, 3.5], "texture": "#0"},
				"west": {"uv": [2.5, 3.5, 4.5, 3], "rotation": 180, "texture": "#0"},
				"up": {"uv": [2.5, 3, 4.5, 3.25], "rotation": 270, "texture": "#0"},
				"down": {"uv": [2.5, 3.25, 4.5, 3.5], "rotation": 90, "texture": "#0"}
			}
		},
		{
			"from": [13, 5, 8],
			"to": [14, 7, 16],
			"rotation": {"angle": 35, "axis": "x", "origin": [8, 6, 8]},
			"faces": {
				"north": {"uv": [2.75, 3.5, 2.5, 3], "rotation": 180, "texture": "#0"},
				"east": {"uv": [2.5, 3, 4.5, 3.5], "texture": "#0"},
				"west": {"uv": [2.5, 3.5, 4.5, 3], "rotation": 180, "texture": "#0"},
				"up": {"uv": [2.5, 3, 4.5, 3.25], "rotation": 270, "texture": "#0"},
				"down": {"uv": [2.5, 3.25, 4.5, 3.5], "rotation": 90, "texture": "#0"}
			}
		},
		{
			"from": [2, 5, 16],
			"to": [14, 7, 17],
			"rotation": {"angle": 35, "axis": "x", "origin": [8, 6, 8]},
			"faces": {
				"north": {"uv": [5.5, 2.5, 2.5, 3], "rotation": 180, "texture": "#0"},
				"east": {"uv": [5.5, 3, 5.25, 2.5], "texture": "#0"},
				"south": {"uv": [5.5, 3, 2.5, 2.5], "texture": "#0"},
				"west": {"uv": [2.5, 2.5, 2.75, 3], "rotation": 180, "texture": "#0"},
				"up": {"uv": [2.5, 2.75, 5.5, 3], "rotation": 180, "texture": "#0"},
				"down": {"uv": [2.5, 2.5, 5.5, 2.75], "texture": "#0"}
			}
		},
		{
			"from": [12, 0, 4],
			"to": [13, 10, 13],
			"rotation": {"angle": 0, "axis": "y", "origin": [3, 0, 1]},
			"faces": {
				"east": {"uv": [0, 0, 2.25, 2.5], "texture": "#0"},
				"south": {"uv": [2.25, 0, 2.5, 2.5], "texture": "#0"},
				"west": {"uv": [0.25, 0, 2.5, 2.5], "texture": "#0"},
				"up": {"uv": [2.5, 0.25, 0.25, 0], "rotation": 90, "texture": "#0"},
				"down": {"uv": [2.5, 2.5, 2.25, 4.75], "texture": "#0"}
			}
		},
		{
			"from": [3, 0, 12],
			"to": [12, 10, 13],
			"rotation": {"angle": 0, "axis": "y", "origin": [3, 0, 1]},
			"faces": {
				"north": {"uv": [0.25, 0, 2.5, 2.5], "texture": "#0"},
				"south": {"uv": [0, 0, 2.25, 2.5], "texture": "#0"},
				"west": {"uv": [2.25, 0, 2.5, 2.5], "texture": "#0"},
				"up": {"uv": [2.5, 0.25, 0.25, 0], "texture": "#0"},
				"down": {"uv": [2.25, 2.5, 0, 2.75], "texture": "#0"}
			}
		},
		{
			"from": [3, 0, 3],
			"to": [4, 10, 12],
			"rotation": {"angle": 0, "axis": "y", "origin": [3, 0, 1]},
			"faces": {
				"north": {"uv": [5, 0, 4.75, 2.5], "texture": "#0"},
				"east": {"uv": [0.25, 0, 2.5, 2.5], "texture": "#0"},
				"west": {"uv": [0, 0, 2.25, 2.5], "texture": "#0"},
				"up": {"uv": [2.5, 0.25, 0.25, 0], "rotation": 90, "texture": "#0"},
				"down": {"uv": [0.25, 2.5, 0, 4.75], "texture": "#0"}
			}
		},
		{
			"from": [4, 0, 4],
			"to": [12, 1, 12],
			"rotation": {"angle": 0, "axis": "y", "origin": [3, 0, 1]},
			"faces": {
				"up": {"uv": [2, 4.5, 0, 2.5], "texture": "#0"},
				"down": {"uv": [2.25, 2.75, 0.25, 4.75], "texture": "#0"}
			}
		},
		{
			"from": [4, 9, 4],
			"to": [12, 9, 12],
			"rotation": {"angle": 0, "axis": "y", "origin": [4, 9, 4]},
			"faces": {
				"north": {"uv": [0, 0, 2, 0], "texture": "#0"},
				"east": {"uv": [0, 0, 2, 0], "texture": "#0"},
				"south": {"uv": [0, 0, 2, 0], "texture": "#0"},
				"west": {"uv": [0, 0, 2, 0], "texture": "#0"},
				"up": {"uv": [5, 0, 7.25, 2.25], "texture": "#0"}
			}
		}
	],
	"display": {
		"thirdperson_righthand": {
			"rotation": [90, 0, 0],
			"translation": [0, -2, -3],
			"scale": [0.6, 0.6, 0.6]
		},
		"thirdperson_lefthand": {
			"rotation": [90, 0, 0],
			"translation": [0, -2, -3],
			"scale": [0.6, 0.6, 0.6]
		},
		"firstperson_righthand": {
			"rotation": [0, 90, 0],
			"translation": [0, 3.25, 0],
			"scale": [0.6, 0.6, 0.6]
		},
		"firstperson_lefthand": {
			"rotation": [0, 90, 0],
			"translation": [0, 3.25, 0],
			"scale": [0.6, 0.6, 0.6]
		},
		"ground": {
			"translation": [0, 2.5, 0],
			"scale": [0.45, 0.45, 0.45]
		},
		"gui": {
			"rotation": [30, 153, 0],
			"translation": [0, 0.5, 0],
			"scale": [0.72, 0.72, 0.72]
		},
		"head": {
			"translation": [0, 14, 0]
		},
		"fixed": {
			"rotation": [-90, 0, 0],
			"translation": [0, 0, -16],
			"scale": [2, 2, 2]
		}
	}
}