{
	"credit": "Made by rikitikitivi",
	"textures": {
		"0": "./netherite_warhammer",
		"particle": "./netherite_warhammer"
	},
	"elements": [
		{
			"from": [14.75, -1.45, 7.5],
			"to": [15.75, 0.55, 8.5],
			"shade": false,
			"rotation": {"angle": 0, "axis": "y", "origin": [11.75, 2.55, 8.5]},
			"faces": {
				"north": {"uv": [10, 1, 9, 3], "texture": "#0"},
				"east": {"uv": [11, 1, 10, 3], "texture": "#0"},
				"south": {"uv": [12, 1, 11, 3], "texture": "#0"},
				"west": {"uv": [9, 1, 8, 3], "texture": "#0"},
				"up": {"uv": [9, 1, 10, 0], "texture": "#0"},
				"down": {"uv": [10, 0, 11, 1], "texture": "#0"}
			}
		},
		{
			"from": [13.75, -1.45, 7.5],
			"to": [14.75, 1.55, 8.5],
			"shade": false,
			"rotation": {"angle": 0, "axis": "y", "origin": [11.75, 2.55, 8.5]},
			"faces": {
				"north": {"uv": [2, 5, 1, 8], "texture": "#0"},
				"east": {"uv": [3, 5, 2, 8], "texture": "#0"},
				"south": {"uv": [4, 5, 3, 8], "texture": "#0"},
				"west": {"uv": [1, 5, 0, 8], "texture": "#0"},
				"up": {"uv": [1, 5, 2, 4], "texture": "#0"},
				"down": {"uv": [2, 4, 3, 5], "texture": "#0"}
			}
		},
		{
			"from": [12.75, -0.45, 7.5],
			"to": [13.75, 2.55, 8.5],
			"shade": false,
			"rotation": {"angle": 0, "axis": "y", "origin": [11.75, 2.55, 8.5]},
			"faces": {
				"north": {"uv": [2, 1, 1, 4], "texture": "#0"},
				"east": {"uv": [3, 1, 2, 4], "texture": "#0"},
				"south": {"uv": [4, 1, 3, 4], "texture": "#0"},
				"west": {"uv": [1, 1, 0, 4], "texture": "#0"},
				"up": {"uv": [1, 1, 2, 0], "texture": "#0"},
				"down": {"uv": [2, 0, 3, 1], "texture": "#0"}
			}
		},
		{
			"from": [11.75, 0.55, 7.5],
			"to": [12.75, 3.55, 8.5],
			"shade": false,
			"rotation": {"angle": 0, "axis": "y", "origin": [11.75, 2.55, 8.5]},
			"faces": {
				"north": {"uv": [2, 5, 1, 8], "texture": "#0"},
				"east": {"uv": [3, 5, 2, 8], "texture": "#0"},
				"south": {"uv": [4, 5, 3, 8], "texture": "#0"},
				"west": {"uv": [1, 5, 0, 8], "texture": "#0"},
				"up": {"uv": [1, 5, 2, 4], "texture": "#0"},
				"down": {"uv": [2, 4, 3, 5], "texture": "#0"}
			}
		},
		{
			"from": [10.75, 1.55, 7.5],
			"to": [11.75, 4.55, 8.5],
			"shade": false,
			"rotation": {"angle": 0, "axis": "y", "origin": [11.75, 2.55, 8.5]},
			"faces": {
				"north": {"uv": [2, 1, 1, 4], "texture": "#0"},
				"east": {"uv": [3, 1, 2, 4], "texture": "#0"},
				"south": {"uv": [4, 1, 3, 4], "texture": "#0"},
				"west": {"uv": [1, 1, 0, 4], "texture": "#0"},
				"up": {"uv": [1, 1, 2, 0], "texture": "#0"},
				"down": {"uv": [2, 0, 3, 1], "texture": "#0"}
			}
		},
		{
			"from": [9.75, 2.55, 7.5],
			"to": [10.75, 5.55, 8.5],
			"shade": false,
			"rotation": {"angle": 0, "axis": "y", "origin": [11.75, 2.55, 8.5]},
			"faces": {
				"north": {"uv": [2, 5, 1, 8], "texture": "#0"},
				"east": {"uv": [3, 5, 2, 8], "texture": "#0"},
				"south": {"uv": [4, 5, 3, 8], "texture": "#0"},
				"west": {"uv": [1, 5, 0, 8], "texture": "#0"},
				"up": {"uv": [1, 5, 2, 4], "texture": "#0"},
				"down": {"uv": [2, 4, 3, 5], "texture": "#0"}
			}
		},
		{
			"from": [8.75, 3.55, 7.5],
			"to": [9.75, 6.55, 8.5],
			"shade": false,
			"rotation": {"angle": 0, "axis": "y", "origin": [11.75, 2.55, 8.5]},
			"faces": {
				"north": {"uv": [2, 1, 1, 4], "texture": "#0"},
				"east": {"uv": [3, 1, 2, 4], "texture": "#0"},
				"south": {"uv": [4, 1, 3, 4], "texture": "#0"},
				"west": {"uv": [1, 1, 0, 4], "texture": "#0"},
				"up": {"uv": [1, 1, 2, 0], "texture": "#0"},
				"down": {"uv": [2, 0, 3, 1], "texture": "#0"}
			}
		},
		{
			"from": [7.75, 4.55, 7.5],
			"to": [8.75, 7.55, 8.5],
			"shade": false,
			"rotation": {"angle": 0, "axis": "y", "origin": [11.75, 2.55, 8.5]},
			"faces": {
				"north": {"uv": [2, 1, 1, 4], "texture": "#0"},
				"east": {"uv": [3, 1, 2, 4], "texture": "#0"},
				"south": {"uv": [4, 1, 3, 4], "texture": "#0"},
				"west": {"uv": [1, 1, 0, 4], "texture": "#0"},
				"up": {"uv": [1, 1, 2, 0], "texture": "#0"},
				"down": {"uv": [2, 0, 3, 1], "texture": "#0"}
			}
		},
		{
			"from": [6.75, 5.55, 7.5],
			"to": [7.75, 8.55, 8.5],
			"shade": false,
			"rotation": {"angle": 0, "axis": "y", "origin": [11.75, 2.55, 8.5]},
			"faces": {
				"north": {"uv": [2, 5, 1, 8], "texture": "#0"},
				"east": {"uv": [3, 5, 2, 8], "texture": "#0"},
				"south": {"uv": [4, 5, 3, 8], "texture": "#0"},
				"west": {"uv": [1, 5, 0, 8], "texture": "#0"},
				"up": {"uv": [1, 5, 2, 4], "texture": "#0"},
				"down": {"uv": [2, 4, 3, 5], "texture": "#0"}
			}
		},
		{
			"from": [5.75, 6.55, 7.5],
			"to": [6.75, 9.55, 8.5],
			"shade": false,
			"rotation": {"angle": 0, "axis": "y", "origin": [11.75, 2.55, 8.5]},
			"faces": {
				"north": {"uv": [2, 5, 1, 8], "texture": "#0"},
				"east": {"uv": [3, 5, 2, 8], "texture": "#0"},
				"south": {"uv": [4, 5, 3, 8], "texture": "#0"},
				"west": {"uv": [1, 5, 0, 8], "texture": "#0"},
				"up": {"uv": [1, 5, 2, 4], "texture": "#0"},
				"down": {"uv": [2, 4, 3, 5], "texture": "#0"}
			}
		},
		{
			"from": [3.75, 8.55, 7.5],
			"to": [4.75, 14.55, 8.5],
			"shade": false,
			"rotation": {"angle": 0, "axis": "y", "origin": [11.75, 2.55, 8.5]},
			"faces": {
				"north": {"uv": [14, 10, 13, 16], "texture": "#0"},
				"east": {"uv": [15, 10, 14, 16], "texture": "#0"},
				"south": {"uv": [16, 10, 15, 16], "texture": "#0"},
				"west": {"uv": [13, 10, 12, 16], "texture": "#0"},
				"up": {"uv": [13, 10, 14, 9], "texture": "#0"},
				"down": {"uv": [14, 9, 15, 10], "texture": "#0"}
			}
		},
		{
			"from": [2.75, 7.55, 7.5],
			"to": [3.75, 13.55, 8.5],
			"shade": false,
			"rotation": {"angle": 0, "axis": "y", "origin": [11.75, 2.55, 8.5]},
			"faces": {
				"north": {"uv": [10, 4, 9, 10], "texture": "#0"},
				"east": {"uv": [11, 4, 10, 10], "texture": "#0"},
				"south": {"uv": [12, 4, 11, 10], "texture": "#0"},
				"west": {"uv": [9, 4, 8, 10], "texture": "#0"},
				"up": {"uv": [9, 4, 10, 3], "texture": "#0"},
				"down": {"uv": [10, 3, 11, 4], "texture": "#0"}
			}
		},
		{
			"from": [1.75, 6.55, 7.5],
			"to": [2.75, 13.55, 8.5],
			"shade": false,
			"rotation": {"angle": 0, "axis": "y", "origin": [11.75, 2.55, 8.5]},
			"faces": {
				"north": {"uv": [2, 9, 1, 16], "texture": "#0"},
				"east": {"uv": [3, 9, 2, 16], "texture": "#0"},
				"south": {"uv": [4, 9, 3, 16], "texture": "#0"},
				"west": {"uv": [1, 9, 0, 16], "texture": "#0"},
				"up": {"uv": [1, 9, 2, 8], "texture": "#0"},
				"down": {"uv": [2, 8, 3, 9], "texture": "#0"}
			}
		},
		{
			"from": [0.75, 6.55, 7.5],
			"to": [1.75, 13.55, 8.5],
			"shade": false,
			"rotation": {"angle": 0, "axis": "y", "origin": [11.75, 2.55, 8.5]},
			"faces": {
				"north": {"uv": [6, 9, 5, 16], "texture": "#0"},
				"east": {"uv": [7, 9, 6, 16], "texture": "#0"},
				"south": {"uv": [8, 9, 7, 16], "texture": "#0"},
				"west": {"uv": [5, 9, 4, 16], "texture": "#0"},
				"up": {"uv": [5, 9, 6, 8], "texture": "#0"},
				"down": {"uv": [6, 8, 7, 9], "texture": "#0"}
			}
		},
		{
			"from": [-0.25, 7.55, 7.5],
			"to": [0.75, 10.55, 8.5],
			"shade": false,
			"rotation": {"angle": 0, "axis": "y", "origin": [11.75, 2.55, 8.5]},
			"faces": {
				"north": {"uv": [10, 11, 9, 14], "texture": "#0"},
				"east": {"uv": [11, 11, 10, 14], "texture": "#0"},
				"south": {"uv": [12, 11, 11, 14], "texture": "#0"},
				"west": {"uv": [9, 11, 8, 14], "texture": "#0"},
				"up": {"uv": [9, 11, 10, 10], "texture": "#0"},
				"down": {"uv": [10, 10, 11, 11], "texture": "#0"}
			}
		},
		{
			"from": [-1.25, 8.55, 7.5],
			"to": [-0.25, 9.55, 8.5],
			"shade": false,
			"rotation": {"angle": 0, "axis": "y", "origin": [11.75, 2.55, 8.5]},
			"faces": {
				"north": {"uv": [10, 15, 9, 16], "texture": "#0"},
				"east": {"uv": [11, 15, 10, 16], "texture": "#0"},
				"south": {"uv": [12, 15, 11, 16], "texture": "#0"},
				"west": {"uv": [9, 15, 8, 16], "texture": "#0"},
				"up": {"uv": [9, 15, 10, 14], "texture": "#0"},
				"down": {"uv": [10, 14, 11, 15], "texture": "#0"}
			}
		},
		{
			"from": [4.75, 7.55, 7.5],
			"to": [5.75, 15.55, 8.5],
			"shade": false,
			"rotation": {"angle": 0, "axis": "y", "origin": [11.75, 2.55, 8.5]},
			"faces": {
				"north": {"uv": [14, 1, 13, 9], "texture": "#0"},
				"east": {"uv": [15, 1, 14, 9], "texture": "#0"},
				"south": {"uv": [16, 1, 15, 9], "texture": "#0"},
				"west": {"uv": [13, 1, 12, 9], "texture": "#0"},
				"up": {"uv": [13, 1, 14, 0], "texture": "#0"},
				"down": {"uv": [14, 0, 15, 1], "texture": "#0"}
			}
		},
		{
			"from": [5.75, 10.55, 7.5],
			"to": [6.75, 14.55, 8.5],
			"shade": false,
			"rotation": {"angle": 0, "axis": "y", "origin": [11.75, 2.55, 8.5]},
			"faces": {
				"north": {"uv": [6, 4, 5, 8], "texture": "#0"},
				"east": {"uv": [7, 4, 6, 8], "texture": "#0"},
				"south": {"uv": [8, 4, 7, 8], "texture": "#0"},
				"west": {"uv": [5, 4, 4, 8], "texture": "#0"},
				"up": {"uv": [5, 4, 6, 3], "texture": "#0"},
				"down": {"uv": [6, 3, 7, 4], "texture": "#0"}
			}
		},
		{
			"from": [6.75, 11.55, 7.5],
			"to": [7.75, 13.55, 8.5],
			"shade": false,
			"rotation": {"angle": 0, "axis": "y", "origin": [11.75, 2.55, 8.5]},
			"faces": {
				"north": {"uv": [6, 1, 5, 3], "texture": "#0"},
				"east": {"uv": [7, 1, 6, 3], "texture": "#0"},
				"south": {"uv": [8, 1, 7, 3], "texture": "#0"},
				"west": {"uv": [5, 1, 4, 3], "texture": "#0"},
				"up": {"uv": [5, 1, 6, 0], "texture": "#0"},
				"down": {"uv": [6, 0, 7, 1], "texture": "#0"}
			}
		}
	],
	"gui_light": "front",
	"display": {
		"thirdperson_righthand": {
			"rotation": [0, 90, -40],
			"translation": [0, 1.5, 1.5],
			"scale": [0.85, 0.85, 0.85]
		},
		"thirdperson_lefthand": {
			"rotation": [0, -90, 40],
			"translation": [0, 1.5, 1.5],
			"scale": [0.85, 0.85, 0.85]
		},
		"firstperson_righthand": {
			"rotation": [0, 90, -25],
			"translation": [1.13, 3.5, 1.13],
			"scale": [0.68, 0.68, 0.68]
		},
		"firstperson_lefthand": {
			"rotation": [0, -90, 25],
			"translation": [1.13, 3.5, 1.13],
			"scale": [0.68, 0.68, 0.69]
		},
		"ground": {
			"translation": [0, 3, 0],
			"scale": [0.5, 0.5, 0.5]
		},
		"gui": {
			"rotation": [0, -180, 0],
			"translation": [-0.25, 0.25, 0],
			"scale": [0.8, 0.8, 0.8]
		},
		"head": {
			"translation": [0, 14, 6]
		},
		"fixed": {
			"translation": [0.25, 0.25, 0],
			"scale": [0.92, 0.92, 0.92]
		}
	}
}