{
	"credit": "Made with Blockbench",
	"texture_size": [64, 64],
	"textures": {
		"0": "./axolotl_blue",
		"particle": "./axolotl_blue"
	},
	"elements": [
		{
			"from": [6, 0, 4],
			"to": [10, 2, 9],
			"faces": {
				"north": {"uv": [2.5, 5.25, 4.5, 6.25], "texture": "#0"},
				"east": {"uv": [0, 5.25, 2.5, 6.25], "texture": "#0"},
				"south": {"uv": [7, 5.25, 9, 6.25], "texture": "#0"},
				"west": {"uv": [4.5, 5.25, 7, 6.25], "texture": "#0"},
				"up": {"uv": [2.5, 2.75, 4.5, 5.25], "texture": "#0"},
				"down": {"uv": [4.5, 2.75, 6.5, 5.25], "texture": "#0"}
			}
		},
		{
			"from": [8, 0, 4.5],
			"to": [8, 2.5, 9],
			"faces": {
				"north": {"uv": [2.75, 6.5, 2.75, 7.75], "texture": "#0"},
				"east": {"uv": [0.5, 6.5, 2.75, 7.75], "texture": "#0"},
				"south": {"uv": [5, 6.5, 5, 7.75], "texture": "#0"},
				"west": {"uv": [3, 6.5, 5.25, 7.75], "texture": "#0"},
				"up": {"uv": [2.75, 6.5, 2.75, 4.25], "texture": "#0"},
				"down": {"uv": [2.75, 4.25, 2.75, 6.5], "texture": "#0"}
			}
		},
		{
			"from": [6, 0, 1.5],
			"to": [10, 2.5, 4],
			"faces": {
				"north": {"uv": [1.25, 1.5, 3.25, 2.75], "texture": "#0"},
				"east": {"uv": [0, 1.5, 1.25, 2.75], "texture": "#0"},
				"south": {"uv": [4.5, 1.5, 6.5, 2.75], "texture": "#0"},
				"west": {"uv": [3.25, 1.5, 4.5, 2.75], "texture": "#0"},
				"up": {"uv": [1.25, 0.25, 3.25, 1.5], "texture": "#0"},
				"down": {"uv": [3.25, 0.25, 5.25, 1.5], "texture": "#0"}
			}
		},
		{
			"from": [8, 0, 9],
			"to": [8, 2.5, 15],
			"faces": {
				"north": {"uv": [3.5, 7.75, 3.5, 9], "texture": "#0"},
				"east": {"uv": [0.5, 7.75, 3.5, 9], "texture": "#0"},
				"south": {"uv": [6.5, 7.75, 6.5, 9], "texture": "#0"},
				"west": {"uv": [3.75, 7.75, 6.75, 9], "texture": "#0"},
				"up": {"uv": [3.5, 7.75, 3.5, 4.75], "texture": "#0"},
				"down": {"uv": [3.5, 4.75, 3.5, 7.75], "texture": "#0"}
			}
		},
		{
			"from": [6, 2.5, 3.5],
			"to": [10, 4, 3.5],
			"faces": {
				"north": {"uv": [0.75, 9.25, 2.75, 10], "texture": "#0"},
				"east": {"uv": [0.75, 9.25, 0.75, 10], "texture": "#0"},
				"south": {"uv": [0.75, 9.25, 2.75, 10], "texture": "#0"},
				"west": {"uv": [2.75, 9.25, 2.75, 10], "texture": "#0"},
				"up": {"uv": [2.75, 9.25, 0.75, 9.25], "texture": "#0"},
				"down": {"uv": [4.75, 9.25, 2.75, 9.25], "texture": "#0"}
			}
		},
		{
			"from": [4.5, 0, 3.5],
			"to": [6, 3.5, 3.5],
			"faces": {
				"north": {"uv": [2.75, 10, 3.5, 11.75], "texture": "#0"},
				"east": {"uv": [2.75, 10, 2.75, 11.75], "texture": "#0"},
				"south": {"uv": [0, 10, 0.75, 11.75], "texture": "#0"},
				"west": {"uv": [3.5, 10, 3.5, 11.75], "texture": "#0"},
				"up": {"uv": [3.5, 10, 2.75, 10], "texture": "#0"},
				"down": {"uv": [4.25, 10, 3.5, 10], "texture": "#0"}
			}
		},
		{
			"from": [10, 0, 3.5],
			"to": [11.5, 3.5, 3.5],
			"faces": {
				"north": {"uv": [0, 10, 0.75, 11.75], "texture": "#0"},
				"east": {"uv": [0, 10, 0, 11.75], "texture": "#0"},
				"south": {"uv": [2.75, 10, 3.5, 11.75], "texture": "#0"},
				"west": {"uv": [0.75, 10, 0.75, 11.75], "texture": "#0"},
				"up": {"uv": [0.75, 10, 0, 10], "texture": "#0"},
				"down": {"uv": [1.5, 10, 0.75, 10], "texture": "#0"}
			}
		},
		{
			"from": [3.6, 0, 4.25],
			"to": [6.1, 0, 5.75],
			"rotation": {"angle": -22.5, "axis": "y", "origin": [6.15, 0, 5]},
			"faces": {
				"north": {"uv": [0.5, 3.25, 0.5, 4.5], "rotation": 270, "texture": "#0"},
				"east": {"uv": [1.25, 3.25, 0.5, 3.25], "texture": "#0"},
				"south": {"uv": [1.25, 3.25, 1.25, 4.5], "rotation": 90, "texture": "#0"},
				"west": {"uv": [2, 3.25, 1.25, 3.25], "rotation": 180, "texture": "#0"},
				"up": {"uv": [0.5, 3.25, 1.25, 4.5], "rotation": 90, "texture": "#0"},
				"down": {"uv": [1.25, 3.25, 2, 4.5], "rotation": 90, "texture": "#0"}
			}
		},
		{
			"from": [3.6, 0, 7.25],
			"to": [6.1, 0, 8.75],
			"rotation": {"angle": 22.5, "axis": "y", "origin": [6.15, 0, 8]},
			"faces": {
				"north": {"uv": [1.25, 3.25, 1.25, 4.5], "rotation": 270, "texture": "#0"},
				"east": {"uv": [1.25, 3.25, 0.5, 3.25], "rotation": 180, "texture": "#0"},
				"south": {"uv": [0.5, 3.25, 0.5, 4.5], "rotation": 90, "texture": "#0"},
				"west": {"uv": [2, 3.25, 1.25, 3.25], "texture": "#0"},
				"up": {"uv": [0.5, 3.25, 1.25, 4.5], "rotation": 90, "texture": "#0"},
				"down": {"uv": [1.25, 3.25, 2, 4.5], "rotation": 90, "texture": "#0"}
			}
		},
		{
			"from": [9.9, 0, 4.25],
			"to": [12.4, 0, 5.75],
			"rotation": {"angle": 22.5, "axis": "y", "origin": [9.85, 0, 5]},
			"faces": {
				"north": {"uv": [0.5, 3.25, 0.5, 4.5], "rotation": 90, "texture": "#0"},
				"east": {"uv": [2, 3.25, 1.25, 3.25], "texture": "#0"},
				"south": {"uv": [1.25, 3.25, 1.25, 4.5], "rotation": 270, "texture": "#0"},
				"west": {"uv": [1.25, 3.25, 0.5, 3.25], "rotation": 180, "texture": "#0"},
				"up": {"uv": [0.5, 3.25, 1.25, 4.5], "rotation": 270, "texture": "#0"},
				"down": {"uv": [1.25, 3.25, 2, 4.5], "rotation": 270, "texture": "#0"}
			}
		},
		{
			"from": [9.9, 0, 7.25],
			"to": [12.4, 0, 8.75],
			"rotation": {"angle": -22.5, "axis": "y", "origin": [9.85, 0, 8]},
			"faces": {
				"north": {"uv": [0.5, 3.25, 0.5, 4.5], "rotation": 90, "texture": "#0"},
				"east": {"uv": [2, 3.25, 1.25, 3.25], "texture": "#0"},
				"south": {"uv": [1.25, 3.25, 1.25, 4.5], "rotation": 270, "texture": "#0"},
				"west": {"uv": [1.25, 3.25, 0.5, 3.25], "rotation": 180, "texture": "#0"},
				"up": {"uv": [0.5, 3.25, 1.25, 4.5], "rotation": 270, "texture": "#0"},
				"down": {"uv": [1.25, 3.25, 2, 4.5], "rotation": 270, "texture": "#0"}
			}
		}
	],
	"display": {
		"thirdperson_righthand": {
			"rotation": [75, 45, 0],
			"translation": [2, 0.75, 7.25]
		},
		"thirdperson_lefthand": {
			"rotation": [75, 45, 0],
			"translation": [0, 2.5, 0],
			"scale": [0.375, 0.375, 0.375]
		},
		"firstperson_righthand": {
			"rotation": [0, 45, 0],
			"translation": [0, 7.75, 1.25]
		},
		"firstperson_lefthand": {
			"rotation": [0, 225, 0],
			"translation": [0, 4.5, 0],
			"scale": [0.4, 0.4, 0.4]
		},
		"ground": {
			"translation": [0, 3, 0]
		},
		"gui": {
			"rotation": [30, 225, 0],
			"translation": [-0.75, 10, 0],
			"scale": [1.4, 1.4, 1.4]
		},
		"head": {
			"translation": [0, 22.5, 2.75],
			"scale": [2, 2, 2]
		},
		"fixed": {
			"rotation": [-90, 0, 0],
			"translation": [0, 0.5, -16.1],
			"scale": [2, 2, 2]
		}
	}
}