{
	"texture_size": [32, 32],
	"textures": {
		"0": "ceiling_fan",
		"particle": "ceiling_fan"
	},
	"elements": [
		{
			"name": "dyable",
			"from": [5, 4, 12],
			"to": [11, 5, 30],
			"rotation": {"angle": 0, "axis": "y", "origin": [8, 5.75, 8]},
			"faces": {
				"north": {"uv": [7.5, 8.5, 10.5, 9], "texture": "#0"},
				"east": {"uv": [7.5, 9, 8, 0], "rotation": 90, "texture": "#0"},
				"south": {"uv": [7.5, 0, 10.5, 0.5], "texture": "#0"},
				"west": {"uv": [7.5, 0, 8, 9], "rotation": 90, "texture": "#0"},
				"up": {"uv": [10.5, 9, 7.5, 0], "texture": "#0"},
				"down": {"uv": [10.5, 0, 7.5, 9], "texture": "#0"}
			}
		},
		{
			"name": "dyable",
			"from": [-14, 4, 5],
			"to": [4, 5, 11],
			"rotation": {"angle": 0, "axis": "y", "origin": [8, 5.75, 8]},
			"faces": {
				"north": {"uv": [7.5, 0, 8, 9], "rotation": 90, "texture": "#0"},
				"east": {"uv": [7.5, 8.5, 10.5, 9], "texture": "#0"},
				"south": {"uv": [7.5, 9, 8, 0], "rotation": 90, "texture": "#0"},
				"west": {"uv": [7.5, 0, 10.5, 0.5], "texture": "#0"},
				"up": {"uv": [10.5, 9, 7.5, 0], "rotation": 90, "texture": "#0"},
				"down": {"uv": [7.5, 9, 10.5, 0], "rotation": 90, "texture": "#0"}
			}
		},
		{
			"name": "dyable",
			"from": [5, 4, -14],
			"to": [11, 5, 4],
			"rotation": {"angle": 0, "axis": "y", "origin": [8, 5.75, 8]},
			"faces": {
				"north": {"uv": [7.5, 0, 10.5, 0.5], "texture": "#0"},
				"east": {"uv": [7.5, 0, 8, 9], "rotation": 90, "texture": "#0"},
				"south": {"uv": [7.5, 8.5, 10.5, 9], "texture": "#0"},
				"west": {"uv": [8, 9, 7.5, 0], "rotation": 90, "texture": "#0"},
				"up": {"uv": [7.5, 0, 10.5, 9], "texture": "#0"},
				"down": {"uv": [10.5, 9, 7.5, 0], "texture": "#0"}
			}
		},
		{
			"name": "dyable",
			"from": [12, 4, 5],
			"to": [30, 5, 11],
			"rotation": {"angle": 0, "axis": "y", "origin": [8, 5.75, 8]},
			"faces": {
				"north": {"uv": [7.5, 9, 8, 0], "rotation": 90, "texture": "#0"},
				"east": {"uv": [7.5, 0, 10.5, 0.5], "texture": "#0"},
				"south": {"uv": [7.5, 0, 8, 9], "rotation": 90, "texture": "#0"},
				"west": {"uv": [7.5, 8.5, 10.5, 9], "texture": "#0"},
				"up": {"uv": [7.5, 0, 10.5, 9], "rotation": 90, "texture": "#0"},
				"down": {"uv": [7.5, 0, 10.5, 9], "rotation": 90, "texture": "#0"}
			}
		}
	],
	"display": {
		"thirdperson_righthand": {
			"rotation": [-180, 0, 0],
			"scale": [0.3, 0.3, 0.3]
		},
		"thirdperson_lefthand": {
			"rotation": [-180, 0, 0],
			"scale": [0.3, 0.3, 0.3]
		},
		"firstperson_righthand": {
			"rotation": [180, 0, 0],
			"translation": [0, 1.5, 0],
			"scale": [0.4, 0.4, 0.4]
		},
		"firstperson_lefthand": {
			"rotation": [180, 0, 0],
			"translation": [0, 1.5, 0],
			"scale": [0.4, 0.4, 0.4]
		},
		"ground": {
			"rotation": [180, 0, 0],
			"translation": [0, 1.5, 0],
			"scale": [0.3, 0.3, 0.3]
		},
		"gui": {
			"rotation": [25, -30, 180],
			"translation": [0, -2.5, 0],
			"scale": [0.35, 0.35, 0.35]
		},
		"fixed": {
			"rotation": [-90, 0, 0],
			"translation": [0, 0, -16],
			"scale": [2, 2, 2]
		}
	}
}