{
	"credit": "Made with Blockbench",
	"texture_size": [64, 64],
	"textures": {
		"1": "gnome_standard"
	},
	"elements": [
		{
			"from": [4, 0, 5],
			"to": [7, 2, 10],
			"faces": {
				"north": {"uv": [9.25, 5, 10, 5.5], "texture": "#1"},
				"east": {"uv": [8, 3.75, 9.25, 4.25], "texture": "#1"},
				"south": {"uv": [11, 4.5, 11.75, 5], "texture": "#1"},
				"west": {"uv": [2, 10.75, 3.25, 11.25], "texture": "#1"},
				"up": {"uv": [2.75, 10.75, 2, 9.5], "texture": "#1"},
				"down": {"uv": [3.5, 9.5, 2.75, 10.75], "texture": "#1"}
			}
		},
		{
			"from": [8, 0, 5],
			"to": [11, 2, 10],
			"faces": {
				"north": {"uv": [9.5, 11, 10.25, 11.5], "texture": "#1"},
				"east": {"uv": [10.75, 7.5, 12, 8], "texture": "#1"},
				"south": {"uv": [10.25, 11, 11, 11.5], "texture": "#1"},
				"west": {"uv": [10.75, 8, 12, 8.5], "texture": "#1"},
				"up": {"uv": [0.75, 11, 0, 9.75], "texture": "#1"},
				"down": {"uv": [1.5, 9.75, 0.75, 11], "texture": "#1"}
			}
		},
		{
			"from": [8.5, 2, 7],
			"to": [10.5, 4, 9],
			"faces": {
				"north": {"uv": [7.5, 1.25, 8, 1.75], "texture": "#1"},
				"east": {"uv": [1.25, 11.25, 1.75, 11.75], "texture": "#1"},
				"south": {"uv": [1.75, 11.25, 2.25, 11.75], "texture": "#1"},
				"west": {"uv": [2.25, 11.25, 2.75, 11.75], "texture": "#1"},
				"up": {"uv": [3.25, 11.75, 2.75, 11.25], "texture": "#1"},
				"down": {"uv": [11.75, 5.75, 11.25, 6.25], "texture": "#1"}
			}
		},
		{
			"from": [4, 4, 6],
			"to": [11, 13, 10],
			"faces": {
				"north": {"uv": [2.25, 0, 4, 2.25], "texture": "#1"},
				"east": {"uv": [0, 7.5, 1, 9.75], "texture": "#1"},
				"south": {"uv": [2.25, 2.25, 4, 4.5], "texture": "#1"},
				"west": {"uv": [1, 7.5, 2, 9.75], "texture": "#1"},
				"up": {"uv": [5.5, 9.25, 3.75, 8.25], "texture": "#1"},
				"down": {"uv": [7.25, 8.25, 5.5, 9.25], "texture": "#1"}
			}
		},
		{
			"from": [4, 13, 4],
			"to": [11, 20, 11],
			"faces": {
				"north": {"uv": [4, 0, 5.75, 1.75], "texture": "#1"},
				"east": {"uv": [4, 1.75, 5.75, 3.5], "texture": "#1"},
				"south": {"uv": [4, 3.5, 5.75, 5.25], "texture": "#1"},
				"west": {"uv": [0, 4.5, 1.75, 6.25], "texture": "#1"},
				"up": {"uv": [3.5, 6.25, 1.75, 4.5], "texture": "#1"},
				"down": {"uv": [5.25, 5.25, 3.5, 7], "texture": "#1"}
			}
		},
		{
			"from": [10.33848, 15, 8.81838],
			"to": [10.33848, 18, 13.81838],
			"rotation": {"angle": 45, "axis": "y", "origin": [7.51005, 16.5, 7.48995]},
			"faces": {
				"north": {"uv": [0, 0, 0, 0.75], "texture": "#1"},
				"east": {"uv": [5.775, 4.26875, 7, 4.98125], "texture": "#1"},
				"south": {"uv": [0, 0, 0, 0.75], "texture": "#1"},
				"west": {"uv": [7, 4.2625, 5.775, 4.9875], "texture": "#1"},
				"up": {"uv": [0, 1.25, 0, 0], "texture": "#1"},
				"down": {"uv": [0, 0, 0, 1.25], "texture": "#1"}
			}
		},
		{
			"from": [4.66152, 15, 8.81838],
			"to": [4.66152, 18, 13.81838],
			"rotation": {"angle": -45, "axis": "y", "origin": [7.48995, 16.5, 7.48995]},
			"faces": {
				"north": {"uv": [0, 0, 0, 0.75], "texture": "#1"},
				"east": {"uv": [5.775, 4.26875, 7, 4.9875], "texture": "#1"},
				"south": {"uv": [0, 0, 0, 0.75], "texture": "#1"},
				"west": {"uv": [7, 4.2625, 5.775, 4.9875], "texture": "#1"},
				"up": {"uv": [0, 1.25, 0, 0], "texture": "#1"},
				"down": {"uv": [0, 0, 0, 1.25], "texture": "#1"}
			}
		},
		{
			"from": [3, 18, 3],
			"to": [12, 23, 12],
			"rotation": {"angle": 0, "axis": "y", "origin": [7.5, 20.5, 7.5]},
			"faces": {
				"north": {"uv": [5.75, 1.75, 8, 3], "texture": "#1"},
				"east": {"uv": [5.75, 1.75, 8, 3], "texture": "#1"},
				"south": {"uv": [5.75, 1.75, 8, 3], "texture": "#1"},
				"west": {"uv": [5.75, 1.75, 8, 3], "texture": "#1"},
				"up": {"uv": [2.25, 2.25, 0, 0], "texture": "#1"},
				"down": {"uv": [2.25, 2.25, 0, 4.5], "texture": "#1"}
			}
		},
		{
			"from": [5, 21, 4],
			"to": [12, 26, 11],
			"rotation": {"angle": 22.5, "axis": "z", "origin": [7.5, 20.5, 7.5]},
			"faces": {
				"north": {"uv": [7.5, 0, 9.25, 1.25], "texture": "#1"},
				"east": {"uv": [8, 1.25, 9.75, 2.5], "texture": "#1"},
				"south": {"uv": [8, 2.5, 9.75, 3.75], "texture": "#1"},
				"west": {"uv": [2, 8.25, 3.75, 9.5], "texture": "#1"},
				"up": {"uv": [7, 7, 5.25, 5.25], "texture": "#1"},
				"down": {"uv": [7.5, 0, 5.75, 1.75], "texture": "#1"}
			}
		},
		{
			"from": [2.2451, 24.84984, 5],
			"to": [7.2451, 29.84984, 10],
			"rotation": {"angle": 45, "axis": "z", "origin": [5.7451, 27.34984, 7.5]},
			"faces": {
				"north": {"uv": [9, 5.5, 10.25, 6.75], "texture": "#1"},
				"east": {"uv": [7.25, 9, 8.5, 10.25], "texture": "#1"},
				"south": {"uv": [8.5, 9, 9.75, 10.25], "texture": "#1"},
				"west": {"uv": [9.25, 0, 10.5, 1.25], "texture": "#1"},
				"up": {"uv": [5, 10.5, 3.75, 9.25], "texture": "#1"},
				"down": {"uv": [10.5, 3.75, 9.25, 5], "texture": "#1"}
			}
		},
		{
			"from": [0.2451, 25.84984, 6],
			"to": [4.2451, 28.84984, 9],
			"rotation": {"angle": -22.5, "axis": "z", "origin": [5.7451, 27.34984, 7.5]},
			"faces": {
				"north": {"uv": [6.25, 9.75, 7.25, 10.5], "texture": "#1"},
				"east": {"uv": [11, 1.5, 11.75, 2.25], "texture": "#1"},
				"south": {"uv": [10.25, 5.75, 11.25, 6.5], "texture": "#1"},
				"west": {"uv": [11, 2.25, 11.75, 3], "texture": "#1"},
				"up": {"uv": [8.25, 11, 7.25, 10.25], "texture": "#1"},
				"down": {"uv": [9.25, 10.25, 8.25, 11], "texture": "#1"}
			}
		},
		{
			"from": [6, 15, 1],
			"to": [9, 18, 5],
			"rotation": {"angle": 22.5, "axis": "x", "origin": [7.5, 14.5, 2]},
			"faces": {
				"north": {"uv": [11, 3, 11.75, 3.75], "texture": "#1"},
				"east": {"uv": [9.25, 10.25, 10.25, 11], "texture": "#1"},
				"south": {"uv": [11, 3.75, 11.75, 4.5], "texture": "#1"},
				"west": {"uv": [10.25, 10.25, 11.25, 11], "texture": "#1"},
				"up": {"uv": [11.25, 1, 10.5, 0], "texture": "#1"},
				"down": {"uv": [4.25, 10.5, 3.5, 11.5], "texture": "#1"}
			}
		},
		{
			"from": [3, 12, 3],
			"to": [12, 15, 8],
			"faces": {
				"north": {"uv": [7.25, 8.25, 9.5, 9], "texture": "#1"},
				"east": {"uv": [9.75, 2, 11, 2.75], "texture": "#1"},
				"south": {"uv": [8.75, 6.75, 11, 7.5], "texture": "#1"},
				"west": {"uv": [9.75, 2.75, 11, 3.5], "texture": "#1"},
				"up": {"uv": [9.25, 5.5, 7, 4.25], "texture": "#1"},
				"down": {"uv": [6.75, 7, 4.5, 8.25], "texture": "#1"}
			}
		},
		{
			"from": [5, 9, 3],
			"to": [10, 12, 6],
			"rotation": {"angle": 0, "axis": "y", "origin": [0, -3, 0]},
			"faces": {
				"north": {"uv": [5, 9.75, 6.25, 10.5], "texture": "#1"},
				"east": {"uv": [11, 6.5, 11.75, 7.25], "texture": "#1"},
				"south": {"uv": [9.75, 8.75, 11, 9.5], "texture": "#1"},
				"west": {"uv": [7.25, 11, 8, 11.75], "texture": "#1"},
				"up": {"uv": [11, 10.25, 9.75, 9.5], "texture": "#1"},
				"down": {"uv": [11.5, 5, 10.25, 5.75], "texture": "#1"}
			}
		},
		{
			"from": [6, 6, 3],
			"to": [9, 9, 5],
			"rotation": {"angle": 0, "axis": "y", "origin": [0, -4, 0]},
			"faces": {
				"north": {"uv": [8, 11, 8.75, 11.75], "texture": "#1"},
				"east": {"uv": [3.5, 4.5, 4, 5.25], "texture": "#1"},
				"south": {"uv": [11, 8.5, 11.75, 9.25], "texture": "#1"},
				"west": {"uv": [11, 11, 11.5, 11.75], "texture": "#1"},
				"up": {"uv": [12, 0.5, 11.25, 0], "texture": "#1"},
				"down": {"uv": [12, 0.5, 11.25, 1], "texture": "#1"}
			}
		},
		{
			"from": [7, 5, 3],
			"to": [8, 6, 4],
			"rotation": {"angle": 0, "axis": "y", "origin": [0, -4, 0]},
			"faces": {
				"north": {"uv": [6.75, 5, 7, 5.25], "texture": "#1"},
				"east": {"uv": [2, 7.5, 2.25, 7.75], "texture": "#1"},
				"south": {"uv": [2, 7.75, 2.25, 8], "texture": "#1"},
				"west": {"uv": [2, 8, 2.25, 8.25], "texture": "#1"},
				"up": {"uv": [8.75, 7, 8.5, 6.75], "texture": "#1"},
				"down": {"uv": [7.25, 9.25, 7, 9.5], "texture": "#1"}
			}
		},
		{
			"from": [11, 7, 7],
			"to": [13, 13, 9],
			"rotation": {"angle": 0, "axis": "y", "origin": [12, 12, 8]},
			"faces": {
				"north": {"uv": [1.5, 9.75, 2, 11.25], "texture": "#1"},
				"east": {"uv": [10.5, 3.5, 11, 5], "texture": "#1"},
				"south": {"uv": [4.25, 10.5, 4.75, 12], "texture": "#1"},
				"west": {"uv": [4.75, 10.5, 5.25, 12], "texture": "#1"},
				"up": {"uv": [11.75, 10.5, 11.25, 10], "texture": "#1"},
				"down": {"uv": [11.75, 10.5, 11.25, 11], "texture": "#1"}
			}
		},
		{
			"from": [2, 11, 3],
			"to": [4, 13, 9],
			"rotation": {"angle": -22.5, "axis": "x", "origin": [12, 12, 8]},
			"faces": {
				"north": {"uv": [1, 11.5, 0.5, 12], "rotation": 180, "texture": "#1"},
				"east": {"uv": [5.75, 10.5, 6.25, 12], "rotation": 270, "texture": "#1"},
				"south": {"uv": [0.5, 12, 0, 11.5], "texture": "#1"},
				"west": {"uv": [6.75, 10.5, 7.25, 12], "rotation": 90, "texture": "#1"},
				"up": {"uv": [5.25, 10.5, 5.75, 12], "rotation": 180, "texture": "#1"},
				"down": {"uv": [6.25, 10.5, 6.75, 12], "texture": "#1"}
			}
		},
		{
			"from": [3.75, 5, 5.75],
			"to": [11.25, 7, 10.25],
			"rotation": {"angle": 0, "axis": "y", "origin": [7.5, 6, 8]},
			"faces": {
				"north": {"uv": [8.75, 7.5, 10.75, 8], "texture": "#1"},
				"east": {"uv": [0, 11, 1.25, 11.5], "texture": "#1"},
				"south": {"uv": [5, 9.25, 7, 9.75], "texture": "#1"},
				"west": {"uv": [11, 1, 12.25, 1.5], "texture": "#1"},
				"up": {"uv": [9, 6.75, 7, 5.5], "texture": "#1"},
				"down": {"uv": [8.75, 7, 6.75, 8.25], "texture": "#1"}
			}
		},
		{
			"from": [5.85, 4.7, 5.725],
			"to": [9.15, 7.3, 5.725],
			"rotation": {"angle": 0, "axis": "y", "origin": [7.5, 6, 8]},
			"faces": {
				"north": {"uv": [8.75, 11, 9.5, 11.75], "texture": "#1"},
				"east": {"uv": [0, 0, 0, 0.75], "texture": "#1"},
				"south": {"uv": [11, 9.25, 11.75, 10], "texture": "#1"},
				"west": {"uv": [0, 0, 0, 0.75], "texture": "#1"},
				"up": {"uv": [0.75, 0, 0, 0], "texture": "#1"},
				"down": {"uv": [0.75, 0, 0, 0], "texture": "#1"}
			}
		},
		{
			"from": [8.5, 2, 9],
			"to": [10.5, 3, 10],
			"faces": {
				"north": {"uv": [5.75, 5, 6.25, 5.25], "texture": "#1"},
				"east": {"uv": [9.25, 8, 9.5, 8.25], "texture": "#1"},
				"south": {"uv": [6.25, 5, 6.75, 5.25], "texture": "#1"},
				"west": {"uv": [3.5, 9.5, 3.75, 9.75], "texture": "#1"},
				"up": {"uv": [7.5, 7, 7, 6.75], "texture": "#1"},
				"down": {"uv": [8, 6.75, 7.5, 7], "texture": "#1"}
			}
		},
		{
			"from": [4.5, 2, 7],
			"to": [6.5, 4, 9],
			"faces": {
				"north": {"uv": [3.25, 11.5, 3.75, 12], "texture": "#1"},
				"east": {"uv": [3.75, 11.5, 4.25, 12], "texture": "#1"},
				"south": {"uv": [11.5, 5, 12, 5.5], "texture": "#1"},
				"west": {"uv": [9.5, 11.5, 10, 12], "texture": "#1"},
				"up": {"uv": [10.5, 12, 10, 11.5], "texture": "#1"},
				"down": {"uv": [11, 11.5, 10.5, 12], "texture": "#1"}
			}
		},
		{
			"from": [4.5, 2, 9],
			"to": [6.5, 3, 10],
			"faces": {
				"north": {"uv": [8, 6.75, 8.5, 7], "texture": "#1"},
				"east": {"uv": [7, 9.5, 7.25, 9.75], "texture": "#1"},
				"south": {"uv": [8.75, 8, 9.25, 8.25], "texture": "#1"},
				"west": {"uv": [9.5, 8.75, 9.75, 9], "texture": "#1"},
				"up": {"uv": [10.25, 3.75, 9.75, 3.5], "texture": "#1"},
				"down": {"uv": [10.75, 6.5, 10.25, 6.75], "texture": "#1"}
			}
		},
		{
			"from": [2, 0, 2],
			"to": [3, 21, 3],
			"faces": {
				"north": {"uv": [15.75, 1.25, 16, 6.5], "texture": "#1"},
				"east": {"uv": [15.75, 1.25, 16, 6.5], "texture": "#1"},
				"south": {"uv": [15.75, 1.25, 16, 6.5], "texture": "#1"},
				"west": {"uv": [15.75, 1.25, 16, 6.5], "texture": "#1"},
				"up": {"uv": [15.75, 1.25, 16, 1.5], "texture": "#1"},
				"down": {"uv": [15.75, 1.25, 16, 1.5], "texture": "#1"}
			}
		},
		{
			"from": [1, 16, 2],
			"to": [2, 17, 3],
			"faces": {
				"north": {"uv": [15.75, 1.25, 16, 1.5], "texture": "#1"},
				"east": {"uv": [15.75, 1.25, 16, 1.5], "texture": "#1"},
				"south": {"uv": [15.75, 1.25, 16, 1.5], "texture": "#1"},
				"west": {"uv": [15.75, 1.25, 16, 1.5], "texture": "#1"},
				"up": {"uv": [15.75, 1.25, 16, 1.5], "texture": "#1"},
				"down": {"uv": [15.75, 1.25, 16, 1.5], "texture": "#1"}
			}
		},
		{
			"from": [3, 16, 2],
			"to": [4, 17, 3],
			"faces": {
				"north": {"uv": [15.75, 1.25, 16, 1.5], "texture": "#1"},
				"east": {"uv": [15.75, 1.25, 16, 1.5], "texture": "#1"},
				"south": {"uv": [15.75, 1.25, 16, 1.5], "texture": "#1"},
				"west": {"uv": [15.75, 1.25, 16, 1.5], "texture": "#1"},
				"up": {"uv": [15.75, 1.25, 16, 1.5], "texture": "#1"},
				"down": {"uv": [15.75, 1.25, 16, 1.5], "texture": "#1"}
			}
		},
		{
			"from": [4, 16, 2],
			"to": [5, 21, 3],
			"faces": {
				"north": {"uv": [15.75, 1.25, 16, 2.5], "texture": "#1"},
				"east": {"uv": [15.75, 1.25, 16, 2.5], "texture": "#1"},
				"south": {"uv": [15.75, 1.25, 16, 2.5], "texture": "#1"},
				"west": {"uv": [15.75, 1.25, 16, 2.5], "texture": "#1"},
				"up": {"uv": [15.75, 1.25, 16, 1.5], "texture": "#1"},
				"down": {"uv": [15.75, 1.25, 16, 1.5], "texture": "#1"}
			}
		},
		{
			"from": [0, 16, 2],
			"to": [1, 21, 3],
			"faces": {
				"north": {"uv": [15.75, 1.25, 16, 2.5], "texture": "#1"},
				"east": {"uv": [15.75, 1.25, 16, 2.5], "texture": "#1"},
				"south": {"uv": [15.75, 1.25, 16, 2.5], "texture": "#1"},
				"west": {"uv": [15.75, 1.25, 16, 2.5], "texture": "#1"},
				"up": {"uv": [15.75, 1.25, 16, 1.5], "texture": "#1"},
				"down": {"uv": [15.75, 1.25, 16, 1.5], "texture": "#1"}
			}
		}
	],
	"display": {
		"thirdperson_righthand": {
			"rotation": [66.75, 0, 0],
			"scale": [0.24023, 0.24023, 0.24023]
		},
		"thirdperson_lefthand": {
			"rotation": [66.75, 0, 0],
			"scale": [0.24023, 0.24023, 0.24023]
		},
		"firstperson_righthand": {
			"rotation": [-180, 58.5, -180],
			"translation": [0, 4, 0],
			"scale": [0.4082, 0.4082, 0.4082]
		},
		"firstperson_lefthand": {
			"rotation": [-180, 58.5, -180],
			"translation": [0, 4, 0],
			"scale": [0.4082, 0.4082, 0.4082]
		},
		"ground": {
			"scale": [0.3, 0.3, 0.3]
		},
		"gui": {
			"rotation": [-166.75, 23.75, -180],
			"translation": [0, -3.25, 0],
			"scale": [0.51563, 0.51563, 0.51563]
		},
		"head": {
			"translation": [0, 14, 4.25]
		},
		"fixed": {
			"rotation": [-90, 0, 0],
			"translation": [0, 0, -8]
		}
	},
	"groups": [
		{
			"name": "gnome",
			"origin": [0, 0, 0],
			"color": 0,
			"children": [0, 1, 2, 3, 4, 5, 6, 7, 8, 9, 10, 11, 12, 13, 14, 15, 16, 17, 18, 19, 20, 21, 22]
		},
		{
			"name": "group",
			"origin": [0, 0, 0],
			"color": 0,
			"children": [23, 24, 25, 26, 27]
		}
	]
}