{
	"credit": "Made by rikitikitivi",
	"texture_size": [32, 32],
	"textures": {
		"2": "./diamond_shield",
		"particle": "block/spruce_planks"
	},
	"elements": [
		{
			"name": "shield",
			"from": [-1, -3, -5],
			"to": [1, 3, 1],
			"rotation": {"angle": 0, "axis": "y", "origin": [8, -3, 9]},
			"faces": {
				"north": {"uv": [11, 13, 12, 16], "texture": "#2"},
				"east": {"uv": [8, 13, 11, 16], "texture": "#2"},
				"south": {"uv": [15, 13, 16, 16], "texture": "#2"},
				"west": {"uv": [12, 13, 15, 16], "texture": "#2"},
				"up": {"uv": [12, 13, 11, 10], "texture": "#2"},
				"down": {"uv": [13, 10, 12, 13], "texture": "#2"}
			}
		},
		{
			"name": "shield",
			"from": [-1.1, -1.1, 1.1],
			"to": [1.1, 1.1, 2.3],
			"rotation": {"angle": 0, "axis": "y", "origin": [8, -3, 9]},
			"faces": {
				"north": {"uv": [8, 10, 9, 11], "texture": "#2"},
				"east": {"uv": [8.5, 10, 9, 11], "texture": "#2"},
				"south": {"uv": [8, 10, 9, 11], "texture": "#2"},
				"west": {"uv": [8, 10, 8.5, 11], "texture": "#2"},
				"up": {"uv": [9, 10.5, 8, 10], "texture": "#2"},
				"down": {"uv": [9, 10.5, 8, 11], "texture": "#2"}
			}
		},
		{
			"name": "shield",
			"from": [-5.5, -4.5, 1],
			"to": [5.5, 4.5, 2],
			"rotation": {"angle": 0, "axis": "y", "origin": [8, -3, 9]},
			"faces": {
				"north": {"uv": [9, 2, 14.5, 6.5], "texture": "#2"},
				"east": {"uv": [14, 2, 14.5, 6.5], "texture": "#2"},
				"south": {"uv": [1.5, 2, 7, 6.5], "texture": "#2"},
				"west": {"uv": [9, 2, 9.5, 6.5], "texture": "#2"},
				"up": {"uv": [14.5, 2.5, 9, 2], "texture": "#2"},
				"down": {"uv": [14.5, 6, 9, 6.5], "texture": "#2"}
			}
		},
		{
			"name": "shield",
			"from": [-4.5, 4.5, 1],
			"to": [4.5, 5.5, 2],
			"rotation": {"angle": 0, "axis": "y", "origin": [8, -3, 9]},
			"faces": {
				"north": {"uv": [9.5, 1.5, 14, 2], "texture": "#2"},
				"east": {"uv": [13.5, 1.5, 14, 2], "texture": "#2"},
				"south": {"uv": [2, 1.5, 6.5, 2], "texture": "#2"},
				"west": {"uv": [9.5, 1.5, 10, 2], "texture": "#2"},
				"up": {"uv": [14, 2, 9.5, 1.5], "texture": "#2"},
				"down": {"uv": [14, 1.5, 9.5, 2], "texture": "#2"}
			}
		},
		{
			"name": "shield",
			"from": [-4.5, -5.5, 1],
			"to": [4.5, -4.5, 2],
			"rotation": {"angle": 0, "axis": "y", "origin": [8, -3, 9]},
			"faces": {
				"north": {"uv": [9.5, 6.5, 14, 7], "texture": "#2"},
				"east": {"uv": [13.5, 6.5, 14, 7], "texture": "#2"},
				"south": {"uv": [2, 6.5, 6.5, 7], "texture": "#2"},
				"west": {"uv": [9.5, 6.5, 10, 7], "texture": "#2"},
				"up": {"uv": [14, 7, 9.5, 6.5], "texture": "#2"},
				"down": {"uv": [14, 6.5, 9.5, 7], "texture": "#2"}
			}
		},
		{
			"name": "shield",
			"from": [-2.5, 5.5, 1],
			"to": [2.5, 6.5, 2],
			"rotation": {"angle": 0, "axis": "y", "origin": [8, -3, 9]},
			"faces": {
				"north": {"uv": [10.5, 1, 13, 1.5], "texture": "#2"},
				"east": {"uv": [12.5, 1, 13, 1.5], "texture": "#2"},
				"south": {"uv": [3, 1, 5.5, 1.5], "texture": "#2"},
				"west": {"uv": [10.5, 1, 11, 1.5], "texture": "#2"},
				"up": {"uv": [13, 1.5, 10.5, 1], "texture": "#2"},
				"down": {"uv": [13, 1, 10.5, 1.5], "texture": "#2"}
			}
		},
		{
			"name": "shield",
			"from": [-2.5, -6.5, 1],
			"to": [2.5, -5.5, 2],
			"rotation": {"angle": 0, "axis": "y", "origin": [8, -3, 9]},
			"faces": {
				"north": {"uv": [10.5, 7, 13, 7.5], "texture": "#2"},
				"east": {"uv": [12.5, 7, 13, 7.5], "texture": "#2"},
				"south": {"uv": [3, 7, 5.5, 7.5], "texture": "#2"},
				"west": {"uv": [10.5, 7, 11, 7.5], "texture": "#2"},
				"up": {"uv": [13, 7.5, 10.5, 7], "texture": "#2"},
				"down": {"uv": [13, 7, 10.5, 7.5], "texture": "#2"}
			}
		},
		{
			"name": "shield",
			"from": [-6.5, -2.5, 1],
			"to": [-5.5, 2.5, 2],
			"rotation": {"angle": 0, "axis": "y", "origin": [8, -3, 9]},
			"faces": {
				"north": {"uv": [8.5, 3, 9, 5.5], "texture": "#2"},
				"east": {"uv": [8.5, 3, 9, 5.5], "texture": "#2"},
				"south": {"uv": [1, 3, 1.5, 5.5], "texture": "#2"},
				"west": {"uv": [8.5, 3, 9, 5.5], "texture": "#2"},
				"up": {"uv": [9, 3.5, 8.5, 3], "texture": "#2"},
				"down": {"uv": [9, 5, 8.5, 5.5], "texture": "#2"}
			}
		},
		{
			"name": "shield",
			"from": [5.5, -2.5, 1],
			"to": [6.5, 2.5, 2],
			"rotation": {"angle": 0, "axis": "y", "origin": [8, -3, 9]},
			"faces": {
				"north": {"uv": [14.5, 3, 15, 5.5], "texture": "#2"},
				"east": {"uv": [14.5, 3, 15, 5.5], "texture": "#2"},
				"south": {"uv": [7, 3, 7.5, 5.5], "texture": "#2"},
				"west": {"uv": [14.5, 3, 15, 5.5], "texture": "#2"},
				"up": {"uv": [15, 3.5, 14.5, 3], "texture": "#2"},
				"down": {"uv": [15, 5, 14.5, 5.5], "texture": "#2"}
			}
		},
		{
			"name": "shield",
			"from": [-2.6, 6.4, 1],
			"to": [2.6, 7.6, 2.2],
			"rotation": {"angle": 0, "axis": "y", "origin": [8, -3, 9]},
			"faces": {
				"north": {"uv": [10.5, 0.5, 13, 1], "texture": "#2"},
				"east": {"uv": [12.5, 0.5, 13, 1], "texture": "#2"},
				"south": {"uv": [10.5, 0.5, 13, 1], "texture": "#2"},
				"west": {"uv": [10.5, 0.5, 11, 1], "texture": "#2"},
				"up": {"uv": [13, 1, 10.5, 0.5], "texture": "#2"},
				"down": {"uv": [13, 0.5, 10.5, 1], "texture": "#2"}
			}
		},
		{
			"name": "shield",
			"from": [-2.6, -7.6, 1],
			"to": [2.6, -6.4, 2.2],
			"rotation": {"angle": 0, "axis": "y", "origin": [8, -3, 9]},
			"faces": {
				"north": {"uv": [10.5, 7.5, 13, 8], "texture": "#2"},
				"east": {"uv": [12.5, 7.5, 13, 8], "texture": "#2"},
				"south": {"uv": [10.5, 7.5, 13, 8], "texture": "#2"},
				"west": {"uv": [10.5, 7.5, 11, 8], "texture": "#2"},
				"up": {"uv": [13, 8, 10.5, 7.5], "texture": "#2"},
				"down": {"uv": [13, 7.5, 10.5, 8], "texture": "#2"}
			}
		},
		{
			"name": "shield",
			"from": [-7.6, -2.6, 1],
			"to": [-6.4, 2.6, 2.2],
			"rotation": {"angle": 0, "axis": "y", "origin": [8, -3, 9]},
			"faces": {
				"north": {"uv": [8, 3, 8.5, 5.5], "texture": "#2"},
				"east": {"uv": [8, 3, 8.5, 5.5], "texture": "#2"},
				"south": {"uv": [8, 3, 8.5, 5.5], "texture": "#2"},
				"west": {"uv": [8, 3, 8.5, 5.5], "texture": "#2"},
				"up": {"uv": [8.5, 3.5, 8, 3], "texture": "#2"},
				"down": {"uv": [8.5, 5, 8, 5.5], "texture": "#2"}
			}
		},
		{
			"name": "shield",
			"from": [6.4, -2.6, 1],
			"to": [7.6, 2.6, 2.2],
			"rotation": {"angle": 0, "axis": "y", "origin": [8, -3, 9]},
			"faces": {
				"north": {"uv": [15, 3, 15.5, 5.5], "texture": "#2"},
				"east": {"uv": [15, 3, 15.5, 5.5], "texture": "#2"},
				"south": {"uv": [15, 3, 15.5, 5.5], "texture": "#2"},
				"west": {"uv": [15, 3, 15.5, 5.5], "texture": "#2"},
				"up": {"uv": [15.5, 3.5, 15, 3], "texture": "#2"},
				"down": {"uv": [15.5, 5, 15, 5.5], "texture": "#2"}
			}
		},
		{
			"name": "shield",
			"from": [-6.6, 2.4, 1],
			"to": [-5.4, 4.6, 2.2],
			"rotation": {"angle": 0, "axis": "y", "origin": [8, -3, 9]},
			"faces": {
				"north": {"uv": [8.5, 5.5, 9, 6.5], "texture": "#2"},
				"east": {"uv": [8.5, 5.5, 9, 6.5], "texture": "#2"},
				"south": {"uv": [8.5, 5.5, 9, 6.5], "texture": "#2"},
				"west": {"uv": [8.5, 5.5, 9, 6.5], "texture": "#2"},
				"up": {"uv": [9, 6, 8.5, 5.5], "texture": "#2"},
				"down": {"uv": [9, 6, 8.5, 6.5], "texture": "#2"}
			}
		},
		{
			"name": "shield",
			"from": [-6.6, -4.6, 1],
			"to": [-5.4, -2.4, 2.2],
			"rotation": {"angle": 0, "axis": "y", "origin": [8, -3, 9]},
			"faces": {
				"north": {"uv": [8.5, 5.5, 9, 6.5], "texture": "#2"},
				"east": {"uv": [8.5, 5.5, 9, 6.5], "texture": "#2"},
				"south": {"uv": [8.5, 5.5, 9, 6.5], "texture": "#2"},
				"west": {"uv": [8.5, 5.5, 9, 6.5], "texture": "#2"},
				"up": {"uv": [9, 6, 8.5, 5.5], "texture": "#2"},
				"down": {"uv": [9, 6, 8.5, 6.5], "texture": "#2"}
			}
		},
		{
			"name": "shield",
			"from": [5.4, 2.4, 1],
			"to": [6.6, 4.6, 2.2],
			"rotation": {"angle": 0, "axis": "y", "origin": [8, -3, 9]},
			"faces": {
				"north": {"uv": [14.5, 2, 15, 3], "texture": "#2"},
				"east": {"uv": [14.5, 2, 15, 3], "texture": "#2"},
				"south": {"uv": [14.5, 2, 15, 3], "texture": "#2"},
				"west": {"uv": [14.5, 2, 15, 3], "texture": "#2"},
				"up": {"uv": [15, 2.5, 14.5, 2], "texture": "#2"},
				"down": {"uv": [15, 2.5, 14.5, 3], "texture": "#2"}
			}
		},
		{
			"name": "shield",
			"from": [5.4, -4.6, 1],
			"to": [6.6, -2.4, 2.2],
			"rotation": {"angle": 0, "axis": "y", "origin": [8, -3, 9]},
			"faces": {
				"north": {"uv": [14.5, 2, 15, 3], "texture": "#2"},
				"east": {"uv": [14.5, 2, 15, 3], "texture": "#2"},
				"south": {"uv": [14.5, 2, 15, 3], "texture": "#2"},
				"west": {"uv": [14.5, 2, 15, 3], "texture": "#2"},
				"up": {"uv": [15, 2.5, 14.5, 2], "texture": "#2"},
				"down": {"uv": [15, 2.5, 14.5, 3], "texture": "#2"}
			}
		},
		{
			"name": "shield",
			"from": [-4.6, 5.4, 1],
			"to": [-2.4, 6.6, 2.2],
			"rotation": {"angle": 0, "axis": "y", "origin": [8, -3, 9]},
			"faces": {
				"north": {"uv": [9.5, 1, 10.5, 1.5], "texture": "#2"},
				"east": {"uv": [10, 1, 10.5, 1.5], "texture": "#2"},
				"south": {"uv": [9.5, 1, 10.5, 1.5], "texture": "#2"},
				"west": {"uv": [9.5, 1, 10, 1.5], "texture": "#2"},
				"up": {"uv": [10.5, 1.5, 9.5, 1], "texture": "#2"},
				"down": {"uv": [10.5, 1, 9.5, 1.5], "texture": "#2"}
			}
		},
		{
			"name": "shield",
			"from": [-4.6, -6.6, 1],
			"to": [-2.4, -5.4, 2.2],
			"rotation": {"angle": 0, "axis": "y", "origin": [8, -3, 9]},
			"faces": {
				"north": {"uv": [13, 7, 14, 7.5], "texture": "#2"},
				"east": {"uv": [13.5, 7, 14, 7.5], "texture": "#2"},
				"south": {"uv": [13, 7, 14, 7.5], "texture": "#2"},
				"west": {"uv": [13, 7, 13.5, 7.5], "texture": "#2"},
				"up": {"uv": [14, 7.5, 13, 7], "texture": "#2"},
				"down": {"uv": [14, 7, 13, 7.5], "texture": "#2"}
			}
		},
		{
			"name": "shield",
			"from": [2.4, 5.4, 1],
			"to": [4.6, 6.6, 2.2],
			"rotation": {"angle": 0, "axis": "y", "origin": [8, -3, 9]},
			"faces": {
				"north": {"uv": [9.5, 1, 10.5, 1.5], "texture": "#2"},
				"east": {"uv": [10, 1, 10.5, 1.5], "texture": "#2"},
				"south": {"uv": [9.5, 1, 10.5, 1.5], "texture": "#2"},
				"west": {"uv": [9.5, 1, 10, 1.5], "texture": "#2"},
				"up": {"uv": [10.5, 1.5, 9.5, 1], "texture": "#2"},
				"down": {"uv": [10.5, 1, 9.5, 1.5], "texture": "#2"}
			}
		},
		{
			"name": "shield",
			"from": [2.4, -6.6, 1],
			"to": [4.6, -5.4, 2.2],
			"rotation": {"angle": 0, "axis": "y", "origin": [8, -3, 9]},
			"faces": {
				"north": {"uv": [13, 7, 14, 7.5], "texture": "#2"},
				"east": {"uv": [13.5, 7, 14, 7.5], "texture": "#2"},
				"south": {"uv": [13, 7, 14, 7.5], "texture": "#2"},
				"west": {"uv": [13, 7, 13.5, 7.5], "texture": "#2"},
				"up": {"uv": [14, 7.5, 13, 7], "texture": "#2"},
				"down": {"uv": [14, 7, 13, 7.5], "texture": "#2"}
			}
		},
		{
			"name": "shield",
			"from": [-5.6, 4.4, 1],
			"to": [-4.4, 5.6, 2.2],
			"rotation": {"angle": 0, "axis": "y", "origin": [8, -3, 9]},
			"faces": {
				"north": {"uv": [14, 1.5, 14.5, 2], "texture": "#2"},
				"east": {"uv": [14, 1.5, 14.5, 2], "texture": "#2"},
				"south": {"uv": [14, 6.5, 14.5, 7], "texture": "#2"},
				"west": {"uv": [14, 1.5, 14.5, 2], "texture": "#2"},
				"up": {"uv": [14.5, 2, 14, 1.5], "texture": "#2"},
				"down": {"uv": [14.5, 1.5, 14, 2], "texture": "#2"}
			}
		},
		{
			"name": "shield",
			"from": [4.4, 4.4, 1],
			"to": [5.6, 5.6, 2.2],
			"rotation": {"angle": 0, "axis": "y", "origin": [8, -3, 9]},
			"faces": {
				"north": {"uv": [14, 1.5, 14.5, 2], "texture": "#2"},
				"east": {"uv": [14, 1.5, 14.5, 2], "texture": "#2"},
				"south": {"uv": [14, 6.5, 14.5, 7], "texture": "#2"},
				"west": {"uv": [14, 1.5, 14.5, 2], "texture": "#2"},
				"up": {"uv": [14.5, 2, 14, 1.5], "texture": "#2"},
				"down": {"uv": [14.5, 1.5, 14, 2], "texture": "#2"}
			}
		},
		{
			"name": "shield",
			"from": [-5.6, -5.6, 1],
			"to": [-4.4, -4.4, 2.2],
			"rotation": {"angle": 0, "axis": "y", "origin": [8, -3, 9]},
			"faces": {
				"north": {"uv": [14, 1.5, 14.5, 2], "texture": "#2"},
				"east": {"uv": [14, 1.5, 14.5, 2], "texture": "#2"},
				"south": {"uv": [14, 6.5, 14.5, 7], "texture": "#2"},
				"west": {"uv": [14, 1.5, 14.5, 2], "texture": "#2"},
				"up": {"uv": [14.5, 2, 14, 1.5], "texture": "#2"},
				"down": {"uv": [14.5, 1.5, 14, 2], "texture": "#2"}
			}
		},
		{
			"name": "shield",
			"from": [4.4, -5.6, 1],
			"to": [5.6, -4.4, 2.2],
			"rotation": {"angle": 0, "axis": "y", "origin": [8, -3, 9]},
			"faces": {
				"north": {"uv": [14, 1.5, 14.5, 2], "texture": "#2"},
				"east": {"uv": [14, 1.5, 14.5, 2], "texture": "#2"},
				"south": {"uv": [14, 6.5, 14.5, 7], "texture": "#2"},
				"west": {"uv": [14, 1.5, 14.5, 2], "texture": "#2"},
				"up": {"uv": [14.5, 2, 14, 1.5], "texture": "#2"},
				"down": {"uv": [14.5, 1.5, 14, 2], "texture": "#2"}
			}
		}
	],
	"gui_light": "front",
	"display": {
		"thirdperson_righthand": {
			"rotation": [45, 135, 0],
			"translation": [3.51, 13, -1]
		},
		"thirdperson_lefthand": {
			"rotation": [45, 135, 0],
			"translation": [13.51, 5, 6]
		},
		"firstperson_righthand": {
			"rotation": [0, -180, -5],
			"translation": [-15, 5, -11],
			"scale": [1.25, 1.25, 1.25]
		},
		"firstperson_lefthand": {
			"rotation": [0, -180, -5],
			"translation": [5, 5, -11],
			"scale": [1.25, 1.25, 1.25]
		},
		"ground": {
			"translation": [4, 4, 2],
			"scale": [0.25, 0.25, 0.25]
		},
		"gui": {
			"rotation": [15, -25, -5],
			"translation": [3.75, 3.5, 0],
			"scale": [0.75, 0.75, 0.75]
		},
		"head": {
			"rotation": [0, -180, 0],
			"translation": [-8, 20, 0]
		},
		"fixed": {
			"rotation": [0, -180, 0],
			"translation": [-6, 6, -5],
			"scale": [0.75, 0.75, 0.75]
		}
	},
	"groups": [
		{
			"name": "shield",
			"origin": [0, 0, 0],
			"children": [0, 1, 2, 3, 4, 5, 6, 7, 8, 9, 10, 11, 12, 13, 14, 15, 16, 17, 18, 19, 20, 21, 22, 23, 24]
		}
	]
}