{
	"credit": "Made with Blockbench",
	"texture_size": [64, 64],
	"textures": {
		"0": "./axolotl_blue_bucket",
		"1": "./bucket",
		"2": "./water",
		"particle": "./axolotl_blue_bucket"
	},
	"elements": [
		{
			"from": [5.5, 11.025, 3],
			"to": [10.5, 14.15, 6.125],
			"rotation": {"angle": 0, "axis": "x", "origin": [0, 15.5, 0]},
			"faces": {
				"north": {"uv": [1.25, 1.5, 3.25, 2.75], "texture": "#0"},
				"east": {"uv": [0, 1.5, 1.25, 2.75], "texture": "#0"},
				"south": {"uv": [4.5, 1.5, 6.5, 2.75], "texture": "#0"},
				"west": {"uv": [3.25, 1.5, 4.5, 2.75], "texture": "#0"},
				"up": {"uv": [1.25, 0.25, 3.25, 1.5], "texture": "#0"},
				"down": {"uv": [3.25, 0.25, 5.25, 1.5], "texture": "#0"}
			}
		},
		{
			"from": [5.5, 14.175, 5],
			"to": [10.5, 16.05, 5],
			"rotation": {"angle": 0, "axis": "x", "origin": [0, 15.5, 0]},
			"faces": {
				"north": {"uv": [0.75, 9.25, 2.75, 10], "texture": "#0"},
				"east": {"uv": [0.75, 9.25, 0.75, 10], "texture": "#0"},
				"south": {"uv": [0.75, 9.25, 2.75, 10], "texture": "#0"},
				"west": {"uv": [2.75, 9.25, 2.75, 10], "texture": "#0"},
				"up": {"uv": [2.75, 9.25, 0.75, 9.25], "texture": "#0"},
				"down": {"uv": [4.75, 9.25, 2.75, 9.25], "texture": "#0"}
			}
		},
		{
			"from": [3.625, 11.025, 5],
			"to": [5.5, 15.4, 5],
			"rotation": {"angle": 0, "axis": "x", "origin": [0, 15.5, 0]},
			"faces": {
				"north": {"uv": [2.75, 10, 3.5, 11.75], "texture": "#0"},
				"east": {"uv": [2.75, 10, 2.75, 11.75], "texture": "#0"},
				"south": {"uv": [0, 10, 0.75, 11.75], "texture": "#0"},
				"west": {"uv": [3.5, 10, 3.5, 11.75], "texture": "#0"},
				"up": {"uv": [3.5, 10, 2.75, 10], "texture": "#0"},
				"down": {"uv": [4.25, 10, 3.5, 10], "texture": "#0"}
			}
		},
		{
			"from": [10.5, 11.025, 5],
			"to": [12.375, 15.4, 5],
			"rotation": {"angle": 0, "axis": "x", "origin": [0, 15.5, 0]},
			"faces": {
				"north": {"uv": [0, 10, 0.75, 11.75], "texture": "#0"},
				"east": {"uv": [0, 10, 0, 11.75], "texture": "#0"},
				"south": {"uv": [2.75, 10, 3.5, 11.75], "texture": "#0"},
				"west": {"uv": [0.75, 10, 0.75, 11.75], "texture": "#0"},
				"up": {"uv": [0.75, 10, 0, 10], "texture": "#0"},
				"down": {"uv": [1.5, 10, 0.75, 10], "texture": "#0"}
			}
		},
		{
			"from": [5.25, 11.01, 1.7],
			"to": [7.125, 11.01, 3.575],
			"rotation": {"angle": 0, "axis": "x", "origin": [0, 15.5, 0]},
			"faces": {
				"north": {"uv": [2, 3.25, 1.25, 3.25], "rotation": 180, "texture": "#0"},
				"east": {"uv": [0.5, 3.25, 0.5, 4.5], "rotation": 270, "texture": "#0"},
				"south": {"uv": [1.25, 3.25, 0.5, 3.25], "texture": "#0"},
				"west": {"uv": [1.25, 3.25, 1.25, 4.5], "rotation": 90, "texture": "#0"},
				"up": {"uv": [0.5, 3.25, 1.25, 4], "rotation": 180, "texture": "#0"},
				"down": {"uv": [1.25, 3.25, 2, 4], "texture": "#0"}
			}
		},
		{
			"from": [5.25, 9.76, 1.69],
			"to": [7.125, 11.01, 1.69],
			"rotation": {"angle": 0, "axis": "x", "origin": [0, 15.5, 0]},
			"faces": {
				"north": {"uv": [0.5, 4, 1.25, 4.5], "texture": "#0"},
				"east": {"uv": [0.5, 3.25, 0.5, 4.5], "texture": "#0"},
				"south": {"uv": [1.25, 4, 2, 4.5], "texture": "#0"},
				"west": {"uv": [1.25, 3.25, 1.25, 4.5], "texture": "#0"},
				"up": {"uv": [1.25, 3.25, 0.5, 3.25], "texture": "#0"},
				"down": {"uv": [2, 3.25, 1.25, 3.25], "texture": "#0"}
			}
		},
		{
			"from": [8.25, 11.01, 1.7],
			"to": [10.125, 11.01, 3.575],
			"rotation": {"angle": 0, "axis": "x", "origin": [0, 15.5, 0]},
			"faces": {
				"north": {"uv": [2, 3.25, 1.25, 3.25], "texture": "#0"},
				"east": {"uv": [1.25, 3.25, 1.25, 4.5], "rotation": 270, "texture": "#0"},
				"south": {"uv": [1.25, 3.25, 0.5, 3.25], "rotation": 180, "texture": "#0"},
				"west": {"uv": [0.5, 3.25, 0.5, 4.5], "rotation": 90, "texture": "#0"},
				"up": {"uv": [0.5, 3.25, 1.25, 4], "rotation": 180, "texture": "#0"},
				"down": {"uv": [1.25, 3.25, 2, 4], "texture": "#0"}
			}
		},
		{
			"from": [8.25, 9.76, 1.69],
			"to": [10.125, 11.01, 1.69],
			"rotation": {"angle": 0, "axis": "x", "origin": [0, 15.5, 0]},
			"faces": {
				"north": {"uv": [0.5, 4, 1.25, 4.5], "texture": "#0"},
				"east": {"uv": [1.25, 3.25, 1.25, 4.5], "texture": "#0"},
				"south": {"uv": [1.25, 4, 2, 4.5], "texture": "#0"},
				"west": {"uv": [0.5, 3.25, 0.5, 4.5], "texture": "#0"},
				"up": {"uv": [1.25, 3.25, 0.5, 3.25], "rotation": 180, "texture": "#0"},
				"down": {"uv": [2, 3.25, 1.25, 3.25], "rotation": 180, "texture": "#0"}
			}
		},
		{
			"name": "1",
			"from": [5, 0, 6],
			"to": [11, 1, 10],
			"faces": {
				"north": {"uv": [1.25, 3.5, 2.75, 3.75], "texture": "#1"},
				"east": {"uv": [1.5, 3.5, 2.5, 3.75], "texture": "#1"},
				"south": {"uv": [1.25, 3.5, 2.75, 3.75], "texture": "#1"},
				"west": {"uv": [1.5, 3.5, 2.5, 3.75], "texture": "#1"},
				"up": {"uv": [1.25, 2.5, 2.75, 3.5], "texture": "#1"},
				"down": {"uv": [1.25, 2.5, 2.75, 3.5], "texture": "#1"}
			}
		},
		{
			"name": "2",
			"from": [6, 0, 5],
			"to": [10, 1, 11],
			"faces": {
				"north": {"uv": [1.5, 3.5, 2.5, 3.75], "texture": "#1"},
				"east": {"uv": [1.25, 3.5, 2.75, 3.75], "texture": "#1"},
				"south": {"uv": [1.5, 3.5, 2.5, 3.75], "texture": "#1"},
				"west": {"uv": [1.25, 3.5, 2.75, 3.75], "texture": "#1"},
				"up": {"uv": [1.5, 2.25, 2.5, 3.75], "texture": "#1"},
				"down": {"uv": [1.5, 2.25, 2.5, 3.75], "texture": "#1"}
			}
		},
		{
			"name": "3",
			"from": [6, 1, 4],
			"to": [10, 3, 5],
			"faces": {
				"north": {"uv": [1.5, 3, 2.5, 3.5], "texture": "#1"},
				"east": {"uv": [2.75, 3, 3, 3.5], "texture": "#1"},
				"south": {"uv": [1.5, 3, 2.5, 3.5], "texture": "#1"},
				"west": {"uv": [1, 3, 1.25, 3.5], "texture": "#1"},
				"up": {"uv": [1.5, 2, 2.5, 2.25], "texture": "#1"},
				"down": {"uv": [1.5, 2, 2.5, 2.25], "texture": "#1"}
			}
		},
		{
			"name": "4",
			"from": [5, 1, 5],
			"to": [6, 3, 6],
			"faces": {
				"north": {"uv": [2.5, 3, 2.75, 3.5], "texture": "#1"},
				"east": {"uv": [1.25, 3, 1.5, 3.5], "texture": "#1"},
				"south": {"uv": [1.25, 3, 1.5, 3.5], "texture": "#1"},
				"west": {"uv": [1.25, 3, 1.5, 3.5], "texture": "#1"},
				"up": {"uv": [1.25, 2.25, 1.5, 2.5], "texture": "#1"},
				"down": {"uv": [1.25, 2.25, 1.5, 2.5], "texture": "#1"}
			}
		},
		{
			"name": "5",
			"from": [10, 1, 5],
			"to": [11, 3, 6],
			"faces": {
				"north": {"uv": [1.25, 3, 1.5, 3.5], "texture": "#1"},
				"east": {"uv": [2.5, 3, 2.75, 3.5], "texture": "#1"},
				"south": {"uv": [2.5, 3, 2.75, 3.5], "texture": "#1"},
				"west": {"uv": [1.25, 3, 1.5, 3.5], "texture": "#1"},
				"up": {"uv": [1, 2.5, 1.25, 2.75], "texture": "#1"},
				"down": {"uv": [0.75, 2.75, 1, 3], "texture": "#1"}
			}
		},
		{
			"name": "6",
			"from": [10, 1, 10],
			"to": [11, 3, 11],
			"faces": {
				"north": {"uv": [1.25, 3, 1.5, 3.5], "texture": "#1"},
				"east": {"uv": [1.25, 3, 1.5, 3.5], "texture": "#1"},
				"south": {"uv": [2.5, 3, 2.75, 3.5], "texture": "#1"},
				"west": {"uv": [2.5, 3, 2.75, 3.5], "texture": "#1"},
				"up": {"uv": [1, 3.25, 1.25, 3.5], "texture": "#1"},
				"down": {"uv": [1, 3.25, 1.25, 3.5], "texture": "#1"}
			}
		},
		{
			"name": "7",
			"from": [5, 1, 10],
			"to": [6, 3, 11],
			"faces": {
				"north": {"uv": [2.5, 3, 2.75, 3.5], "texture": "#1"},
				"east": {"uv": [1.25, 3, 1.5, 3.5], "texture": "#1"},
				"south": {"uv": [1.25, 3, 1.5, 3.5], "texture": "#1"},
				"west": {"uv": [2.5, 3, 2.75, 3.5], "texture": "#1"},
				"up": {"uv": [2.75, 3, 3, 3.25], "texture": "#1"},
				"down": {"uv": [2.75, 3, 3, 3.25], "texture": "#1"}
			}
		},
		{
			"name": "8",
			"from": [6, 1, 11],
			"to": [10, 3, 12],
			"faces": {
				"north": {"uv": [1.5, 3, 2.5, 3.5], "texture": "#1"},
				"east": {"uv": [1, 3, 1.25, 3.5], "texture": "#1"},
				"south": {"uv": [1.5, 3, 2.5, 3.5], "texture": "#1"},
				"west": {"uv": [2.75, 3, 3, 3.5], "texture": "#1"},
				"up": {"uv": [1.5, 3.25, 2.5, 3.5], "texture": "#1"},
				"down": {"uv": [1.5, 3, 2.5, 3.25], "texture": "#1"}
			}
		},
		{
			"name": "9",
			"from": [4, 1, 6],
			"to": [5, 3, 10],
			"faces": {
				"north": {"uv": [2.75, 3, 3, 3.5], "texture": "#1"},
				"east": {"uv": [1.5, 3, 2.5, 3.5], "texture": "#1"},
				"south": {"uv": [1, 3, 1.25, 3.5], "texture": "#1"},
				"west": {"uv": [1.5, 3, 2.5, 3.5], "texture": "#1"},
				"up": {"uv": [1, 2.5, 1.25, 3.5], "texture": "#1"},
				"down": {"uv": [1, 2.5, 1.25, 3.5], "texture": "#1"}
			}
		},
		{
			"name": "10",
			"from": [11, 1, 6],
			"to": [12, 3, 10],
			"faces": {
				"north": {"uv": [1, 3, 1.25, 3.5], "texture": "#1"},
				"east": {"uv": [1.5, 3, 2.5, 3.5], "texture": "#1"},
				"south": {"uv": [2.75, 3, 3, 3.5], "texture": "#1"},
				"west": {"uv": [1.5, 3, 2.5, 3.5], "texture": "#1"},
				"up": {"uv": [2.75, 2.5, 3, 3.5], "texture": "#1"},
				"down": {"uv": [1, 2.5, 1.25, 3.5], "texture": "#1"}
			}
		},
		{
			"name": "11",
			"from": [12, 3, 6],
			"to": [13, 6, 10],
			"faces": {
				"north": {"uv": [0.75, 2.25, 1, 3], "texture": "#1"},
				"east": {"uv": [1.5, 2.25, 2.5, 3], "texture": "#1"},
				"south": {"uv": [3, 2.25, 3.25, 3], "texture": "#1"},
				"west": {"uv": [1.5, 2.25, 2.5, 3], "texture": "#1"},
				"up": {"uv": [2.75, 2.5, 3, 3.5], "texture": "#1"},
				"down": {"uv": [2.75, 2.5, 3, 3.5], "texture": "#1"}
			}
		},
		{
			"name": "12",
			"from": [3, 3, 6],
			"to": [4, 6, 10],
			"faces": {
				"north": {"uv": [3, 2.25, 3.25, 3], "texture": "#1"},
				"east": {"uv": [1.5, 2.25, 2.5, 3], "texture": "#1"},
				"south": {"uv": [0.75, 2.25, 1, 3], "texture": "#1"},
				"west": {"uv": [1.5, 2.25, 2.5, 3], "texture": "#1"},
				"up": {"uv": [0.75, 2, 1, 3], "texture": "#1"},
				"down": {"uv": [0.75, 2, 1, 3], "texture": "#1"}
			}
		},
		{
			"name": "13",
			"from": [6, 3, 3],
			"to": [10, 6, 4],
			"faces": {
				"north": {"uv": [1.5, 2.25, 2.5, 3], "texture": "#1"},
				"east": {"uv": [3, 2.25, 3.25, 3], "texture": "#1"},
				"south": {"uv": [1.5, 2.25, 2.5, 3], "texture": "#1"},
				"west": {"uv": [0.75, 2.25, 1, 3], "texture": "#1"},
				"up": {"uv": [1.5, 1.75, 2.5, 2], "texture": "#1"},
				"down": {"uv": [1.5, 1.75, 2.5, 2], "texture": "#1"}
			}
		},
		{
			"name": "14",
			"from": [6, 3, 12],
			"to": [10, 6, 13],
			"faces": {
				"north": {"uv": [1.5, 2.25, 2.5, 3], "texture": "#1"},
				"east": {"uv": [0.75, 2.25, 1, 3], "texture": "#1"},
				"south": {"uv": [1.5, 2.25, 2.5, 3], "texture": "#1"},
				"west": {"uv": [3, 2.25, 3.25, 3], "texture": "#1"},
				"up": {"uv": [1.5, 3.5, 2.5, 3.75], "texture": "#1"},
				"down": {"uv": [1.5, 1.75, 2.5, 2], "texture": "#1"}
			}
		},
		{
			"name": "15",
			"from": [10, 3, 11],
			"to": [12, 6, 12],
			"faces": {
				"north": {"uv": [1, 2.25, 1.5, 3], "texture": "#1"},
				"east": {"uv": [1, 2.25, 1.25, 3], "texture": "#1"},
				"south": {"uv": [2.5, 2.25, 3, 3], "texture": "#1"},
				"west": {"uv": [2.75, 2.25, 3, 3], "texture": "#1"},
				"up": {"uv": [2.25, 3.5, 2.75, 3.75], "texture": "#1"},
				"down": {"uv": [2.25, 1.5, 2.75, 1.75], "texture": "#1"}
			}
		},
		{
			"name": "19",
			"from": [4, 3, 10],
			"to": [5, 6, 11],
			"faces": {
				"north": {"uv": [2.75, 2.25, 3, 3], "texture": "#1"},
				"east": {"uv": [1.5, 2.5, 1.75, 3.25], "texture": "#1"},
				"south": {"uv": [1, 2.25, 1.25, 3], "texture": "#1"},
				"west": {"uv": [2.5, 2.25, 2.75, 3], "texture": "#1"},
				"up": {"uv": [1.25, 3.5, 1.5, 3.75], "texture": "#1"},
				"down": {"uv": [2.25, 3.25, 2.5, 3.5], "texture": "#1"}
			}
		},
		{
			"name": "20",
			"from": [11, 3, 10],
			"to": [12, 6, 11],
			"faces": {
				"north": {"uv": [1, 2.25, 1.25, 3], "texture": "#1"},
				"east": {"uv": [1.25, 2.25, 1.5, 3], "texture": "#1"},
				"south": {"uv": [2.75, 2.25, 3, 3], "texture": "#1"},
				"west": {"uv": [2.5, 2.25, 2.75, 3], "texture": "#1"},
				"up": {"uv": [2.5, 2.25, 2.75, 2.5], "texture": "#1"},
				"down": {"uv": [2.5, 2.25, 2.75, 2.5], "texture": "#1"}
			}
		},
		{
			"name": "21",
			"from": [11, 3, 5],
			"to": [12, 6, 6],
			"faces": {
				"north": {"uv": [1, 2.25, 1.25, 3], "texture": "#1"},
				"east": {"uv": [2.5, 2.25, 2.75, 3], "texture": "#1"},
				"south": {"uv": [2.5, 2.25, 2.75, 3], "texture": "#1"},
				"west": {"uv": [1, 2.25, 1.25, 3], "texture": "#1"},
				"up": {"uv": [2.25, 2.25, 2.5, 2.5], "texture": "#1"},
				"down": {"uv": [2.25, 2.25, 2.5, 2.5], "texture": "#1"}
			}
		},
		{
			"name": "22",
			"from": [4, 3, 5],
			"to": [5, 6, 6],
			"faces": {
				"north": {"uv": [2.75, 2.25, 3, 3], "texture": "#1"},
				"east": {"uv": [2.5, 2.25, 2.75, 3], "texture": "#1"},
				"south": {"uv": [1, 2.25, 1.25, 3], "texture": "#1"},
				"west": {"uv": [1, 2.25, 1.25, 3], "texture": "#1"},
				"up": {"uv": [2.25, 2.25, 2.5, 2.5], "texture": "#1"},
				"down": {"uv": [2.25, 2.25, 2.5, 2.5], "texture": "#1"}
			}
		},
		{
			"name": "23",
			"from": [13, 6, 6],
			"to": [14, 11, 10],
			"faces": {
				"north": {"uv": [0.5, 1, 0.75, 2.25], "texture": "#1"},
				"east": {"uv": [1.5, 1, 2.5, 2.25], "texture": "#1"},
				"south": {"uv": [3.25, 1, 3.5, 2.25], "texture": "#1"},
				"west": {"uv": [1.5, 1, 2.5, 2.25], "texture": "#1"},
				"up": {"uv": [3.25, 1.25, 3.5, 2.25], "texture": "#1"},
				"down": {"uv": [3.25, 1.25, 3.5, 2.25], "texture": "#1"}
			}
		},
		{
			"name": "24",
			"from": [2, 6, 6],
			"to": [3, 11, 10],
			"faces": {
				"north": {"uv": [3.25, 1, 3.5, 2.25], "texture": "#1"},
				"east": {"uv": [1.5, 1, 2.5, 2.25], "texture": "#1"},
				"south": {"uv": [0.5, 1, 0.75, 2.25], "texture": "#1"},
				"west": {"uv": [1.5, 1, 2.5, 2.25], "texture": "#1"},
				"up": {"uv": [3.25, 1, 3.5, 2], "texture": "#1"},
				"down": {"uv": [3.25, 1, 3.5, 2], "texture": "#1"}
			}
		},
		{
			"name": "25",
			"from": [6, 6, 13],
			"to": [10, 11, 14],
			"faces": {
				"north": {"uv": [1.5, 1, 2.5, 2.25], "texture": "#1"},
				"east": {"uv": [0.5, 1, 0.75, 2.25], "texture": "#1"},
				"south": {"uv": [1.5, 1, 2.5, 2.25], "texture": "#1"},
				"west": {"uv": [3.25, 1, 3.5, 2.25], "texture": "#1"},
				"up": {"uv": [1.5, 1, 2.5, 1.25], "texture": "#1"},
				"down": {"uv": [1.5, 1.25, 2.5, 1.5], "texture": "#1"}
			}
		},
		{
			"name": "26",
			"from": [6, 6, 2],
			"to": [10, 11, 3],
			"faces": {
				"north": {"uv": [1.5, 1, 2.5, 2.25], "texture": "#1"},
				"east": {"uv": [3.25, 1, 3.5, 2.25], "texture": "#1"},
				"south": {"uv": [1.5, 1, 2.5, 2.25], "texture": "#1"},
				"west": {"uv": [0.5, 1, 0.75, 2.25], "texture": "#1"},
				"up": {"uv": [1.5, 3.5, 2.5, 3.75], "texture": "#1"},
				"down": {"uv": [1.5, 1.25, 2.5, 1.5], "texture": "#1"}
			}
		},
		{
			"name": "27",
			"from": [10, 6, 3],
			"to": [12, 11, 4],
			"faces": {
				"north": {"uv": [1, 1, 1.5, 2.25], "texture": "#1"},
				"east": {"uv": [3, 1, 3.25, 2.25], "texture": "#1"},
				"south": {"uv": [2.5, 1, 3, 2.25], "texture": "#1"},
				"west": {"uv": [0.75, 1, 1, 2.25], "texture": "#1"},
				"up": {"uv": [2.25, 1.25, 2.75, 1.5], "texture": "#1"},
				"down": {"uv": [2.25, 1.25, 2.75, 1.5], "texture": "#1"}
			}
		},
		{
			"name": "28",
			"from": [10, 6, 12],
			"to": [12, 11, 13],
			"faces": {
				"north": {"uv": [1, 1, 1.5, 2.25], "texture": "#1"},
				"east": {"uv": [0.75, 1, 1, 2.25], "texture": "#1"},
				"south": {"uv": [2.5, 1, 3, 2.25], "texture": "#1"},
				"west": {"uv": [3, 1, 3.25, 2.25], "texture": "#1"},
				"up": {"uv": [2.25, 3.5, 2.75, 3.75], "texture": "#1"},
				"down": {"uv": [2.25, 1.25, 2.75, 1.5], "texture": "#1"}
			}
		},
		{
			"name": "29",
			"from": [4, 6, 12],
			"to": [6, 11, 13],
			"faces": {
				"north": {"uv": [2.5, 1, 3, 2.25], "texture": "#1"},
				"east": {"uv": [0.75, 1, 1, 2.25], "texture": "#1"},
				"south": {"uv": [1, 1, 1.5, 2.25], "texture": "#1"},
				"west": {"uv": [3, 1, 3.25, 2.25], "texture": "#1"},
				"up": {"uv": [2.25, 1.25, 2.75, 1.5], "texture": "#1"},
				"down": {"uv": [2.25, 1.25, 2.75, 1.5], "texture": "#1"}
			}
		},
		{
			"name": "30",
			"from": [4, 6, 3],
			"to": [6, 11, 4],
			"faces": {
				"north": {"uv": [2.5, 1, 3, 2.25], "texture": "#1"},
				"east": {"uv": [3, 1, 3.25, 2.25], "texture": "#1"},
				"south": {"uv": [0.75, 1, 1.25, 2.25], "texture": "#1"},
				"west": {"uv": [0.5, 1, 0.75, 2.25], "texture": "#1"},
				"up": {"uv": [2.25, 1.25, 2.75, 1.5], "texture": "#1"},
				"down": {"uv": [2.25, 1.25, 2.75, 1.5], "texture": "#1"}
			}
		},
		{
			"name": "31",
			"from": [3, 6, 4],
			"to": [4, 11, 6],
			"faces": {
				"north": {"uv": [3, 1, 3.25, 2.25], "texture": "#1"},
				"east": {"uv": [2.5, 1, 3, 2.25], "texture": "#1"},
				"south": {"uv": [0.5, 1, 0.75, 2.25], "texture": "#1"},
				"west": {"uv": [1, 1, 1.5, 2.25], "texture": "#1"},
				"up": {"uv": [2.5, 1.25, 2.75, 1.75], "texture": "#1"},
				"down": {"uv": [2.25, 1.25, 2.5, 1.75], "texture": "#1"}
			}
		},
		{
			"name": "32",
			"from": [12, 6, 4],
			"to": [13, 11, 6],
			"faces": {
				"north": {"uv": [0.75, 1, 1, 2.25], "texture": "#1"},
				"east": {"uv": [2.5, 1, 3, 2.25], "texture": "#1"},
				"south": {"uv": [3, 1, 3.25, 2.25], "texture": "#1"},
				"west": {"uv": [1, 1, 1.5, 2.25], "texture": "#1"},
				"up": {"uv": [2.5, 1.25, 2.75, 1.75], "texture": "#1"},
				"down": {"uv": [2.5, 1.25, 2.75, 1.75], "texture": "#1"}
			}
		},
		{
			"name": "33",
			"from": [12, 6, 10],
			"to": [13, 11, 12],
			"faces": {
				"north": {"uv": [0.75, 1, 1, 2.25], "texture": "#1"},
				"east": {"uv": [1, 1, 1.5, 2.25], "texture": "#1"},
				"south": {"uv": [3, 1, 3.25, 2.25], "texture": "#1"},
				"west": {"uv": [2.5, 1, 3, 2.25], "texture": "#1"},
				"up": {"uv": [2.5, 1.25, 2.75, 1.75], "texture": "#1"},
				"down": {"uv": [2.5, 1.25, 2.75, 1.75], "texture": "#1"}
			}
		},
		{
			"name": "34",
			"from": [3, 6, 10],
			"to": [4, 11, 12],
			"faces": {
				"north": {"uv": [3, 1, 3.25, 2.25], "texture": "#1"},
				"east": {"uv": [0.75, 1, 1.25, 2.25], "texture": "#1"},
				"south": {"uv": [0.75, 1, 1, 2.25], "texture": "#1"},
				"west": {"uv": [2.5, 1, 3, 2.25], "texture": "#1"},
				"up": {"uv": [3, 1.25, 3.25, 1.75], "texture": "#1"},
				"down": {"uv": [2.5, 1.25, 2.75, 1.75], "texture": "#1"}
			}
		},
		{
			"name": "16",
			"from": [10, 3, 4],
			"to": [12, 6, 5],
			"faces": {
				"north": {"uv": [1, 2.25, 1.5, 3], "texture": "#1"},
				"east": {"uv": [1, 2.25, 1.25, 3], "texture": "#1"},
				"south": {"uv": [2.5, 2.25, 3, 3], "texture": "#1"},
				"west": {"uv": [2.75, 2.25, 3, 3], "texture": "#1"},
				"up": {"uv": [2.25, 3.5, 2.75, 3.75], "texture": "#1"},
				"down": {"uv": [2.25, 1.5, 2.75, 1.75], "texture": "#1"}
			}
		},
		{
			"name": "17",
			"from": [4, 3, 4],
			"to": [6, 6, 5],
			"faces": {
				"north": {"uv": [2.5, 2.25, 3, 3], "texture": "#1"},
				"east": {"uv": [2.75, 2.25, 3, 3], "texture": "#1"},
				"south": {"uv": [1, 2.25, 1.5, 3], "texture": "#1"},
				"west": {"uv": [1, 2.25, 1.25, 3], "texture": "#1"},
				"up": {"uv": [1, 2, 1.5, 2.25], "texture": "#1"},
				"down": {"uv": [1, 2, 1.5, 2.25], "texture": "#1"}
			}
		},
		{
			"name": "18",
			"from": [4, 3, 11],
			"to": [6, 6, 12],
			"faces": {
				"north": {"uv": [2.5, 2.25, 3, 3], "texture": "#1"},
				"east": {"uv": [1, 2.25, 1.25, 3], "texture": "#1"},
				"south": {"uv": [1, 2.25, 1.5, 3], "texture": "#1"},
				"west": {"uv": [2.75, 2.25, 3, 3], "texture": "#1"},
				"up": {"uv": [1, 2, 1.5, 2.25], "texture": "#1"},
				"down": {"uv": [1, 2, 1.5, 2.25], "texture": "#1"}
			}
		},
		{
			"from": [6, 10, 3],
			"to": [10, 10, 13],
			"faces": {
				"north": {"uv": [0, 0, 1, 0], "texture": "#2"},
				"east": {"uv": [0, 0, 1, 4], "texture": "#2"},
				"south": {"uv": [0, 0, 1, 0], "texture": "#2"},
				"west": {"uv": [0, 0, 0.25, 0], "texture": "#2"},
				"up": {"uv": [6, 3, 10, 13], "texture": "#2"},
				"down": {"uv": [0, 0, 1, 0.25], "texture": "#2"}
			}
		},
		{
			"from": [10, 10, 4],
			"to": [12, 10, 12],
			"faces": {
				"north": {"uv": [0, 0, 1, 0], "texture": "#2"},
				"east": {"uv": [0, 0, 1, 4], "texture": "#2"},
				"south": {"uv": [0, 0, 1, 0], "texture": "#2"},
				"west": {"uv": [0, 0, 0.25, 0], "texture": "#2"},
				"up": {"uv": [10, 4, 12, 12], "texture": "#2"},
				"down": {"uv": [0, 0, 1, 0.25], "texture": "#2"}
			}
		},
		{
			"from": [12, 10, 6],
			"to": [13, 10, 10],
			"faces": {
				"north": {"uv": [0, 0, 1, 0], "texture": "#2"},
				"east": {"uv": [0, 0, 1, 4], "texture": "#2"},
				"south": {"uv": [0, 0, 1, 0], "texture": "#2"},
				"west": {"uv": [0, 0, 0.25, 0], "texture": "#2"},
				"up": {"uv": [12, 6, 13, 10], "texture": "#2"},
				"down": {"uv": [0, 0, 1, 0.25], "texture": "#2"}
			}
		},
		{
			"from": [3, 10, 6],
			"to": [4, 10, 10],
			"faces": {
				"north": {"uv": [0, 0, 1, 0], "texture": "#2"},
				"east": {"uv": [0, 0, 1, 4], "texture": "#2"},
				"south": {"uv": [0, 0, 1, 0], "texture": "#2"},
				"west": {"uv": [0, 0, 0.25, 0], "texture": "#2"},
				"up": {"uv": [3, 6, 4, 10], "texture": "#2"},
				"down": {"uv": [0, 0, 1, 0.25], "texture": "#2"}
			}
		},
		{
			"from": [4, 10, 4],
			"to": [6, 10, 12],
			"faces": {
				"north": {"uv": [0, 0, 1, 0], "texture": "#2"},
				"east": {"uv": [0, 0, 1, 4], "texture": "#2"},
				"south": {"uv": [0, 0, 1, 0], "texture": "#2"},
				"west": {"uv": [0, 0, 0.25, 0], "texture": "#2"},
				"up": {"uv": [4, 4, 6, 12], "texture": "#2"},
				"down": {"uv": [0, 0, 1, 0.25], "texture": "#2"}
			}
		}
	],
	"display": {
		"thirdperson_righthand": {
			"rotation": [70, 45, 0],
			"translation": [0, 1.25, 2.25],
			"scale": [0.3, 0.3, 0.3]
		},
		"thirdperson_lefthand": {
			"rotation": [75, 45, 0],
			"translation": [0, 2.5, 0],
			"scale": [0.375, 0.375, 0.375]
		},
		"firstperson_righthand": {
			"rotation": [0, 45, 0],
			"translation": [0.5, 2.25, 1.25],
			"scale": [0.3, 0.3, 0.3]
		},
		"firstperson_lefthand": {
			"rotation": [0, 225, 0],
			"translation": [0, 4.5, 0],
			"scale": [0.4, 0.4, 0.4]
		},
		"ground": {
			"translation": [0, 3, 0],
			"scale": [0.3, 0.3, 0.3]
		},
		"gui": {
			"rotation": [30, 225, 0],
			"translation": [0, 0.75, 0],
			"scale": [0.7, 0.7, 0.7]
		},
		"head": {
			"translation": [0, 14.4, 0]
		},
		"fixed": {
			"rotation": [-90, 0, 0],
			"translation": [0, 0, -8.25]
		}
	}
}