{
	"format_version": "1.21.6",
	"texture_size": [64, 64],
	"textures": {
		"0": "block/texture",
		"particle": "block/texture"
	},
	"elements": [
		{
			"from": [4, 0, 4],
			"to": [12, 15.75, 12],
			"rotation": {"angle": 0, "axis": "y", "origin": [4, 0, 4]},
			"faces": {
				"north": {"uv": [0, 0, 2, 4], "texture": "#0"},
				"east": {"uv": [0, 0, 2, 4], "texture": "#0"},
				"south": {"uv": [0, 0, 2, 4], "texture": "#0"},
				"west": {"uv": [0, 0, 2, 4], "texture": "#0"},
				"down": {"uv": [4, 0, 2, 2], "texture": "#0"}
			}
		},
		{
			"from": [3.75, 10, 3.75],
			"to": [12.25, 16, 12.25],
			"rotation": {"angle": 0, "axis": "y", "origin": [8, 13, 8]},
			"faces": {
				"north": {"uv": [2, 2, 4.25, 3.5], "texture": "#0"},
				"east": {"uv": [2, 2, 4.25, 3.5], "texture": "#0"},
				"south": {"uv": [2, 2, 4.25, 3.5], "texture": "#0"},
				"west": {"uv": [2, 2, 4.25, 3.5], "texture": "#0"},
				"up": {"uv": [6.25, 2.25, 4, 0], "texture": "#0"}
			}
		},
		{
			"from": [7.625, 16, 7.625],
			"to": [8.375, 18, 8.375],
			"rotation": {"angle": 0, "axis": "y", "origin": [8.125, 17, 2.125]},
			"faces": {
				"north": {"uv": [4.25, 2.25, 4.5, 2.75], "texture": "#0"},
				"east": {"uv": [4.25, 2.25, 4.5, 2.75], "texture": "#0"},
				"south": {"uv": [4.25, 2.25, 4.5, 2.75], "texture": "#0"},
				"west": {"uv": [4.25, 2.25, 4.5, 2.75], "texture": "#0"},
				"up": {"uv": [4.5, 2.5, 4.25, 2.25], "texture": "#0"}
			}
		}
	]
}