{
	"format_version": "1.21.6",
	"texture_size": [64, 64],
	"textures": {
		"0": "candles",
		"particle": "candles"
	},
	"elements": [
		{
			"from": [1.05, 0, 6.95],
			"to": [9.05, 15.75, 14.95],
			"rotation": {"angle": 0, "axis": "y", "origin": [1, 0, 7]},
			"faces": {
				"north": {"uv": [0, 0, 2, 4], "texture": "#0"},
				"east": {"uv": [0, 0, 2, 4], "texture": "#0"},
				"south": {"uv": [0, 0, 2, 4], "texture": "#0"},
				"west": {"uv": [0, 0, 2, 4], "texture": "#0"},
				"down": {"uv": [4, 0, 2, 2], "texture": "#0"}
			}
		},
		{
			"from": [0.8, 10, 6.7],
			"to": [9.3, 16, 15.2],
			"rotation": {"angle": 0, "axis": "y", "origin": [5, 13, 11]},
			"faces": {
				"north": {"uv": [2, 2, 4.25, 3.5], "texture": "#0"},
				"east": {"uv": [2, 2, 4.25, 3.5], "texture": "#0"},
				"south": {"uv": [2, 2, 4.25, 3.5], "texture": "#0"},
				"west": {"uv": [2, 2, 4.25, 3.5], "texture": "#0"},
				"up": {"uv": [6.25, 2.25, 4, 0], "texture": "#0"}
			}
		},
		{
			"from": [4.575, 16, 10.575],
			"to": [5.325, 18, 11.325],
			"rotation": {"angle": 0, "axis": "y", "origin": [5.125, 17, 5.125]},
			"faces": {
				"north": {"uv": [4.25, 2.25, 4.5, 2.75], "texture": "#0"},
				"east": {"uv": [4.25, 2.25, 4.5, 2.75], "texture": "#0"},
				"south": {"uv": [4.25, 2.25, 4.5, 2.75], "texture": "#0"},
				"west": {"uv": [4.25, 2.25, 4.5, 2.75], "texture": "#0"},
				"up": {"uv": [4.5, 2.5, 4.25, 2.25], "texture": "#0"}
			}
		},
		{
			"from": [7.05, 0, 0.95],
			"to": [15.05, 10.75, 8.95],
			"rotation": {"angle": 0, "axis": "y", "origin": [7, -5, 1]},
			"faces": {
				"north": {"uv": [0, 1.25, 2, 4], "texture": "#0"},
				"east": {"uv": [0, 1.25, 2, 4], "texture": "#0"},
				"south": {"uv": [0, 1.25, 2, 4], "texture": "#0"},
				"west": {"uv": [0, 1.25, 2, 4], "texture": "#0"},
				"down": {"uv": [4, 0, 2, 2], "texture": "#0"}
			}
		},
		{
			"from": [6.8, 5, 0.7],
			"to": [15.3, 11, 9.2],
			"rotation": {"angle": 0, "axis": "y", "origin": [11, 8, 5]},
			"faces": {
				"north": {"uv": [2, 2, 4.25, 3.5], "texture": "#0"},
				"east": {"uv": [2, 2, 4.25, 3.5], "texture": "#0"},
				"south": {"uv": [2, 2, 4.25, 3.5], "texture": "#0"},
				"west": {"uv": [2, 2, 4.25, 3.5], "texture": "#0"},
				"up": {"uv": [6.25, 2.25, 4, 0], "texture": "#0"}
			}
		},
		{
			"from": [10.575, 11, 4.575],
			"to": [11.325, 13, 5.325],
			"rotation": {"angle": 0, "axis": "y", "origin": [11.125, 12, -0.875]},
			"faces": {
				"north": {"uv": [4.25, 2.25, 4.5, 2.75], "texture": "#0"},
				"east": {"uv": [4.25, 2.25, 4.5, 2.75], "texture": "#0"},
				"south": {"uv": [4.25, 2.25, 4.5, 2.75], "texture": "#0"},
				"west": {"uv": [4.25, 2.25, 4.5, 2.75], "texture": "#0"},
				"up": {"uv": [4.5, 2.5, 4.25, 2.25], "texture": "#0"}
			}
		}
	]
}