{
	"format_version": "1.21.6",
	"texture_size": [64, 64],
	"textures": {
		"0": "candles",
		"particle": "candles"
	},
	"elements": [
		{
			"from": [1.05, 0, 6.95],
			"to": [9.05, 15.75, 14.95],
			"rotation": {"angle": 0, "axis": "y", "origin": [1, 0, 7]},
			"faces": {
				"north": {"uv": [0, 0, 2, 4], "texture": "#0"},
				"east": {"uv": [0, 0, 2, 4], "texture": "#0"},
				"south": {"uv": [0, 0, 2, 4], "texture": "#0"},
				"west": {"uv": [0, 0, 2, 4], "texture": "#0"},
				"down": {"uv": [4, 0, 2, 2], "texture": "#0"}
			}
		},
		{
			"from": [0.8, 10, 6.7],
			"to": [9.3, 16, 15.2],
			"rotation": {"angle": 0, "axis": "y", "origin": [5, 13, 11]},
			"faces": {
				"north": {"uv": [2, 2, 4.25, 3.5], "texture": "#0"},
				"east": {"uv": [2, 2, 4.25, 3.5], "texture": "#0"},
				"south": {"uv": [2, 2, 4.25, 3.5], "texture": "#0"},
				"west": {"uv": [2, 2, 4.25, 3.5], "texture": "#0"},
				"up": {"uv": [6.25, 2.25, 4, 0], "texture": "#0"}
			}
		},
		{
			"from": [4.575, 16, 10.575],
			"to": [5.325, 18, 11.325],
			"rotation": {"angle": 0, "axis": "y", "origin": [5.125, 17, 5.125]},
			"faces": {
				"north": {"uv": [4.25, 2.25, 4.5, 2.75], "texture": "#0"},
				"east": {"uv": [4.25, 2.25, 4.5, 2.75], "texture": "#0"},
				"south": {"uv": [4.25, 2.25, 4.5, 2.75], "texture": "#0"},
				"west": {"uv": [4.25, 2.25, 4.5, 2.75], "texture": "#0"},
				"up": {"uv": [4.5, 2.5, 4.25, 2.25], "texture": "#0"}
			}
		},
		{
			"from": [8.05, 0, 4.95],
			"to": [16.05, 10.75, 12.95],
			"rotation": {"angle": 0, "axis": "y", "origin": [8, -5, 5]},
			"faces": {
				"north": {"uv": [0, 1.25, 2, 4], "texture": "#0"},
				"east": {"uv": [0, 1.25, 2, 4], "texture": "#0"},
				"south": {"uv": [0, 1.25, 2, 4], "texture": "#0"},
				"west": {"uv": [0, 1.25, 2, 4], "texture": "#0"},
				"down": {"uv": [4, 0, 2, 2], "texture": "#0"}
			}
		},
		{
			"from": [7.8, 5, 4.7],
			"to": [16.3, 11, 13.2],
			"rotation": {"angle": 0, "axis": "y", "origin": [12, 8, 9]},
			"faces": {
				"north": {"uv": [2, 2, 4.25, 3.5], "texture": "#0"},
				"east": {"uv": [2, 2, 4.25, 3.5], "texture": "#0"},
				"south": {"uv": [2, 2, 4.25, 3.5], "texture": "#0"},
				"west": {"uv": [2, 2, 4.25, 3.5], "texture": "#0"},
				"up": {"uv": [6.25, 2.25, 4, 0], "texture": "#0"}
			}
		},
		{
			"from": [11.575, 11, 8.575],
			"to": [12.325, 13, 9.325],
			"rotation": {"angle": 0, "axis": "y", "origin": [12.125, 12, 3.125]},
			"faces": {
				"north": {"uv": [4.25, 2.25, 4.5, 2.75], "texture": "#0"},
				"east": {"uv": [4.25, 2.25, 4.5, 2.75], "texture": "#0"},
				"south": {"uv": [4.25, 2.25, 4.5, 2.75], "texture": "#0"},
				"west": {"uv": [4.25, 2.25, 4.5, 2.75], "texture": "#0"},
				"up": {"uv": [4.5, 2.5, 4.25, 2.25], "texture": "#0"}
			}
		},
		{
			"from": [2.05, 0, -0.05],
			"to": [10.05, 6.75, 7.95],
			"rotation": {"angle": 0, "axis": "y", "origin": [2, -9, 0]},
			"faces": {
				"north": {"uv": [0, 2.25, 2, 4], "texture": "#0"},
				"east": {"uv": [0, 2.25, 2, 4], "texture": "#0"},
				"south": {"uv": [0, 2.25, 2, 4], "texture": "#0"},
				"west": {"uv": [0, 2.25, 2, 4], "texture": "#0"},
				"down": {"uv": [4, 0, 2, 2], "texture": "#0"}
			}
		},
		{
			"from": [1.8, 1, -0.3],
			"to": [10.3, 7, 8.2],
			"rotation": {"angle": 0, "axis": "y", "origin": [6, 4, 4]},
			"faces": {
				"north": {"uv": [2, 2, 4.25, 3.5], "texture": "#0"},
				"east": {"uv": [2, 2, 4.25, 3.5], "texture": "#0"},
				"south": {"uv": [2, 2, 4.25, 3.5], "texture": "#0"},
				"west": {"uv": [2, 2, 4.25, 3.5], "texture": "#0"},
				"up": {"uv": [6.25, 2.25, 4, 0], "texture": "#0"}
			}
		},
		{
			"from": [5.575, 7, 3.575],
			"to": [6.325, 9, 4.325],
			"rotation": {"angle": 0, "axis": "y", "origin": [6.125, 8, -1.875]},
			"faces": {
				"north": {"uv": [4.25, 2.25, 4.5, 2.75], "texture": "#0"},
				"east": {"uv": [4.25, 2.25, 4.5, 2.75], "texture": "#0"},
				"south": {"uv": [4.25, 2.25, 4.5, 2.75], "texture": "#0"},
				"west": {"uv": [4.25, 2.25, 4.5, 2.75], "texture": "#0"},
				"up": {"uv": [4.5, 2.5, 4.25, 2.25], "texture": "#0"}
			}
		}
	]
}