{
	"texture_size": [48, 48],
	"textures": {
		"0": "lumber_pile",
		"particle": "lumber_pile"
	},
	"elements": [
		{
			"name": "dyable",
			"from": [3, 0, -11],
			"to": [7, 2, 29],
			"rotation": {"angle": 0, "axis": "y", "origin": [3, 0, -3]},
			"faces": {
				"north": {"uv": [1.33333, 0, 2.66667, 0.66667], "texture": "#0"},
				"east": {"uv": [0.66667, 0, 1.33333, 13.33333], "rotation": 90, "texture": "#0"},
				"south": {"uv": [1.33333, 0, 2.66667, 0.66667], "texture": "#0"},
				"west": {"uv": [0.66667, 0, 1.33333, 13.33333], "rotation": 90, "texture": "#0"},
				"up": {"uv": [1.33333, 13.33333, 0, 0], "texture": "#0"},
				"down": {"uv": [1.33333, 0, 0, 13.33333], "texture": "#0"}
			}
		},
		{
			"name": "dyable",
			"from": [9, 0, -13],
			"to": [13, 2, 27],
			"rotation": {"angle": 0, "axis": "y", "origin": [9, 0, -5]},
			"faces": {
				"north": {"uv": [1.33333, 0, 2.66667, 0.66667], "texture": "#0"},
				"east": {"uv": [0.66667, 0, 1.33333, 13.33333], "rotation": 90, "texture": "#0"},
				"south": {"uv": [1.33333, 0, 2.66667, 0.66667], "texture": "#0"},
				"west": {"uv": [0.66667, 0, 1.33333, 13.33333], "rotation": 90, "texture": "#0"},
				"up": {"uv": [1.33333, 13.33333, 0, 0], "texture": "#0"},
				"down": {"uv": [1.33333, 0, 0, 13.33333], "texture": "#0"}
			}
		},
		{
			"name": "dyable",
			"from": [6, 2, -12],
			"to": [10, 4, 28],
			"rotation": {"angle": 22.5, "axis": "y", "origin": [8, 3, 8]},
			"faces": {
				"north": {"uv": [1.33333, 0, 2.66667, 0.66667], "texture": "#0"},
				"east": {"uv": [0.66667, 0, 1.33333, 13.33333], "rotation": 90, "texture": "#0"},
				"south": {"uv": [1.33333, 0, 2.66667, 0.66667], "texture": "#0"},
				"west": {"uv": [0.66667, 0, 1.33333, 13.33333], "rotation": 90, "texture": "#0"},
				"up": {"uv": [1.33333, 13.33333, 0, 0], "texture": "#0"},
				"down": {"uv": [1.33333, 0, 0, 13.33333], "texture": "#0"}
			}
		}
	],
	"display": {
		"thirdperson_righthand": {
			"rotation": [90, 0, 9.5],
			"translation": [-0.25, 1, 1.25],
			"scale": [0.15, 0.15, 0.15]
		},
		"thirdperson_lefthand": {
			"rotation": [90, 0, 0],
			"translation": [0.25, 0, 1.25],
			"scale": [0.15, 0.15, 0.15]
		},
		"firstperson_righthand": {
			"translation": [0, 1.25, 0],
			"scale": [0.35, 0.35, 0.35]
		},
		"firstperson_lefthand": {
			"translation": [0, 1.25, 0],
			"scale": [0.35, 0.35, 0.35]
		},
		"ground": {
			"translation": [0, 1.25, 0],
			"scale": [0.25, 0.25, 0.25]
		},
		"gui": {
			"rotation": [23, 20, 0],
			"translation": [0, 0.5, 0],
			"scale": [0.47, 0.47, 0.47]
		},
		"head": {
			"translation": [0, 11, 0],
			"scale": [0.5, 0.5, 0.5]
		},
		"fixed": {
			"rotation": [-90, 0, 0],
			"translation": [0, 0, -16],
			"scale": [2, 2, 2]
		}
	}
}