{
	"texture_size": [64, 64],
	"textures": {
		"0": "lumber_stack",
		"particle": "lumber_stack"
	},
	"elements": [
		{
			"name": "dyable",
			"from": [-15, 0, 0],
			"to": [9, 14, 32],
			"rotation": {"angle": 0, "axis": "y", "origin": [-11, 0, 31]},
			"faces": {
				"north": {"uv": [0, 10, 6, 13.5], "texture": "#0"},
				"east": {"uv": [6, 0, 9.5, 10], "rotation": 90, "texture": "#0"},
				"south": {"uv": [0, 10, 6, 13.5], "texture": "#0"},
				"west": {"uv": [6, 0, 9.5, 10], "rotation": 90, "texture": "#0"},
				"up": {"uv": [6, 10, 0, 0], "texture": "#0"},
				"down": {"uv": [6, 0, 0, 10], "texture": "#0"}
			}
		},
		{
			"name": "dyable",
			"from": [-15, 14, 0],
			"to": [-5, 16, 32],
			"rotation": {"angle": 0, "axis": "y", "origin": [-8, 14, 0]},
			"faces": {
				"north": {"uv": [3.5, 10, 6, 10.5], "texture": "#0"},
				"east": {"uv": [8, 0, 8.5, 10], "rotation": 90, "texture": "#0"},
				"south": {"uv": [3, 10, 5.5, 10.5], "texture": "#0"},
				"west": {"uv": [8, 0, 8.5, 10], "rotation": 90, "texture": "#0"},
				"up": {"uv": [5, 10, 2.5, 0], "texture": "#0"},
				"down": {"uv": [2.5, 13.5, 0, 23.5], "texture": "#0"}
			}
		},
		{
			"name": "dyable",
			"from": [0, 14, -2],
			"to": [4, 16, 30],
			"rotation": {"angle": 0, "axis": "y", "origin": [1, 14, -2]},
			"faces": {
				"north": {"uv": [5, 10, 6, 10.5], "texture": "#0"},
				"east": {"uv": [6, 0, 6.5, 10], "rotation": 90, "texture": "#0"},
				"south": {"uv": [5, 10, 6, 10.5], "texture": "#0"},
				"west": {"uv": [9, 0, 9.5, 10], "rotation": 90, "texture": "#0"},
				"up": {"uv": [6, 10, 5, 0], "texture": "#0"},
				"down": {"uv": [15.5, 13.5, 14.5, 23.5], "texture": "#0"}
			}
		},
		{
			"name": "dyable",
			"from": [-5, 16, -1],
			"to": [-1, 18, 31],
			"rotation": {"angle": -22.5, "axis": "y", "origin": [-3, 17, 11]},
			"faces": {
				"north": {"uv": [5, 10, 6, 10.5], "texture": "#0"},
				"east": {"uv": [9, 0, 9.5, 10], "rotation": 90, "texture": "#0"},
				"south": {"uv": [5, 10, 6, 10.5], "texture": "#0"},
				"west": {"uv": [9, 0, 9.5, 10], "rotation": 90, "texture": "#0"},
				"up": {"uv": [6, 10, 5, 0], "texture": "#0"},
				"down": {"uv": [6, 0, 5, 10], "texture": "#0"}
			}
		},
		{
			"name": "dyable",
			"from": [11, 0, -1],
			"to": [15, 2, 31],
			"rotation": {"angle": 0, "axis": "y", "origin": [12, 0, -1]},
			"faces": {
				"north": {"uv": [5, 10, 6, 10.5], "texture": "#0"},
				"east": {"uv": [9, 0, 9.5, 10], "rotation": 90, "texture": "#0"},
				"south": {"uv": [5, 10, 6, 10.5], "texture": "#0"},
				"west": {"uv": [8.5, 0, 9, 10], "rotation": 90, "texture": "#0"},
				"up": {"uv": [6, 10, 5, 0], "texture": "#0"},
				"down": {"uv": [6, 0, 5, 10], "texture": "#0"}
			}
		}
	],
	"display": {
		"thirdperson_righthand": {
			"rotation": [90, 0, 0],
			"translation": [1.25, 0, 0.5],
			"scale": [0.15, 0.15, 0.15]
		},
		"thirdperson_lefthand": {
			"rotation": [90, 0, 0],
			"translation": [-1.25, 0, 0.5],
			"scale": [0.15, 0.15, 0.15]
		},
		"firstperson_righthand": {
			"rotation": [0, 180, 0],
			"translation": [0, 1.75, 0],
			"scale": [0.25, 0.25, 0.25]
		},
		"firstperson_lefthand": {
			"translation": [0, 1.75, 0],
			"scale": [0.25, 0.25, 0.25]
		},
		"ground": {
			"translation": [2.25, 1.25, -2.25],
			"scale": [0.25, 0.25, 0.25]
		},
		"gui": {
			"rotation": [20, 20, 0],
			"translation": [1.75, -0.75, 0],
			"scale": [0.36, 0.36, 0.36]
		},
		"head": {
			"translation": [3.5, 9.75, -3.25],
			"scale": [0.41, 0.41, 0.41]
		},
		"fixed": {
			"rotation": [-90, 0, 0],
			"translation": [0, 0, -16],
			"scale": [2, 2, 2]
		}
	}
}