{
	"texture_size": [48, 48],
	"textures": {
		"0": "wooden_pallet",
		"particle": "wooden_pallet"
	},
	"elements": [
		{
			"name": "dyable",
			"from": [-16, 1, 0],
			"to": [-15, 3, 32],
			"rotation": {"angle": 0, "axis": "y", "origin": [-16, 1, 31]},
			"faces": {
				"north": {"uv": [1.66667, 10.33333, 2.33333, 10.66667], "rotation": 90, "texture": "#0"},
				"east": {"uv": [2, 0, 1.33333, 10.66667], "rotation": 90, "texture": "#0"},
				"south": {"uv": [1.66667, 10.33333, 2.33333, 10.66667], "rotation": 90, "texture": "#0"},
				"west": {"uv": [2, 0, 1.33333, 10.66667], "rotation": 90, "texture": "#0"},
				"up": {"uv": [2.33333, 10.66667, 2, 0], "texture": "#0"},
				"down": {"uv": [2.33333, 0, 2, 10.66667], "texture": "#0"}
			}
		},
		{
			"name": "dyable",
			"from": [-16, 0, 14.5],
			"to": [16, 1, 17.5],
			"rotation": {"angle": 0, "axis": "y", "origin": [-16, 0, 14]},
			"faces": {
				"north": {"uv": [2, 0, 2.33333, 10.66667], "rotation": 90, "texture": "#0"},
				"east": {"uv": [1.33333, 0, 2.33333, 0.33333], "texture": "#0"},
				"south": {"uv": [2, 0, 2.33333, 10.66667], "rotation": 90, "texture": "#0"},
				"west": {"uv": [1.33333, 0, 2.33333, 0.33333], "texture": "#0"},
				"up": {"uv": [2.33333, 10.66667, 1.33333, 0], "rotation": 90, "texture": "#0"},
				"down": {"uv": [1.33333, 10.66667, 2.33333, 0], "rotation": 90, "texture": "#0"}
			}
		},
		{
			"name": "dyable",
			"from": [-16, 0, 28],
			"to": [16, 1, 32],
			"rotation": {"angle": 0, "axis": "y", "origin": [-16, 0, 28]},
			"faces": {
				"north": {"uv": [1, 0, 1.33333, 10.66667], "rotation": 90, "texture": "#0"},
				"east": {"uv": [0, 0, 1.33333, 0.33333], "texture": "#0"},
				"south": {"uv": [0, 0, 0.33333, 10.66667], "rotation": 90, "texture": "#0"},
				"west": {"uv": [0, 0, 1.33333, 0.33333], "texture": "#0"},
				"up": {"uv": [1.33333, 10.66667, 0, 0], "rotation": 90, "texture": "#0"},
				"down": {"uv": [0, 10.66667, 1.33333, 0], "rotation": 90, "texture": "#0"}
			}
		},
		{
			"name": "dyable",
			"from": [-16, 0, 0],
			"to": [16, 1, 4],
			"rotation": {"angle": 0, "axis": "y", "origin": [-16, 0, 0]},
			"faces": {
				"north": {"uv": [0, 0, 0.33333, 10.66667], "rotation": 90, "texture": "#0"},
				"east": {"uv": [0, 0, 1.33333, 0.33333], "texture": "#0"},
				"south": {"uv": [1, 0, 1.33333, 10.66667], "rotation": 90, "texture": "#0"},
				"west": {"uv": [0, 0, 1.33333, 0.33333], "texture": "#0"},
				"up": {"uv": [1.33333, 10.66667, 0, 0], "rotation": 90, "texture": "#0"},
				"down": {"uv": [0, 10.66667, 1.33333, 0], "rotation": 90, "texture": "#0"}
			}
		},
		{
			"name": "dyable",
			"from": [-16, 0, 19.5],
			"to": [16, 1, 22.5],
			"rotation": {"angle": 0, "axis": "y", "origin": [-16, 0, 19]},
			"faces": {
				"north": {"uv": [2, 0, 2.33333, 10.66667], "rotation": 90, "texture": "#0"},
				"east": {"uv": [1.33333, 0, 2.33333, 0.33333], "texture": "#0"},
				"south": {"uv": [2, 0, 2.33333, 10.66667], "rotation": 90, "texture": "#0"},
				"west": {"uv": [1.33333, 0, 2.33333, 0.33333], "texture": "#0"},
				"up": {"uv": [2.33333, 10.66667, 1.33333, 0], "rotation": 90, "texture": "#0"},
				"down": {"uv": [1.33333, 10.66667, 2.33333, 0], "rotation": 90, "texture": "#0"}
			}
		},
		{
			"name": "dyable",
			"from": [-16, 0, 9.5],
			"to": [16, 1, 12.5],
			"rotation": {"angle": 0, "axis": "y", "origin": [-16, 0, 9]},
			"faces": {
				"north": {"uv": [2, 0, 2.33333, 10.66667], "rotation": 90, "texture": "#0"},
				"east": {"uv": [1.33333, 0, 2.33333, 0.33333], "texture": "#0"},
				"south": {"uv": [2, 0, 2.33333, 10.66667], "rotation": 90, "texture": "#0"},
				"west": {"uv": [1.33333, 0, 2.33333, 0.33333], "texture": "#0"},
				"up": {"uv": [2.33333, 10.66667, 1.33333, 0], "rotation": 90, "texture": "#0"},
				"down": {"uv": [1.33333, 10.66667, 2.33333, 0], "rotation": 90, "texture": "#0"}
			}
		},
		{
			"name": "dyable",
			"from": [-0.5, 1, 0],
			"to": [0.5, 3, 32],
			"rotation": {"angle": 0, "axis": "y", "origin": [0, 1, 31]},
			"faces": {
				"north": {"uv": [1.66667, 10.33333, 2.33333, 10.66667], "rotation": 90, "texture": "#0"},
				"east": {"uv": [2, 0, 1.33333, 10.66667], "rotation": 90, "texture": "#0"},
				"south": {"uv": [1.66667, 10.33333, 2.33333, 10.66667], "rotation": 90, "texture": "#0"},
				"west": {"uv": [2, 0, 1.33333, 10.66667], "rotation": 90, "texture": "#0"},
				"up": {"uv": [2.33333, 10.66667, 2, 0], "texture": "#0"},
				"down": {"uv": [2.33333, 0, 2, 10.66667], "texture": "#0"}
			}
		},
		{
			"name": "dyable",
			"from": [15, 1, 0],
			"to": [16, 3, 32],
			"rotation": {"angle": 0, "axis": "y", "origin": [15, 1, 31]},
			"faces": {
				"north": {"uv": [1.66667, 10.33333, 2.33333, 10.66667], "rotation": 90, "texture": "#0"},
				"east": {"uv": [2, 0, 1.33333, 10.66667], "rotation": 90, "texture": "#0"},
				"south": {"uv": [1.66667, 10.33333, 2.33333, 10.66667], "rotation": 90, "texture": "#0"},
				"west": {"uv": [2, 0, 1.33333, 10.66667], "rotation": 90, "texture": "#0"},
				"up": {"uv": [2.33333, 10.66667, 2, 0], "texture": "#0"},
				"down": {"uv": [2.33333, 0, 2, 10.66667], "texture": "#0"}
			}
		},
		{
			"name": "dyable",
			"from": [-16, 3, 0],
			"to": [16, 4, 4],
			"rotation": {"angle": 0, "axis": "y", "origin": [-16, 3, 0]},
			"faces": {
				"north": {"uv": [0, 0, 0.33333, 10.66667], "rotation": 90, "texture": "#0"},
				"east": {"uv": [0, 0, 1.33333, 0.33333], "texture": "#0"},
				"south": {"uv": [1, 0, 1.33333, 10.66667], "rotation": 90, "texture": "#0"},
				"west": {"uv": [0, 0, 1.33333, 0.33333], "texture": "#0"},
				"up": {"uv": [1.33333, 10.66667, 0, 0], "rotation": 90, "texture": "#0"},
				"down": {"uv": [0, 10.66667, 1.33333, 0], "rotation": 90, "texture": "#0"}
			}
		},
		{
			"name": "dyable",
			"from": [-16, 3, 10.25],
			"to": [16, 4, 13.25],
			"rotation": {"angle": 0, "axis": "y", "origin": [-16, 3, 9]},
			"faces": {
				"north": {"uv": [2, 0, 2.33333, 10.66667], "rotation": 90, "texture": "#0"},
				"east": {"uv": [1.33333, 0, 2.33333, 0.33333], "texture": "#0"},
				"south": {"uv": [2, 0, 2.33333, 10.66667], "rotation": 90, "texture": "#0"},
				"west": {"uv": [1.33333, 0, 2.33333, 0.33333], "texture": "#0"},
				"up": {"uv": [2.33333, 10.66667, 1.33333, 0], "rotation": 90, "texture": "#0"},
				"down": {"uv": [1.33333, 10.66667, 2.33333, 0], "rotation": 90, "texture": "#0"}
			}
		},
		{
			"name": "dyable",
			"from": [-16, 3, 14.5],
			"to": [16, 4, 17.5],
			"rotation": {"angle": 0, "axis": "y", "origin": [-16, 3, 14]},
			"faces": {
				"north": {"uv": [2, 0, 2.33333, 10.66667], "rotation": 90, "texture": "#0"},
				"east": {"uv": [1.33333, 0, 2.33333, 0.33333], "texture": "#0"},
				"south": {"uv": [2, 0, 2.33333, 10.66667], "rotation": 90, "texture": "#0"},
				"west": {"uv": [1.33333, 0, 2.33333, 0.33333], "texture": "#0"},
				"up": {"uv": [2.33333, 10.66667, 1.33333, 0], "rotation": 90, "texture": "#0"},
				"down": {"uv": [1.33333, 10.66667, 2.33333, 0], "rotation": 90, "texture": "#0"}
			}
		},
		{
			"name": "dyable",
			"from": [-16, 3, 18.75],
			"to": [16, 4, 21.75],
			"rotation": {"angle": 0, "axis": "y", "origin": [-16, 3, 19]},
			"faces": {
				"north": {"uv": [2, 0, 2.33333, 10.66667], "rotation": 90, "texture": "#0"},
				"east": {"uv": [1.33333, 0, 2.33333, 0.33333], "texture": "#0"},
				"south": {"uv": [2, 0, 2.33333, 10.66667], "rotation": 90, "texture": "#0"},
				"west": {"uv": [1.33333, 0, 2.33333, 0.33333], "texture": "#0"},
				"up": {"uv": [2.33333, 10.66667, 1.33333, 0], "rotation": 90, "texture": "#0"},
				"down": {"uv": [1.33333, 10.66667, 2.33333, 0], "rotation": 90, "texture": "#0"}
			}
		},
		{
			"name": "dyable",
			"from": [-16, 3, 28],
			"to": [16, 4, 32],
			"rotation": {"angle": 0, "axis": "y", "origin": [-16, 3, 28]},
			"faces": {
				"north": {"uv": [1, 0, 1.33333, 10.66667], "rotation": 90, "texture": "#0"},
				"east": {"uv": [0, 0, 1.33333, 0.33333], "texture": "#0"},
				"south": {"uv": [0, 0, 0.33333, 10.66667], "rotation": 90, "texture": "#0"},
				"west": {"uv": [0, 0, 1.33333, 0.33333], "texture": "#0"},
				"up": {"uv": [1.33333, 10.66667, 0, 0], "rotation": 90, "texture": "#0"},
				"down": {"uv": [0, 10.66667, 1.33333, 0], "rotation": 90, "texture": "#0"}
			}
		},
		{
			"name": "dyable",
			"from": [-16, 3, 5.5],
			"to": [16, 4, 8.5],
			"rotation": {"angle": 0, "axis": "y", "origin": [-16, 3, 5]},
			"faces": {
				"north": {"uv": [2, 0, 2.33333, 10.66667], "rotation": 90, "texture": "#0"},
				"east": {"uv": [1.33333, 0, 2.33333, 0.33333], "texture": "#0"},
				"south": {"uv": [2, 0, 2.33333, 10.66667], "rotation": 90, "texture": "#0"},
				"west": {"uv": [1.33333, 0, 2.33333, 0.33333], "texture": "#0"},
				"up": {"uv": [2.33333, 10.66667, 1.33333, 0], "rotation": 90, "texture": "#0"},
				"down": {"uv": [1.33333, 10.66667, 2.33333, 0], "rotation": 90, "texture": "#0"}
			}
		},
		{
			"name": "dyable",
			"from": [-16, 3, 23.5],
			"to": [16, 4, 26.5],
			"rotation": {"angle": 0, "axis": "y", "origin": [-16, 3, 23]},
			"faces": {
				"north": {"uv": [2, 0, 2.33333, 10.66667], "rotation": 90, "texture": "#0"},
				"east": {"uv": [1.33333, 0, 2.33333, 0.33333], "texture": "#0"},
				"south": {"uv": [2, 0, 2.33333, 10.66667], "rotation": 90, "texture": "#0"},
				"west": {"uv": [1.33333, 0, 2.33333, 0.33333], "texture": "#0"},
				"up": {"uv": [2.33333, 10.66667, 1.33333, 0], "rotation": 90, "texture": "#0"},
				"down": {"uv": [1.33333, 10.66667, 2.33333, 0], "rotation": 90, "texture": "#0"}
			}
		}
	],
	"display": {
		"thirdperson_righthand": {
			"rotation": [90, 0, 0],
			"translation": [1, 0, 2],
			"scale": [0.2, 0.2, 0.2]
		},
		"thirdperson_lefthand": {
			"rotation": [90, 1.5, 0],
			"translation": [-1, 0, 2],
			"scale": [0.2, 0.2, 0.2]
		},
		"firstperson_righthand": {
			"translation": [0, 3, 0],
			"scale": [0.3, 0.3, 0.3]
		},
		"firstperson_lefthand": {
			"translation": [0, 3, 0],
			"scale": [0.3, 0.3, 0.3]
		},
		"ground": {
			"translation": [1.75, 1.5, -1.25],
			"scale": [0.2, 0.2, 0.2]
		},
		"gui": {
			"rotation": [20, -20, 0],
			"translation": [3.75, -0.5, 0],
			"scale": [0.36, 0.36, 0.36]
		},
		"head": {
			"translation": [4, 10, -4],
			"scale": [0.5, 0.5, 0.5]
		},
		"fixed": {
			"rotation": [-90, 0, 0],
			"translation": [0, 0, -16],
			"scale": [2, 2, 2]
		}
	}
}