{
	"credit": "Made with Blockbench",
	"texture_size": [64, 32],
	"textures": {
		"0": "./giant_ghast",
		"particle": "./giant_ghast"
	},
	"elements": [
		{
			"name": "body",
			"from": [0, 12, 0],
			"to": [16, 28, 16],
			"faces": {
				"north": {"uv": [4, 8, 8, 16], "texture": "#0"},
				"east": {"uv": [0, 8, 4, 16], "texture": "#0"},
				"south": {"uv": [12, 8, 16, 16], "texture": "#0"},
				"west": {"uv": [8, 8, 12, 16], "texture": "#0"},
				"up": {"uv": [8, 8, 4, 0], "texture": "#0"},
				"down": {"uv": [12, 0, 8, 8], "texture": "#0"}
			}
		},
		{
			"name": "tentacle1",
			"from": [13.9, 5, 0.05],
			"to": [15.9, 13, 2.05],
			"rotation": {"angle": 0, "axis": "x", "origin": [11.7, 12, 3]},
			"faces": {
				"north": {"uv": [0.5, 1, 1, 5], "texture": "#0"},
				"east": {"uv": [0, 1, 0.5, 5], "texture": "#0"},
				"south": {"uv": [1.5, 1, 2, 5], "texture": "#0"},
				"west": {"uv": [1, 1, 1.5, 5], "texture": "#0"},
				"up": {"uv": [1, 1, 0.5, 0], "texture": "#0"},
				"down": {"uv": [1.5, 0, 1, 1], "texture": "#0"}
			}
		},
		{
			"name": "tentacle2",
			"from": [0.1, 4, 0.05],
			"to": [2.1, 13, 2.05],
			"rotation": {"angle": 0, "axis": "x", "origin": [1.7, 12, 3]},
			"faces": {
				"north": {"uv": [0.5, 1, 1, 5.5], "texture": "#0"},
				"east": {"uv": [0, 1, 0.5, 5.5], "texture": "#0"},
				"south": {"uv": [1.5, 1, 2, 5.5], "texture": "#0"},
				"west": {"uv": [1, 1, 1.5, 5.5], "texture": "#0"},
				"up": {"uv": [1, 1, 0.5, 0], "texture": "#0"},
				"down": {"uv": [1.5, 0, 1, 1], "texture": "#0"}
			}
		},
		{
			"name": "tentacle3",
			"from": [7, 0.5, 0.05],
			"to": [9, 13.5, 2.05],
			"rotation": {"angle": 0, "axis": "x", "origin": [6.7, 12, 3]},
			"faces": {
				"north": {"uv": [0.5, 1, 1, 7.5], "texture": "#0"},
				"east": {"uv": [0, 1, 0.5, 7.5], "texture": "#0"},
				"south": {"uv": [1.5, 1, 2, 7.5], "texture": "#0"},
				"west": {"uv": [1, 1, 1.5, 7.5], "texture": "#0"},
				"up": {"uv": [1, 1, 0.5, 0], "texture": "#0"},
				"down": {"uv": [1.5, 0, 1, 1], "texture": "#0"}
			}
		},
		{
			"name": "tentacle4",
			"from": [13.9, 2, 7],
			"to": [15.9, 13, 9],
			"rotation": {"angle": 0, "axis": "x", "origin": [14.3, 12, 8]},
			"faces": {
				"north": {"uv": [0.5, 1, 1, 6.5], "texture": "#0"},
				"east": {"uv": [0, 1, 0.5, 6.5], "texture": "#0"},
				"south": {"uv": [1.5, 1, 2, 6.5], "texture": "#0"},
				"west": {"uv": [1, 1, 1.5, 6.5], "texture": "#0"},
				"up": {"uv": [1, 1, 0.5, 0], "texture": "#0"},
				"down": {"uv": [1.5, 0, 1, 1], "texture": "#0"}
			}
		},
		{
			"name": "tentacle5",
			"from": [7.3, 2, 7],
			"to": [9.3, 13, 9],
			"rotation": {"angle": 0, "axis": "x", "origin": [9.3, 12, 8]},
			"faces": {
				"north": {"uv": [0.5, 1, 1, 6.5], "texture": "#0"},
				"east": {"uv": [0, 1, 0.5, 6.5], "texture": "#0"},
				"south": {"uv": [1.5, 1, 2, 6.5], "texture": "#0"},
				"west": {"uv": [1, 1, 1.5, 6.5], "texture": "#0"},
				"up": {"uv": [1, 1, 0.5, 0], "texture": "#0"},
				"down": {"uv": [1.5, 0, 1, 1], "texture": "#0"}
			}
		},
		{
			"name": "tentacle6",
			"from": [0.1, 3, 7],
			"to": [2.1, 13, 9],
			"rotation": {"angle": 0, "axis": "x", "origin": [4.3, 12, 8]},
			"faces": {
				"north": {"uv": [0.5, 1, 1, 6], "texture": "#0"},
				"east": {"uv": [0, 1, 0.5, 6], "texture": "#0"},
				"south": {"uv": [1.5, 1, 2, 6], "texture": "#0"},
				"west": {"uv": [1, 1, 1.5, 6], "texture": "#0"},
				"up": {"uv": [1, 1, 0.5, 0], "texture": "#0"},
				"down": {"uv": [1.5, 0, 1, 1], "texture": "#0"}
			}
		},
		{
			"name": "tentacle7",
			"from": [13.9, 1, 13.9],
			"to": [15.9, 13, 15.9],
			"rotation": {"angle": 0, "axis": "x", "origin": [11.7, 12, 13]},
			"faces": {
				"north": {"uv": [0.5, 1, 1, 7], "texture": "#0"},
				"east": {"uv": [0, 1, 0.5, 7], "texture": "#0"},
				"south": {"uv": [1.5, 1, 2, 7], "texture": "#0"},
				"west": {"uv": [1, 1, 1.5, 7], "texture": "#0"},
				"up": {"uv": [1, 1, 0.5, 0], "texture": "#0"},
				"down": {"uv": [1.5, 0, 1, 1], "texture": "#0"}
			}
		},
		{
			"name": "tentacle8",
			"from": [0.1, 1, 13.9],
			"to": [2.1, 13, 15.9],
			"rotation": {"angle": 0, "axis": "x", "origin": [1.7, 12, 13]},
			"faces": {
				"north": {"uv": [0.5, 1, 1, 7], "texture": "#0"},
				"east": {"uv": [0, 1, 0.5, 7], "texture": "#0"},
				"south": {"uv": [1.5, 1, 2, 7], "texture": "#0"},
				"west": {"uv": [1, 1, 1.5, 7], "texture": "#0"},
				"up": {"uv": [1, 1, 0.5, 0], "texture": "#0"},
				"down": {"uv": [1.5, 0, 1, 1], "texture": "#0"}
			}
		},
		{
			"name": "tentacle9",
			"from": [7, 4, 13.9],
			"to": [9, 13, 15.9],
			"rotation": {"angle": 0, "axis": "x", "origin": [6.7, 12, 13]},
			"faces": {
				"north": {"uv": [0.5, 1, 1, 5.5], "texture": "#0"},
				"east": {"uv": [0, 1, 0.5, 5.5], "texture": "#0"},
				"south": {"uv": [1.5, 1, 2, 5.5], "texture": "#0"},
				"west": {"uv": [1, 1, 1.5, 5.5], "texture": "#0"},
				"up": {"uv": [1, 1, 0.5, 0], "texture": "#0"},
				"down": {"uv": [1.5, 0, 1, 1], "texture": "#0"}
			}
		}
	],
	"display": {
		"thirdperson_righthand": {
			"rotation": [75, 45, 0],
			"translation": [0.5, 0.75, 1],
			"scale": [0.2, 0.2, 0.2]
		},
		"thirdperson_lefthand": {
			"rotation": [75, 45, 0],
			"translation": [0, 2.5, 0],
			"scale": [0.375, 0.375, 0.375]
		},
		"firstperson_righthand": {
			"rotation": [0, 45, 0],
			"translation": [0.5, 1.25, 1.25],
			"scale": [0.2, 0.2, 0.2]
		},
		"firstperson_lefthand": {
			"rotation": [0, 225, 0],
			"translation": [0, 4.5, 0],
			"scale": [0.4, 0.4, 0.4]
		},
		"ground": {
			"translation": [0, 3, 0],
			"scale": [0.3, 0.3, 0.3]
		},
		"gui": {
			"rotation": [30, 225, 0],
			"translation": [0, -3.25, 0],
			"scale": [0.5, 0.5, 0.5]
		},
		"head": {
			"translation": [0, 1.9, 0],
			"scale": [1.1, 1.1, 1.1]
		},
		"fixed": {
			"rotation": [-90, 0, 0],
			"translation": [0, 0, 12.5],
			"scale": [2.7, 2.7, 2.7]
		}
	}
}