{
	"format_version": "1.21.6",
	"texture_size": [128, 128],
	"textures": {
		"1": "spookybatch1/wooden_set_1",
		"2": "spookybatch1/cushion_1 - Copy",
		"particle": "spookybatch1/cushion_1 - Copy"
	},
	"elements": [
		{
			"from": [2, 2, 1],
			"to": [4, 5, 3],
			"faces": {
				"north": {"uv": [8.625, 2, 8.875, 2.375], "texture": "#1", "tintindex": 0},
				"east": {"uv": [8.875, 2, 8.625, 2.375], "texture": "#1", "tintindex": 0},
				"south": {"uv": [8.625, 2, 8.875, 2.375], "texture": "#1", "tintindex": 0},
				"west": {"uv": [8.875, 2, 8.625, 2.375], "texture": "#1", "tintindex": 0},
				"down": {"uv": [4, 4.875, 4.25, 5.125], "texture": "#1", "tintindex": 0}
			}
		},
		{
			"from": [4, 3, 1.5],
			"to": [12, 5, 2.5],
			"rotation": {"angle": 0, "axis": "y", "origin": [8, 9, 8]},
			"faces": {
				"north": {"uv": [1.375, 0.375, 1.625, 1.375], "rotation": 90, "texture": "#1", "tintindex": 0},
				"south": {"uv": [1.375, 0.375, 1.625, 1.375], "rotation": 90, "texture": "#1", "tintindex": 0},
				"down": {"uv": [1.125, 0.625, 1, 1.625], "rotation": 90, "texture": "#1", "tintindex": 0}
			}
		},
		{
			"from": [4, 3, 11.5],
			"to": [12, 5, 12.5],
			"rotation": {"angle": 0, "axis": "y", "origin": [8, 9, 8]},
			"faces": {
				"north": {"uv": [1.375, 0.375, 1.625, 1.375], "rotation": 90, "texture": "#1", "tintindex": 0},
				"south": {"uv": [1.375, 0.375, 1.625, 1.375], "rotation": 90, "texture": "#1", "tintindex": 0},
				"down": {"uv": [1, 0.625, 1.125, 1.625], "rotation": 90, "texture": "#1", "tintindex": 0}
			}
		},
		{
			"from": [12.5, 3, 3],
			"to": [13.5, 5, 11],
			"rotation": {"angle": 0, "axis": "y", "origin": [8, 9, 8]},
			"faces": {
				"east": {"uv": [1.375, 0.375, 1.625, 1.375], "rotation": 90, "texture": "#1", "tintindex": 0},
				"west": {"uv": [1.375, 0.375, 1.625, 1.375], "rotation": 90, "texture": "#1", "tintindex": 0},
				"down": {"uv": [1.125, 0.625, 1, 1.625], "texture": "#1", "tintindex": 0}
			}
		},
		{
			"from": [2.5, 3, 3],
			"to": [3.5, 5, 11],
			"rotation": {"angle": 0, "axis": "y", "origin": [8, 9, 8]},
			"faces": {
				"east": {"uv": [1.375, 0.375, 1.625, 1.375], "rotation": 90, "texture": "#1", "tintindex": 0},
				"west": {"uv": [1.375, 0.375, 1.625, 1.375], "rotation": 90, "texture": "#1", "tintindex": 0},
				"down": {"uv": [1, 0.625, 1.125, 1.625], "texture": "#1", "tintindex": 0}
			}
		},
		{
			"name": "dyeable",
			"from": [1.25, 5, 0.25],
			"to": [14.75, 8, 13],
			"faces": {
				"north": {"uv": [0, 0, 8, 1.5], "texture": "#2", "tintindex": 0},
				"east": {"uv": [0, 0, 8, 1.5], "texture": "#2", "tintindex": 0},
				"south": {"uv": [0, 0, 8, 1.5], "texture": "#2", "tintindex": 0},
				"west": {"uv": [0, 0, 8, 1.5], "texture": "#2", "tintindex": 0},
				"up": {"uv": [0, 8, 8, 16], "texture": "#2", "tintindex": 0},
				"down": {"uv": [0, 8, 8, 16], "texture": "#2", "tintindex": 0}
			}
		},
		{
			"from": [3, 0, 2],
			"to": [4, 2, 3],
			"faces": {
				"north": {"uv": [8.625, 2.25, 8.75, 2.5], "texture": "#1", "tintindex": 0},
				"east": {"uv": [8.625, 2.25, 8.75, 2.5], "texture": "#1", "tintindex": 0},
				"south": {"uv": [8.625, 2.25, 8.75, 2.5], "texture": "#1", "tintindex": 0},
				"west": {"uv": [8.625, 2.25, 8.75, 2.5], "texture": "#1", "tintindex": 0},
				"down": {"uv": [3.375, 5.25, 3.5, 5.375], "texture": "#1", "tintindex": 0}
			}
		},
		{
			"from": [12, 0, 2],
			"to": [13, 2, 3],
			"rotation": {"angle": 0, "axis": "y", "origin": [9, 0, 0]},
			"faces": {
				"north": {"uv": [8.625, 2.25, 8.75, 2.5], "texture": "#1", "tintindex": 0},
				"east": {"uv": [8.625, 2.25, 8.75, 2.5], "texture": "#1", "tintindex": 0},
				"south": {"uv": [8.625, 2.25, 8.75, 2.5], "texture": "#1", "tintindex": 0},
				"west": {"uv": [8.625, 2.25, 8.75, 2.5], "texture": "#1", "tintindex": 0},
				"down": {"uv": [3.375, 5.25, 3.5, 5.375], "texture": "#1", "tintindex": 0}
			}
		},
		{
			"from": [12, 2, 1],
			"to": [14, 5, 3],
			"rotation": {"angle": 0, "axis": "y", "origin": [10, 0, 0]},
			"faces": {
				"north": {"uv": [8.875, 2, 8.625, 2.375], "texture": "#1", "tintindex": 0},
				"east": {"uv": [8.625, 2, 8.875, 2.375], "texture": "#1", "tintindex": 0},
				"south": {"uv": [8.875, 2, 8.625, 2.375], "texture": "#1", "tintindex": 0},
				"west": {"uv": [8.625, 2, 8.875, 2.375], "texture": "#1", "tintindex": 0},
				"down": {"uv": [4, 4.875, 4.25, 5.125], "texture": "#1", "tintindex": 0}
			}
		},
		{
			"from": [3, 0, 10.5],
			"to": [4, 2, 11.5],
			"rotation": {"angle": 0, "axis": "y", "origin": [8, 2.25, 11.25]},
			"faces": {
				"north": {"uv": [8.625, 2.25, 8.75, 2.5], "texture": "#1", "tintindex": 0},
				"east": {"uv": [8.625, 2.25, 8.75, 2.5], "texture": "#1", "tintindex": 0},
				"south": {"uv": [8.625, 2.25, 8.75, 2.5], "texture": "#1", "tintindex": 0},
				"west": {"uv": [8.625, 2.25, 8.75, 2.5], "texture": "#1", "tintindex": 0},
				"down": {"uv": [3.375, 5.25, 3.5, 5.375], "rotation": 180, "texture": "#1", "tintindex": 0}
			}
		},
		{
			"from": [2, 2, 10.5],
			"to": [4, 5, 12.5],
			"rotation": {"angle": 0, "axis": "y", "origin": [8, 2.25, 11.25]},
			"faces": {
				"north": {"uv": [8.875, 2, 8.625, 2.375], "texture": "#1", "tintindex": 0},
				"east": {"uv": [8.625, 2, 8.875, 2.375], "texture": "#1", "tintindex": 0},
				"south": {"uv": [8.875, 2, 8.625, 2.375], "texture": "#1", "tintindex": 0},
				"west": {"uv": [8.625, 2, 8.875, 2.375], "texture": "#1", "tintindex": 0},
				"down": {"uv": [4, 4.875, 4.25, 5.125], "rotation": 180, "texture": "#1", "tintindex": 0}
			}
		},
		{
			"from": [12, 0, 10.5],
			"to": [13, 2, 11.5],
			"rotation": {"angle": 0, "axis": "y", "origin": [8, 2.25, 11.25]},
			"faces": {
				"north": {"uv": [8.625, 2.25, 8.75, 2.5], "texture": "#1", "tintindex": 0},
				"east": {"uv": [8.625, 2.25, 8.75, 2.5], "texture": "#1", "tintindex": 0},
				"south": {"uv": [8.625, 2.25, 8.75, 2.5], "texture": "#1", "tintindex": 0},
				"west": {"uv": [8.625, 2.25, 8.75, 2.5], "texture": "#1", "tintindex": 0},
				"down": {"uv": [3.375, 5.25, 3.5, 5.375], "rotation": 180, "texture": "#1", "tintindex": 0}
			}
		},
		{
			"from": [12, 2, 10.5],
			"to": [14, 5, 12.5],
			"rotation": {"angle": 0, "axis": "y", "origin": [8, 2.25, 11.25]},
			"faces": {
				"north": {"uv": [8.625, 2, 8.875, 2.375], "texture": "#1", "tintindex": 0},
				"east": {"uv": [8.875, 2, 8.625, 2.375], "texture": "#1", "tintindex": 0},
				"south": {"uv": [8.625, 2, 8.875, 2.375], "texture": "#1", "tintindex": 0},
				"west": {"uv": [8.875, 2, 8.625, 2.375], "texture": "#1", "tintindex": 0},
				"down": {"uv": [4, 4.875, 4.25, 5.125], "rotation": 180, "texture": "#1", "tintindex": 0}
			}
		},
		{
			"from": [12, 8, 10.5],
			"to": [14, 23, 12.5],
			"rotation": {"angle": 0, "axis": "y", "origin": [8, 8.25, 11.25]},
			"faces": {
				"north": {"uv": [8.625, 0.5, 8.875, 2.375], "texture": "#1", "tintindex": 0},
				"east": {"uv": [8.875, 0.5, 8.625, 2.375], "texture": "#1", "tintindex": 0},
				"south": {"uv": [8.625, 0.5, 8.875, 2.375], "texture": "#1", "tintindex": 0},
				"west": {"uv": [8.875, 0.5, 8.625, 2.375], "texture": "#1", "tintindex": 0},
				"up": {"uv": [4, 4.875, 4.25, 5.125], "rotation": 180, "texture": "#1"}
			}
		},
		{
			"from": [2, 8, 10.5],
			"to": [4, 23, 12.5],
			"rotation": {"angle": 0, "axis": "y", "origin": [3, 15.5, 11.5]},
			"faces": {
				"north": {"uv": [8.875, 0.5, 8.625, 2.375], "texture": "#1", "tintindex": 0},
				"east": {"uv": [8.625, 0.5, 8.875, 2.375], "texture": "#1", "tintindex": 0},
				"south": {"uv": [8.875, 0.5, 8.625, 2.375], "texture": "#1", "tintindex": 0},
				"west": {"uv": [8.625, 0.5, 8.875, 2.375], "texture": "#1", "tintindex": 0},
				"up": {"uv": [4, 4.875, 4.25, 5.125], "rotation": 270, "texture": "#1"}
			}
		},
		{
			"from": [3, 23, 10.5],
			"to": [4, 25, 11.5],
			"rotation": {"angle": 0, "axis": "y", "origin": [8, 25.25, 11.25]},
			"faces": {
				"north": {"uv": [8, 2.625, 8.125, 2.875], "texture": "#1", "tintindex": 0},
				"east": {"uv": [8, 2.625, 8.125, 2.875], "texture": "#1", "tintindex": 0},
				"south": {"uv": [8, 2.625, 8.125, 2.875], "texture": "#1", "tintindex": 0},
				"west": {"uv": [8, 2.625, 8.125, 2.875], "texture": "#1", "tintindex": 0},
				"up": {"uv": [0, 0.375, 0.125, 0.25], "rotation": 180, "texture": "#1"}
			}
		},
		{
			"from": [12, 23, 10.5],
			"to": [13, 25, 11.5],
			"rotation": {"angle": 0, "axis": "y", "origin": [8, 25.25, 11.25]},
			"faces": {
				"north": {"uv": [8, 2.625, 8.125, 2.875], "texture": "#1", "tintindex": 0},
				"east": {"uv": [8, 2.625, 8.125, 2.875], "texture": "#1", "tintindex": 0},
				"south": {"uv": [8, 2.625, 8.125, 2.875], "texture": "#1", "tintindex": 0},
				"west": {"uv": [8, 2.625, 8.125, 2.875], "texture": "#1", "tintindex": 0},
				"up": {"uv": [0, 0.25, 0.125, 0.375], "rotation": 180, "texture": "#1"}
			}
		},
		{
			"from": [4, 8, 11.5],
			"to": [12, 21, 11.5],
			"rotation": {"angle": 0, "axis": "y", "origin": [11, 8, 10]},
			"faces": {
				"north": {"uv": [8.625, 2.75, 9.625, 4.375], "texture": "#1"},
				"east": {"uv": [0, 0, 0, 1.625], "texture": "#missing"},
				"south": {"uv": [8.625, 2.75, 9.625, 4.375], "texture": "#1"},
				"west": {"uv": [0, 0, 0, 1.625], "texture": "#missing"},
				"up": {"uv": [0, 0, 1, 0], "texture": "#missing"},
				"down": {"uv": [0, 0, 1, 0], "texture": "#missing"}
			}
		}
	],
	"display": {
		"thirdperson_righthand": {
			"rotation": [29, 0, 0],
			"scale": [0.3, 0.3, 0.3]
		},
		"thirdperson_lefthand": {
			"rotation": [29, 0, 0],
			"scale": [0.3, 0.3, 0.3]
		},
		"firstperson_righthand": {
			"rotation": [0, 135, 0],
			"translation": [-1, 4.25, 2],
			"scale": [0.3, 0.3, 0.3]
		},
		"firstperson_lefthand": {
			"rotation": [0, 135, 0],
			"translation": [-1, 4.25, 2],
			"scale": [0.3, 0.3, 0.3]
		},
		"ground": {
			"scale": [0.5, 0.5, 0.5]
		},
		"gui": {
			"rotation": [16, -135, 0],
			"translation": [0, -2.5, 0],
			"scale": [0.5, 0.5, 0.5]
		},
		"head": {
			"translation": [0, 13.5, 0],
			"scale": [0.8, 0.8, 0.8]
		},
		"fixed": {
			"rotation": [-90, 0, 0],
			"translation": [0, 0, -16],
			"scale": [2, 2, 2]
		}
	}
}