{
	"format_version": "1.21.6",
	"texture_size": [64, 64],
	"textures": {
		"0": "cupboard_short",
		"2": "spookybatch1/wooden_set_1",
		"4": "projecteden/decoration/misc_decoration",
		"particle": "cupboard_short"
	},
	"elements": [
		{
			"name": "side",
			"from": [-15, 4, 1],
			"to": [-13, 21, 15],
			"rotation": {"angle": 0, "axis": "y", "origin": [16, 16, 0]},
			"faces": {
				"north": {"uv": [10.5, 9, 11, 13.25], "texture": "#0", "tintindex": 0},
				"east": {"uv": [6.75, 8.75, 10.25, 13.25], "texture": "#0"},
				"south": {"uv": [11, 9, 10.5, 13.25], "texture": "#0", "tintindex": 0},
				"west": {"uv": [10.25, 8.75, 6.75, 13.25], "texture": "#0", "tintindex": 0}
			}
		},
		{
			"name": "side",
			"from": [13, 4, 1],
			"to": [15, 21, 15],
			"rotation": {"angle": 0, "axis": "y", "origin": [16, 16, 0]},
			"faces": {
				"north": {"uv": [11, 9, 10.5, 13.25], "texture": "#0", "tintindex": 0},
				"east": {"uv": [6.75, 8.75, 10.25, 13.25], "texture": "#0", "tintindex": 0},
				"south": {"uv": [10.5, 9, 11, 13.25], "texture": "#0", "tintindex": 0},
				"west": {"uv": [6.75, 8.75, 10.25, 13.25], "texture": "#0"}
			}
		},
		{
			"name": "body",
			"from": [-13, 4, 1],
			"to": [13, 14, 15],
			"rotation": {"angle": 0, "axis": "y", "origin": [16, 16, 0]},
			"faces": {
				"north": {"uv": [0, 8.75, 6.5, 11.25], "texture": "#0", "tintindex": 0},
				"south": {"uv": [0.75, 3.75, 7.25, 1.25], "texture": "#0", "tintindex": 0},
				"up": {"uv": [0, 0, 8, 4], "texture": "#0"}
			}
		},
		{
			"name": "body",
			"from": [0.5, 3.5, 0.5],
			"to": [12.5, 12.5, 1.5],
			"rotation": {"angle": 0, "axis": "y", "origin": [16, 15, 0]},
			"faces": {
				"north": {"uv": [0.25, 11.75, 3, 14], "texture": "#0", "tintindex": 0},
				"east": {"uv": [0.25, 11.75, 0.5, 14], "texture": "#0", "tintindex": 0},
				"west": {"uv": [2.75, 11.75, 3, 14], "texture": "#0", "tintindex": 0},
				"up": {"uv": [0.25, 11.75, 3, 12], "texture": "#0", "tintindex": 0},
				"down": {"uv": [0.25, 13.75, 3, 14], "texture": "#0", "tintindex": 0}
			}
		},
		{
			"name": "body",
			"from": [-12.5, 3.5, 0.5],
			"to": [-0.5, 12.5, 1.5],
			"rotation": {"angle": 0, "axis": "y", "origin": [16, 15, 0]},
			"faces": {
				"north": {"uv": [3.5, 11.75, 6.25, 14], "texture": "#0", "tintindex": 0},
				"east": {"uv": [3.5, 11.75, 3.75, 14], "texture": "#0", "tintindex": 0},
				"west": {"uv": [6, 11.75, 6.25, 14], "texture": "#0", "tintindex": 0},
				"up": {"uv": [3.5, 11.75, 6.25, 12], "texture": "#0", "tintindex": 0},
				"down": {"uv": [3.5, 13.75, 6.25, 14], "texture": "#0", "tintindex": 0}
			}
		},
		{
			"name": "bottom",
			"from": [-15, 2, 1],
			"to": [15, 4, 15],
			"rotation": {"angle": 0, "axis": "y", "origin": [16, 16, 0]},
			"faces": {
				"north": {"uv": [0, 14.5, 7.5, 15], "texture": "#0", "tintindex": 0},
				"east": {"uv": [11.75, 0.75, 8.25, 1.25], "texture": "#0", "tintindex": 0},
				"south": {"uv": [0, 14.5, 7.5, 15], "texture": "#0", "tintindex": 0},
				"west": {"uv": [11.75, 0.75, 8.25, 1.25], "texture": "#0", "tintindex": 0},
				"down": {"uv": [0, 4.25, 7.5, 7.75], "rotation": 180, "texture": "#0", "tintindex": 0}
			}
		},
		{
			"name": "leg",
			"from": [-15, 1, 13],
			"to": [-13, 2, 15],
			"rotation": {"angle": 0, "axis": "y", "origin": [16, 16, 0]},
			"faces": {
				"north": {"uv": [15.5, 0, 16, 0.25], "texture": "#0", "tintindex": 0},
				"east": {"uv": [15.5, 0, 16, 0.25], "texture": "#0", "tintindex": 0},
				"south": {"uv": [15.5, 0, 16, 0.25], "texture": "#0", "tintindex": 0},
				"west": {"uv": [15.5, 0, 16, 0.25], "texture": "#0", "tintindex": 0},
				"down": {"uv": [15.5, 0.25, 16, 0.5], "texture": "#0", "tintindex": 0}
			}
		},
		{
			"name": "leg",
			"from": [13, 1, 13],
			"to": [15, 2, 15],
			"rotation": {"angle": 0, "axis": "y", "origin": [16, 16, 0]},
			"faces": {
				"north": {"uv": [15.5, 0, 16, 0.25], "texture": "#0", "tintindex": 0},
				"east": {"uv": [15.5, 0, 16, 0.25], "texture": "#0", "tintindex": 0},
				"south": {"uv": [15.5, 0, 16, 0.25], "texture": "#0", "tintindex": 0},
				"west": {"uv": [15.5, 0, 16, 0.25], "texture": "#0", "tintindex": 0},
				"down": {"uv": [15.5, 0.25, 16, 0.5], "texture": "#0", "tintindex": 0}
			}
		},
		{
			"name": "leg",
			"from": [13, 1, 1],
			"to": [15, 2, 3],
			"rotation": {"angle": 0, "axis": "y", "origin": [16, 16, 0]},
			"faces": {
				"north": {"uv": [15.5, 0, 16, 0.25], "texture": "#0", "tintindex": 0},
				"east": {"uv": [15.5, 0, 16, 0.25], "texture": "#0", "tintindex": 0},
				"south": {"uv": [15.5, 0, 16, 0.25], "texture": "#0", "tintindex": 0},
				"west": {"uv": [15.5, 0, 16, 0.25], "texture": "#0", "tintindex": 0},
				"down": {"uv": [15.5, 0.25, 16, 0.5], "texture": "#0", "tintindex": 0}
			}
		},
		{
			"name": "leg",
			"from": [-15, 1, 1],
			"to": [-13, 2, 3],
			"rotation": {"angle": 0, "axis": "y", "origin": [16, 16, 0]},
			"faces": {
				"north": {"uv": [15.5, 0, 16, 0.25], "texture": "#0", "tintindex": 0},
				"east": {"uv": [15.5, 0, 16, 0.25], "texture": "#0", "tintindex": 0},
				"south": {"uv": [15.5, 0, 16, 0.25], "texture": "#0", "tintindex": 0},
				"west": {"uv": [15.5, 0, 16, 0.25], "texture": "#0", "tintindex": 0},
				"down": {"uv": [15.5, 0.25, 16, 0.5], "texture": "#0", "tintindex": 0}
			}
		},
		{
			"name": "side",
			"from": [-15, 21, 1],
			"to": [15, 23, 15],
			"rotation": {"angle": 0, "axis": "y", "origin": [16, 29, 0]},
			"faces": {
				"north": {"uv": [0, 14.5, 7.5, 15], "texture": "#0", "tintindex": 0},
				"east": {"uv": [8.25, 0.75, 11.75, 1.25], "texture": "#0", "tintindex": 0},
				"south": {"uv": [0, 14.5, 7.5, 15], "texture": "#0", "tintindex": 0},
				"west": {"uv": [8.25, 1.25, 11.75, 0.75], "texture": "#0"},
				"up": {"uv": [6.375, 4, 4.375, 0], "rotation": 90, "texture": "#2"},
				"down": {"uv": [0, 7.75, 7.5, 4.25], "texture": "#0"}
			}
		},
		{
			"name": "body",
			"from": [-8.15, 6.5, 0],
			"to": [-4.85, 7.5, 0.5],
			"rotation": {"angle": 0, "axis": "y", "origin": [16, 15, -1]},
			"faces": {
				"north": {"uv": [4.5, 13, 5.25, 13.25], "texture": "#0", "tintindex": 0},
				"east": {"uv": [4.5, 13, 4.75, 13.25], "texture": "#0", "tintindex": 0},
				"west": {"uv": [5.25, 13, 5, 13.25], "texture": "#0", "tintindex": 0},
				"up": {"uv": [4.5, 13.25, 5.25, 13], "texture": "#0", "tintindex": 0},
				"down": {"uv": [4.5, 13, 5.25, 13.25], "texture": "#0", "tintindex": 0}
			}
		},
		{
			"name": "body",
			"from": [-4.85, 7.5, 0],
			"to": [-3.775, 9.5, 0.5],
			"rotation": {"angle": 0, "axis": "y", "origin": [17, 16, -1]},
			"faces": {
				"north": {"uv": [4.25, 12.5, 4.5, 13], "texture": "#0", "tintindex": 0},
				"east": {"uv": [4.25, 12.5, 4.5, 13], "texture": "#0", "tintindex": 0},
				"west": {"uv": [4.5, 12.5, 4.25, 13], "texture": "#0", "tintindex": 0},
				"up": {"uv": [4.25, 12.75, 4.5, 12.5], "texture": "#0", "tintindex": 0},
				"down": {"uv": [4.5, 13, 5.25, 13.25], "texture": "#0", "tintindex": 0}
			}
		},
		{
			"name": "body",
			"from": [-9.225, 7.5, 0],
			"to": [-8.15, 9.5, 0.5],
			"rotation": {"angle": 0, "axis": "y", "origin": [14, 16, -1]},
			"faces": {
				"north": {"uv": [4.25, 12.5, 4.5, 13], "texture": "#0", "tintindex": 0},
				"east": {"uv": [4.25, 12.5, 4.5, 13], "texture": "#0", "tintindex": 0},
				"west": {"uv": [4.5, 12.5, 4.25, 13], "texture": "#0", "tintindex": 0},
				"up": {"uv": [4.25, 12.75, 4.5, 12.5], "texture": "#0", "tintindex": 0},
				"down": {"uv": [4.5, 13, 5.25, 13.25], "texture": "#0", "tintindex": 0}
			}
		},
		{
			"name": "body",
			"from": [-5.95, 9.5, 0],
			"to": [-4.85, 10.5, 0.5],
			"rotation": {"angle": 0, "axis": "y", "origin": [16, 18, -1]},
			"faces": {
				"north": {"uv": [4.25, 12.5, 4.5, 12.75], "texture": "#0", "tintindex": 0},
				"east": {"uv": [4.25, 12.5, 4.5, 12.75], "texture": "#0", "tintindex": 0},
				"west": {"uv": [4.5, 12.5, 4.25, 12.75], "texture": "#0", "tintindex": 0},
				"up": {"uv": [4.25, 12.75, 4.5, 12.5], "texture": "#0", "tintindex": 0},
				"down": {"uv": [4.25, 12.5, 4.5, 12.75], "texture": "#0", "tintindex": 0}
			}
		},
		{
			"name": "body",
			"from": [-8.15, 9.5, 0],
			"to": [-7.05, 10.5, 0.5],
			"rotation": {"angle": 0, "axis": "y", "origin": [14, 18, -1]},
			"faces": {
				"north": {"uv": [4.25, 12.5, 4.5, 12.75], "texture": "#0", "tintindex": 0},
				"east": {"uv": [4.25, 12.5, 4.5, 12.75], "texture": "#0", "tintindex": 0},
				"west": {"uv": [4.5, 12.5, 4.25, 12.75], "texture": "#0", "tintindex": 0},
				"up": {"uv": [4.25, 12.75, 4.5, 12.5], "texture": "#0", "tintindex": 0},
				"down": {"uv": [4.25, 12.5, 4.5, 12.75], "texture": "#0", "tintindex": 0}
			}
		},
		{
			"name": "body",
			"from": [8.15, 7.5, 0],
			"to": [9.225, 9.5, 0.5],
			"rotation": {"angle": 0, "axis": "y", "origin": [30, 16, -1]},
			"faces": {
				"north": {"uv": [4.25, 12.5, 4.5, 13], "texture": "#0", "tintindex": 0},
				"east": {"uv": [4.25, 12.5, 4.5, 13], "texture": "#0", "tintindex": 0},
				"west": {"uv": [4.5, 12.5, 4.25, 13], "texture": "#0", "tintindex": 0},
				"up": {"uv": [4.25, 12.75, 4.5, 12.5], "texture": "#0", "tintindex": 0},
				"down": {"uv": [4.5, 13, 5.25, 13.25], "texture": "#0", "tintindex": 0}
			}
		},
		{
			"name": "body",
			"from": [7.05, 9.5, 0],
			"to": [8.15, 10.5, 0.5],
			"rotation": {"angle": 0, "axis": "y", "origin": [29, 18, -1]},
			"faces": {
				"north": {"uv": [4.25, 12.5, 4.5, 12.75], "texture": "#0", "tintindex": 0},
				"east": {"uv": [4.25, 12.5, 4.5, 12.75], "texture": "#0", "tintindex": 0},
				"west": {"uv": [4.5, 12.5, 4.25, 12.75], "texture": "#0", "tintindex": 0},
				"up": {"uv": [4.25, 12.75, 4.5, 12.5], "texture": "#0", "tintindex": 0},
				"down": {"uv": [4.25, 12.5, 4.5, 12.75], "texture": "#0", "tintindex": 0}
			}
		},
		{
			"name": "body",
			"from": [4.85, 9.5, 0],
			"to": [5.95, 10.5, 0.5],
			"rotation": {"angle": 0, "axis": "y", "origin": [27, 18, -1]},
			"faces": {
				"north": {"uv": [4.25, 12.5, 4.5, 12.75], "texture": "#0", "tintindex": 0},
				"east": {"uv": [4.25, 12.5, 4.5, 12.75], "texture": "#0", "tintindex": 0},
				"west": {"uv": [4.5, 12.5, 4.25, 12.75], "texture": "#0", "tintindex": 0},
				"up": {"uv": [4.25, 12.75, 4.5, 12.5], "texture": "#0", "tintindex": 0},
				"down": {"uv": [4.25, 12.5, 4.5, 12.75], "texture": "#0", "tintindex": 0}
			}
		},
		{
			"name": "body",
			"from": [3.775, 7.5, 0],
			"to": [4.85, 9.5, 0.5],
			"rotation": {"angle": 0, "axis": "y", "origin": [27, 16, -1]},
			"faces": {
				"north": {"uv": [4.25, 12.5, 4.5, 13], "texture": "#0", "tintindex": 0},
				"east": {"uv": [4.25, 12.5, 4.5, 13], "texture": "#0", "tintindex": 0},
				"west": {"uv": [4.5, 12.5, 4.25, 13], "texture": "#0", "tintindex": 0},
				"up": {"uv": [4.25, 12.75, 4.5, 12.5], "texture": "#0", "tintindex": 0},
				"down": {"uv": [4.5, 13, 5.25, 13.25], "texture": "#0", "tintindex": 0}
			}
		},
		{
			"name": "body",
			"from": [4.85, 6.5, 0],
			"to": [8.15, 7.5, 0.5],
			"rotation": {"angle": 0, "axis": "y", "origin": [29, 15, -1]},
			"faces": {
				"north": {"uv": [4.5, 13, 5.25, 13.25], "texture": "#0", "tintindex": 0},
				"east": {"uv": [4.5, 13, 4.75, 13.25], "texture": "#0", "tintindex": 0},
				"west": {"uv": [5.25, 13, 5, 13.25], "texture": "#0", "tintindex": 0},
				"up": {"uv": [4.5, 13.25, 5.25, 13], "texture": "#0", "tintindex": 0},
				"down": {"uv": [4.5, 13, 5.25, 13.25], "texture": "#0", "tintindex": 0}
			}
		},
		{
			"name": "leg",
			"from": [-15, 23, 13],
			"to": [15, 30, 15],
			"rotation": {"angle": 0, "axis": "y", "origin": [16, 39, 0]},
			"faces": {
				"north": {"uv": [4.375, 0, 5.25, 4], "rotation": 90, "texture": "#2", "tintindex": 0},
				"east": {"uv": [10.5, 9.25, 11, 11], "texture": "#0", "tintindex": 0},
				"south": {"uv": [0.25, 0, 7.75, 1.75], "texture": "#0", "tintindex": 0},
				"west": {"uv": [10.5, 9.25, 11, 11], "texture": "#0", "tintindex": 0},
				"up": {"uv": [0, 14.5, 7.5, 15], "texture": "#0"}
			}
		},
		{
			"name": "leg",
			"from": [13, 0, 2],
			"to": [14, 1, 3],
			"rotation": {"angle": 0, "axis": "y", "origin": [16, 15, 0]},
			"faces": {
				"north": {"uv": [15.5, 0.25, 16, 0.5], "texture": "#0", "tintindex": 0},
				"east": {"uv": [15.5, 0.25, 16, 0.5], "texture": "#0", "tintindex": 0},
				"south": {"uv": [15.5, 0.25, 16, 0.5], "texture": "#0", "tintindex": 0},
				"west": {"uv": [15.5, 0.25, 16, 0.5], "texture": "#0", "tintindex": 0},
				"down": {"uv": [15.5, 0.25, 16, 0.5], "texture": "#0", "tintindex": 0}
			}
		},
		{
			"name": "leg",
			"from": [-14, 0, 2],
			"to": [-13, 1, 3],
			"rotation": {"angle": 0, "axis": "y", "origin": [-11, 15, 0]},
			"faces": {
				"north": {"uv": [15.5, 0.25, 16, 0.5], "texture": "#0", "tintindex": 0},
				"east": {"uv": [15.5, 0.25, 16, 0.5], "texture": "#0", "tintindex": 0},
				"south": {"uv": [15.5, 0.25, 16, 0.5], "texture": "#0", "tintindex": 0},
				"west": {"uv": [15.5, 0.25, 16, 0.5], "texture": "#0", "tintindex": 0},
				"down": {"uv": [15.5, 0.25, 16, 0.5], "texture": "#0", "tintindex": 0}
			}
		},
		{
			"name": "leg",
			"from": [13, 0, 13],
			"to": [14, 1, 14],
			"rotation": {"angle": 0, "axis": "y", "origin": [16, 15, 11]},
			"faces": {
				"north": {"uv": [15.5, 0.25, 16, 0.5], "texture": "#0", "tintindex": 0},
				"east": {"uv": [15.5, 0.25, 16, 0.5], "texture": "#0", "tintindex": 0},
				"south": {"uv": [15.5, 0.25, 16, 0.5], "texture": "#0", "tintindex": 0},
				"west": {"uv": [15.5, 0.25, 16, 0.5], "texture": "#0", "tintindex": 0},
				"down": {"uv": [15.5, 0.25, 16, 0.5], "texture": "#0", "tintindex": 0}
			}
		},
		{
			"name": "leg",
			"from": [-14, 0, 13],
			"to": [-13, 1, 14],
			"rotation": {"angle": 0, "axis": "y", "origin": [-11, 15, 11]},
			"faces": {
				"north": {"uv": [15.5, 0.25, 16, 0.5], "texture": "#0", "tintindex": 0},
				"east": {"uv": [15.5, 0.25, 16, 0.5], "texture": "#0", "tintindex": 0},
				"south": {"uv": [15.5, 0.25, 16, 0.5], "texture": "#0", "tintindex": 0},
				"west": {"uv": [15.5, 0.25, 16, 0.5], "texture": "#0", "tintindex": 0},
				"down": {"uv": [15.5, 0.25, 16, 0.5], "texture": "#0", "tintindex": 0}
			}
		},
		{
			"name": "leg",
			"from": [-13, 14, 13],
			"to": [13, 21, 15],
			"rotation": {"angle": 0, "axis": "y", "origin": [16, 30, 0]},
			"faces": {
				"north": {"uv": [0.5, 1.75, 7.5, 3.5], "texture": "#0", "tintindex": 0},
				"east": {"uv": [15.5, 0, 16, 0.5], "texture": "#0", "tintindex": 0},
				"south": {"uv": [0.75, 1.5, 7.25, 3.25], "texture": "#0", "tintindex": 0},
				"west": {"uv": [15.5, 0, 16, 0.5], "texture": "#0", "tintindex": 0},
				"up": {"uv": [0, 0, 0, 0], "texture": "#0"}
			}
		},
		{
			"from": [-14, 23, 1],
			"to": [-14, 30, 13],
			"rotation": {"angle": 0, "axis": "y", "origin": [-15, 23, 12]},
			"faces": {
				"north": {"uv": [0, 0, 0, 1.75], "texture": "#missing"},
				"east": {"uv": [10.75, 13.5, 7.75, 15.25], "texture": "#0"},
				"south": {"uv": [0, 0, 0, 1.75], "texture": "#missing"},
				"west": {"uv": [7.75, 13.5, 10.75, 15.25], "texture": "#0"},
				"up": {"uv": [0, 0, 0, 3], "texture": "#missing"},
				"down": {"uv": [0, 0, 0, 3], "texture": "#missing"}
			}
		},
		{
			"from": [14, 23, 1],
			"to": [14, 30, 13],
			"rotation": {"angle": 0, "axis": "y", "origin": [13, 23, 12]},
			"faces": {
				"north": {"uv": [0, 0, 0, 1.75], "texture": "#missing"},
				"east": {"uv": [10.75, 13.5, 7.75, 15.25], "texture": "#0"},
				"south": {"uv": [0, 0, 0, 1.75], "texture": "#missing"},
				"west": {"uv": [7.75, 13.5, 10.75, 15.25], "texture": "#0"},
				"up": {"uv": [0, 0, 0, 3], "texture": "#missing"},
				"down": {"uv": [0, 0, 0, 3], "texture": "#missing"}
			}
		},
		{
			"name": "leg",
			"from": [-15, 30, 13],
			"to": [-13, 31, 15],
			"rotation": {"angle": 0, "axis": "y", "origin": [16, 45, 0]},
			"faces": {
				"north": {"uv": [15.5, 0, 16, 0.25], "texture": "#0", "tintindex": 0},
				"east": {"uv": [15.5, 0, 16, 0.25], "texture": "#0", "tintindex": 0},
				"south": {"uv": [15.5, 0, 16, 0.25], "texture": "#0", "tintindex": 0},
				"west": {"uv": [15.5, 0, 16, 0.25], "texture": "#0", "tintindex": 0},
				"up": {"uv": [9, 2, 9.5, 2.5], "texture": "#0"}
			}
		},
		{
			"name": "leg",
			"from": [-14, 31, 14],
			"to": [-13, 32, 15],
			"rotation": {"angle": 0, "axis": "y", "origin": [-11, 46, 12]},
			"faces": {
				"north": {"uv": [15.5, 0.25, 16, 0.5], "texture": "#0", "tintindex": 0},
				"east": {"uv": [15.5, 0.25, 16, 0.5], "texture": "#0", "tintindex": 0},
				"south": {"uv": [15.5, 0.25, 16, 0.5], "texture": "#0", "tintindex": 0},
				"west": {"uv": [15.5, 0.25, 16, 0.5], "texture": "#0", "tintindex": 0},
				"up": {"uv": [0, 0, 0.25, 0.25], "texture": "#0"}
			}
		},
		{
			"name": "leg",
			"from": [13, 30, 13],
			"to": [15, 31, 15],
			"rotation": {"angle": 0, "axis": "y", "origin": [44, 45, 0]},
			"faces": {
				"north": {"uv": [15.5, 0, 16, 0.25], "texture": "#0", "tintindex": 0},
				"east": {"uv": [15.5, 0, 16, 0.25], "texture": "#0", "tintindex": 0},
				"south": {"uv": [15.5, 0, 16, 0.25], "texture": "#0", "tintindex": 0},
				"west": {"uv": [15.5, 0, 16, 0.25], "texture": "#0", "tintindex": 0},
				"up": {"uv": [9, 2, 9.5, 2.5], "texture": "#0"}
			}
		},
		{
			"name": "leg",
			"from": [13, 31, 14],
			"to": [14, 32, 15],
			"rotation": {"angle": 0, "axis": "y", "origin": [16, 46, 12]},
			"faces": {
				"north": {"uv": [15.5, 0.25, 16, 0.5], "texture": "#0", "tintindex": 0},
				"east": {"uv": [15.5, 0.25, 16, 0.5], "texture": "#0", "tintindex": 0},
				"south": {"uv": [15.5, 0.25, 16, 0.5], "texture": "#0", "tintindex": 0},
				"west": {"uv": [15.5, 0.25, 16, 0.5], "texture": "#0", "tintindex": 0},
				"up": {"uv": [0, 0, 0, 0], "texture": "#0"}
			}
		},
		{
			"from": [-13, 14, 2],
			"to": [-1, 20, 7],
			"rotation": {"angle": 0, "axis": "y", "origin": [0, 14, 2]},
			"faces": {
				"north": {"uv": [1.5, 6.125, 3.25, 5], "texture": "#4"},
				"east": {"uv": [9.75, 0, 9, 1.125], "texture": "#4"},
				"south": {"uv": [10, 2.5, 8.25, 3.25], "texture": "#4"},
				"west": {"uv": [9, 0, 9.75, 1.125], "texture": "#4"},
				"up": {"uv": [10, 3.25, 8.25, 2.5], "texture": "#4"},
				"down": {"uv": [0, 0, 0.5, 1.25], "texture": "#missing"}
			}
		},
		{
			"from": [0, 14, 2],
			"to": [2, 20, 7],
			"rotation": {"angle": 22.5, "axis": "z", "origin": [1, 17, 4.5]},
			"faces": {
				"north": {"uv": [0.5, 6.125, 0.75, 5], "texture": "#4"},
				"east": {"uv": [9, 0, 8.25, 1.125], "texture": "#4"},
				"south": {"uv": [8.25, 2.5, 8.5, 3.25], "texture": "#4"},
				"west": {"uv": [8.25, 0, 9, 1.125], "texture": "#4"},
				"up": {"uv": [8.5, 3.25, 8.25, 2.5], "texture": "#4"},
				"down": {"uv": [8.25, 2.5, 8.5, 3.25], "texture": "#4"}
			}
		},
		{
			"from": [5, 14, 3],
			"to": [11, 16, 8],
			"rotation": {"angle": -22.5, "axis": "y", "origin": [8, 15, 5.5]},
			"faces": {
				"north": {"uv": [4.25, 6.125, 4.5, 5], "rotation": 90, "texture": "#4"},
				"east": {"uv": [8.25, 2.5, 8.5, 3.25], "rotation": 270, "texture": "#4"},
				"south": {"uv": [8.25, 2.5, 8.5, 3.25], "rotation": 270, "texture": "#4"},
				"west": {"uv": [8.5, 3.25, 8.25, 2.5], "rotation": 270, "texture": "#4"},
				"up": {"uv": [6, 0, 5.25, 1.125], "rotation": 270, "texture": "#4"},
				"down": {"uv": [8.25, 0, 9, 1.125], "rotation": 270, "texture": "#4"}
			}
		},
		{
			"from": [4, 14, 2],
			"to": [13, 21, 2],
			"rotation": {"angle": 0, "axis": "y", "origin": [12, 20, 1]},
			"faces": {
				"north": {"uv": [12.75, 0, 15, 1.75], "texture": "#0"},
				"east": {"uv": [0, 0, 0, 1.75], "texture": "#missing"},
				"south": {"uv": [0, 0, 2.25, 1.75], "texture": "#missing"},
				"west": {"uv": [0, 0, 0, 1.75], "texture": "#missing"},
				"up": {"uv": [0, 0, 2.25, 0], "texture": "#missing"},
				"down": {"uv": [0, 0, 2.25, 0], "texture": "#missing"}
			}
		}
	],
	"gui_light": "front",
	"display": {
		"thirdperson_righthand": {
			"rotation": [63, 34, 0],
			"translation": [0.75, 1, -1],
			"scale": [0.22657, 0.22657, 0.22657]
		},
		"thirdperson_lefthand": {
			"rotation": [63, 34, 0],
			"translation": [-2.25, 0, -1],
			"scale": [0.22657, 0.22657, 0.22657]
		},
		"firstperson_righthand": {
			"rotation": [3, 112, -13],
			"translation": [5.75, -0.5, -5.5],
			"scale": [0.20508, 0.20508, 0.20508]
		},
		"firstperson_lefthand": {
			"rotation": [3, 112, -13],
			"translation": [9.75, -0.5, -4.75],
			"scale": [0.20508, 0.20508, 0.20508]
		},
		"ground": {
			"translation": [1.5, 4.25, 0],
			"scale": [0.19922, 0.19922, 0.19922]
		},
		"gui": {
			"rotation": [30, -158, 0],
			"translation": [-2.75, -0.25, 0],
			"scale": [0.38828, 0.38828, 0.38828]
		},
		"head": {
			"translation": [0, -30.5, 0],
			"scale": [1.6, 1.6, 1.6]
		},
		"fixed": {
			"rotation": [-90, 0, 0],
			"translation": [0, 0, -16],
			"scale": [2, 2, 2]
		}
	}
}