{
	"texture_size": [128, 128],
	"textures": {
		"0": "arcade-machine-template - Copy",
		"particle": "arcade-machine-template - Copy"
	},
	"elements": [
		{
			"name": "dyable",
			"from": [1.005, 15, -1],
			"to": [14.995, 18, 7],
			"rotation": {"angle": -22.5, "axis": "x", "origin": [8, 18, -1]},
			"faces": {
				"north": {"uv": [3.625, 2.875, 5.375, 3.25], "texture": "#0"},
				"east": {"uv": [3.25, 0.375, 3.625, 1.375], "rotation": 90, "texture": "#0"},
				"south": {"uv": [3.5, 2.75, 5.25, 3.125], "texture": "#0"},
				"west": {"uv": [3.25, 0.375, 3.625, 1.375], "rotation": 90, "texture": "#0"},
				"up": {"uv": [1.75, 6.875, 0, 5.875], "texture": "#0"},
				"down": {"uv": [5.25, 2.75, 3.5, 3.75], "texture": "#0"}
			}
		},
		{
			"name": "dyable",
			"from": [1, 0, 1],
			"to": [15, 14, 15],
			"rotation": {"angle": 0, "axis": "y", "origin": [1, 0, 1]},
			"faces": {
				"north": {"uv": [3.625, 0, 5.375, 1.75], "texture": "#0"},
				"east": {"uv": [1.75, 2.25, 3.5, 4], "texture": "#0"},
				"south": {"uv": [0, 2.25, 1.75, 4], "texture": "#0"},
				"west": {"uv": [3.5, 2.25, 1.75, 4], "texture": "#0"},
				"up": {"uv": [5.25, 4.5, 3.5, 2.75], "texture": "#0"},
				"down": {"uv": [1.75, 4.125, 0, 5.875], "texture": "#0"}
			}
		},
		{
			"name": "dyable",
			"from": [1, 14, -1],
			"to": [15, 18, 15],
			"rotation": {"angle": 0, "axis": "y", "origin": [0, -2, 0]},
			"faces": {
				"north": {"uv": [3.75, 1.75, 5.5, 2.25], "texture": "#0"},
				"east": {"uv": [1.75, 1.75, 3.75, 2.25], "texture": "#0"},
				"south": {"uv": [0, 1.75, 1.75, 2.25], "texture": "#0"},
				"west": {"uv": [3.75, 1.75, 1.75, 2.25], "texture": "#0"},
				"up": {"uv": [5.25, 4.75, 3.5, 2.75], "texture": "#0"},
				"down": {"uv": [5.5, 0.25, 3.75, 2.25], "texture": "#0"}
			}
		},
		{
			"name": "dyable",
			"from": [1, 18, 5],
			"to": [15, 29, 15],
			"rotation": {"angle": 0, "axis": "y", "origin": [1, 0, 1]},
			"faces": {
				"north": {"uv": [0, 6.875, 1.75, 8.25], "texture": "#0"},
				"east": {"uv": [1.75, 0.375, 3, 1.75], "texture": "#0"},
				"south": {"uv": [0, 0.375, 1.75, 1.75], "texture": "#0"},
				"west": {"uv": [3, 0.375, 1.75, 1.75], "texture": "#0"},
				"up": {"uv": [5.25, 4, 3.5, 2.75], "texture": "#0"},
				"down": {"uv": [5.25, 2.75, 3.5, 4], "texture": "#0"}
			}
		},
		{
			"name": "dyable",
			"from": [1, 29, 0],
			"to": [15, 32, 15],
			"rotation": {"angle": 0, "axis": "y", "origin": [1, 16, 1]},
			"faces": {
				"north": {"uv": [1.75, 4, 3.5, 4.375], "texture": "#0"},
				"east": {"uv": [1.75, 0, 3.625, 0.375], "texture": "#0"},
				"south": {"uv": [0, 0, 1.75, 0.375], "texture": "#0"},
				"west": {"uv": [3.625, 0, 1.75, 0.375], "texture": "#0"},
				"up": {"uv": [1.75, 5.875, 0, 4], "texture": "#0"},
				"down": {"uv": [1.75, 4, 0, 5.875], "texture": "#0"}
			}
		},
		{
			"name": "dyable",
			"from": [14, 18, 3],
			"to": [15, 29, 5],
			"rotation": {"angle": 0, "axis": "y", "origin": [13, -2, 2]},
			"faces": {
				"north": {"uv": [1.75, 5.875, 3.125, 6], "rotation": 90, "texture": "#0"},
				"east": {"uv": [3, 0.375, 3.25, 1.75], "texture": "#0"},
				"south": {"uv": [3.5, 2.75, 3.625, 4.125], "texture": "#0"},
				"west": {"uv": [1.75, 5.75, 3.125, 6], "rotation": 90, "texture": "#0"},
				"up": {"uv": [3.625, 3, 3.5, 2.75], "texture": "#0"},
				"down": {"uv": [3.625, 2.75, 3.5, 3], "texture": "#0"}
			}
		},
		{
			"name": "dyable",
			"from": [1, 18, 3],
			"to": [2, 29, 5],
			"rotation": {"angle": 0, "axis": "y", "origin": [0, -2, 2]},
			"faces": {
				"north": {"uv": [1.75, 5.875, 3.125, 6], "rotation": 90, "texture": "#0"},
				"east": {"uv": [1.75, 6, 3.125, 5.75], "rotation": 90, "texture": "#0"},
				"south": {"uv": [3.5, 2.75, 3.625, 4.125], "texture": "#0"},
				"west": {"uv": [3.25, 0.375, 3, 1.75], "texture": "#0"},
				"up": {"uv": [4.75, 4.625, 4.625, 4.375], "texture": "#0"},
				"down": {"uv": [3.625, 2.75, 3.5, 3], "texture": "#0"}
			}
		},
		{
			"from": [10.25, 18.5, 1],
			"to": [10.75, 20, 1.5],
			"rotation": {"angle": 0, "axis": "y", "origin": [10, 20, 1]},
			"faces": {
				"north": {"uv": [3.25, 1.5, 3.375, 1.75], "texture": "#0"},
				"east": {"uv": [3.25, 1.5, 3.375, 1.75], "texture": "#0"},
				"south": {"uv": [3.25, 1.5, 3.375, 1.75], "texture": "#0"},
				"west": {"uv": [3.25, 1.5, 3.375, 1.75], "texture": "#0"},
				"up": {"uv": [3.625, 2.875, 3.5, 2.75], "texture": "#0"},
				"down": {"uv": [4.75, 2.75, 4.625, 2.875], "texture": "#0"}
			}
		},
		{
			"from": [10, 20, 0.75],
			"to": [11, 21, 1.75],
			"rotation": {"angle": 0, "axis": "y", "origin": [10, 20, 1]},
			"faces": {
				"north": {"uv": [3.25, 1.375, 3.375, 1.5], "texture": "#0"},
				"east": {"uv": [3.25, 1.375, 3.375, 1.5], "texture": "#0"},
				"south": {"uv": [3.25, 1.375, 3.375, 1.5], "texture": "#0"},
				"west": {"uv": [3.25, 1.375, 3.375, 1.5], "texture": "#0"},
				"up": {"uv": [3.375, 1.5, 3.25, 1.375], "texture": "#0"},
				"down": {"uv": [3.375, 1.375, 3.25, 1.5], "texture": "#0"}
			}
		},
		{
			"from": [6, 19, 1.6],
			"to": [7, 19.75, 2.6],
			"rotation": {"angle": -22.5, "axis": "x", "origin": [6.5, 19.5, 2.5]},
			"faces": {
				"north": {"uv": [3.375, 1.375, 3.5, 1.5], "texture": "#0"},
				"east": {"uv": [3.375, 1.375, 3.5, 1.5], "texture": "#0"},
				"south": {"uv": [3.375, 1.375, 3.5, 1.5], "texture": "#0"},
				"west": {"uv": [3.375, 1.375, 3.5, 1.5], "texture": "#0"},
				"up": {"uv": [3.5, 1.5, 3.375, 1.375], "texture": "#0"},
				"down": {"uv": [3.625, 2.75, 3.5, 2.875], "texture": "#0"}
			}
		},
		{
			"from": [4, 19, 0.6],
			"to": [5, 19.35, 1.6],
			"rotation": {"angle": -22.5, "axis": "x", "origin": [4.5, 19.5, 1.5]},
			"faces": {
				"north": {"uv": [3.375, 1.5, 3.5, 1.625], "texture": "#0"},
				"east": {"uv": [3.5, 2.75, 3.625, 2.875], "texture": "#0"},
				"south": {"uv": [3.375, 1.5, 3.5, 1.625], "texture": "#0"},
				"west": {"uv": [3.375, 1.5, 3.5, 1.625], "texture": "#0"},
				"up": {"uv": [3.5, 1.625, 3.375, 1.5], "texture": "#0"},
				"down": {"uv": [3.625, 2.75, 3.5, 2.875], "texture": "#0"}
			}
		},
		{
			"name": "screen only",
			"from": [1, 18, 5],
			"to": [15, 29, 5],
			"rotation": {"angle": 0, "axis": "y", "origin": [1, 0, 1]},
			"faces": {
				"north": {"uv": [1.75, 4.375, 3.5, 5.75], "texture": "#0"},
				"east": {"uv": [1.75, 0.375, 3, 1.75], "texture": "#0"},
				"south": {"uv": [0, 0.375, 1.75, 1.75], "texture": "#0"},
				"west": {"uv": [3, 0.375, 1.75, 1.75], "texture": "#0"},
				"up": {"uv": [5.25, 4, 3.5, 2.75], "texture": "#0"},
				"down": {"uv": [5.25, 2.75, 3.5, 4], "texture": "#0"}
			}
		},
		{
			"from": [3, 8, 0.5],
			"to": [6, 10, 1.5],
			"rotation": {"angle": 0, "axis": "y", "origin": [7, 5, 0]},
			"faces": {
				"north": {"uv": [4.25, 2.25, 4.625, 2.5], "texture": "#0"},
				"east": {"uv": [4.25, 2.25, 4.375, 2.5], "texture": "#0"},
				"south": {"uv": [3.5, 2.75, 3.875, 3], "texture": "#0"},
				"west": {"uv": [4.5, 2.25, 4.625, 2.5], "texture": "#0"},
				"up": {"uv": [4.625, 2.375, 4.25, 2.25], "texture": "#0"},
				"down": {"uv": [4.625, 2.375, 4.25, 2.5], "texture": "#0"}
			}
		},
		{
			"from": [7, 7, 0.5],
			"to": [13, 11, 1.5],
			"rotation": {"angle": 0, "axis": "y", "origin": [11, 4, 0]},
			"faces": {
				"north": {"uv": [3.5, 2.25, 4.25, 2.75], "texture": "#0"},
				"east": {"uv": [3.5, 2.25, 3.625, 2.75], "texture": "#0"},
				"south": {"uv": [3.5, 2.75, 4.25, 3.25], "texture": "#0"},
				"west": {"uv": [4.125, 2.25, 4.25, 2.75], "texture": "#0"},
				"up": {"uv": [4.25, 2.375, 3.5, 2.25], "texture": "#0"},
				"down": {"uv": [4.25, 2.625, 3.5, 2.75], "texture": "#0"}
			}
		}
	],
	"display": {
		"thirdperson_righthand": {
			"scale": [0.25, 0.25, 0.25]
		},
		"thirdperson_lefthand": {
			"scale": [0.25, 0.25, 0.25]
		},
		"firstperson_righthand": {
			"rotation": [0, 90, 0],
			"scale": [0.35, 0.35, 0.35]
		},
		"firstperson_lefthand": {
			"rotation": [0, 90, 0],
			"scale": [0.35, 0.35, 0.35]
		},
		"ground": {
			"translation": [0, 1.75, 0],
			"scale": [0.25, 0.25, 0.25]
		},
		"gui": {
			"rotation": [20, 160, 0],
			"translation": [0, -3.25, 0],
			"scale": [0.42, 0.42, 0.42]
		},
		"head": {
			"translation": [0, 14, 0]
		},
		"fixed": {
			"rotation": [-90, 0, 0],
			"translation": [0, 0, -16],
			"scale": [2, 2, 2]
		}
	},
	"groups": [
		{
			"name": "dyable",
			"origin": [0, -2, 2],
			"color": 0,
			"children": [0, 1, 2, 3, 4, 5, 6]
		},
		{
			"name": "controls",
			"origin": [8, 8, 8],
			"color": 0,
			"children": [7, 8, 9, 10]
		},
		11,
		12,
		13
	]
}