{
	"credit": "Made with Blockbench",
	"texture_size": [64, 32],
	"textures": {
		"0": "./ghast_flying_shooting",
		"particle": "./ghast_flying_shooting"
	},
	"elements": [
		{
			"name": "body",
			"from": [0, 12, 0],
			"to": [16, 28, 16],
			"faces": {
				"north": {"uv": [4, 8, 8, 16], "texture": "#0"},
				"east": {"uv": [0, 8, 4, 16], "texture": "#0"},
				"south": {"uv": [12, 8, 16, 16], "texture": "#0"},
				"west": {"uv": [8, 8, 12, 16], "texture": "#0"},
				"up": {"uv": [8, 8, 4, 0], "texture": "#0"},
				"down": {"uv": [12, 0, 8, 8], "texture": "#0"}
			}
		},
		{
			"name": "tentacle1",
			"from": [10.7, 5, 2],
			"to": [12.7, 13, 4],
			"rotation": {"angle": -22.5, "axis": "x", "origin": [11.7, 12, 3]},
			"faces": {
				"north": {"uv": [0.5, 1, 1, 5], "texture": "#0"},
				"east": {"uv": [0, 1, 0.5, 5], "texture": "#0"},
				"south": {"uv": [1.5, 1, 2, 5], "texture": "#0"},
				"west": {"uv": [1, 1, 1.5, 5], "texture": "#0"},
				"up": {"uv": [1, 1, 0.5, 0], "texture": "#0"},
				"down": {"uv": [1.5, 0, 1, 1], "texture": "#0"}
			}
		},
		{
			"name": "tentacle2",
			"from": [0.7, 4, 2],
			"to": [2.7, 13, 4],
			"rotation": {"angle": -22.5, "axis": "x", "origin": [1.7, 12, 3]},
			"faces": {
				"north": {"uv": [0.5, 1, 1, 5.5], "texture": "#0"},
				"east": {"uv": [0, 1, 0.5, 5.5], "texture": "#0"},
				"south": {"uv": [1.5, 1, 2, 5.5], "texture": "#0"},
				"west": {"uv": [1, 1, 1.5, 5.5], "texture": "#0"},
				"up": {"uv": [1, 1, 0.5, 0], "texture": "#0"},
				"down": {"uv": [1.5, 0, 1, 1], "texture": "#0"}
			}
		},
		{
			"name": "tentacle3",
			"from": [5.7, 0, 2],
			"to": [7.7, 13, 4],
			"rotation": {"angle": -22.5, "axis": "x", "origin": [6.7, 12, 3]},
			"faces": {
				"north": {"uv": [0.5, 1, 1, 7.5], "texture": "#0"},
				"east": {"uv": [0, 1, 0.5, 7.5], "texture": "#0"},
				"south": {"uv": [1.5, 1, 2, 7.5], "texture": "#0"},
				"west": {"uv": [1, 1, 1.5, 7.5], "texture": "#0"},
				"up": {"uv": [1, 1, 0.5, 0], "texture": "#0"},
				"down": {"uv": [1.5, 0, 1, 1], "texture": "#0"}
			}
		},
		{
			"name": "tentacle4",
			"from": [13.3, 2, 7],
			"to": [15.3, 13, 9],
			"rotation": {"angle": -22.5, "axis": "x", "origin": [14.3, 12, 8]},
			"faces": {
				"north": {"uv": [0.5, 1, 1, 6.5], "texture": "#0"},
				"east": {"uv": [0, 1, 0.5, 6.5], "texture": "#0"},
				"south": {"uv": [1.5, 1, 2, 6.5], "texture": "#0"},
				"west": {"uv": [1, 1, 1.5, 6.5], "texture": "#0"},
				"up": {"uv": [1, 1, 0.5, 0], "texture": "#0"},
				"down": {"uv": [1.5, 0, 1, 1], "texture": "#0"}
			}
		},
		{
			"name": "tentacle5",
			"from": [8.3, 2, 7],
			"to": [10.3, 13, 9],
			"rotation": {"angle": -22.5, "axis": "x", "origin": [9.3, 12, 8]},
			"faces": {
				"north": {"uv": [0.5, 1, 1, 6.5], "texture": "#0"},
				"east": {"uv": [0, 1, 0.5, 6.5], "texture": "#0"},
				"south": {"uv": [1.5, 1, 2, 6.5], "texture": "#0"},
				"west": {"uv": [1, 1, 1.5, 6.5], "texture": "#0"},
				"up": {"uv": [1, 1, 0.5, 0], "texture": "#0"},
				"down": {"uv": [1.5, 0, 1, 1], "texture": "#0"}
			}
		},
		{
			"name": "tentacle6",
			"from": [3.3, 3, 7],
			"to": [5.3, 13, 9],
			"rotation": {"angle": -22.5, "axis": "x", "origin": [4.3, 12, 8]},
			"faces": {
				"north": {"uv": [0.5, 1, 1, 6], "texture": "#0"},
				"east": {"uv": [0, 1, 0.5, 6], "texture": "#0"},
				"south": {"uv": [1.5, 1, 2, 6], "texture": "#0"},
				"west": {"uv": [1, 1, 1.5, 6], "texture": "#0"},
				"up": {"uv": [1, 1, 0.5, 0], "texture": "#0"},
				"down": {"uv": [1.5, 0, 1, 1], "texture": "#0"}
			}
		},
		{
			"name": "tentacle7",
			"from": [10.7, 1, 12],
			"to": [12.7, 13, 14],
			"rotation": {"angle": -22.5, "axis": "x", "origin": [11.7, 12, 13]},
			"faces": {
				"north": {"uv": [0.5, 1, 1, 7], "texture": "#0"},
				"east": {"uv": [0, 1, 0.5, 7], "texture": "#0"},
				"south": {"uv": [1.5, 1, 2, 7], "texture": "#0"},
				"west": {"uv": [1, 1, 1.5, 7], "texture": "#0"},
				"up": {"uv": [1, 1, 0.5, 0], "texture": "#0"},
				"down": {"uv": [1.5, 0, 1, 1], "texture": "#0"}
			}
		},
		{
			"name": "tentacle8",
			"from": [0.7, 1, 12],
			"to": [2.7, 13, 14],
			"rotation": {"angle": -22.5, "axis": "x", "origin": [1.7, 12, 13]},
			"faces": {
				"north": {"uv": [0.5, 1, 1, 7], "texture": "#0"},
				"east": {"uv": [0, 1, 0.5, 7], "texture": "#0"},
				"south": {"uv": [1.5, 1, 2, 7], "texture": "#0"},
				"west": {"uv": [1, 1, 1.5, 7], "texture": "#0"},
				"up": {"uv": [1, 1, 0.5, 0], "texture": "#0"},
				"down": {"uv": [1.5, 0, 1, 1], "texture": "#0"}
			}
		},
		{
			"name": "tentacle9",
			"from": [5.7, 4, 12],
			"to": [7.7, 13, 14],
			"rotation": {"angle": -22.5, "axis": "x", "origin": [6.7, 12, 13]},
			"faces": {
				"north": {"uv": [0.5, 1, 1, 5.5], "texture": "#0"},
				"east": {"uv": [0, 1, 0.5, 5.5], "texture": "#0"},
				"south": {"uv": [1.5, 1, 2, 5.5], "texture": "#0"},
				"west": {"uv": [1, 1, 1.5, 5.5], "texture": "#0"},
				"up": {"uv": [1, 1, 0.5, 0], "texture": "#0"},
				"down": {"uv": [1.5, 0, 1, 1], "texture": "#0"}
			}
		}
	],
	"display": {
		"thirdperson_righthand": {
			"rotation": [75, 45, 0],
			"translation": [0.5, 0.75, 1.75],
			"scale": [0.2, 0.2, 0.2]
		},
		"thirdperson_lefthand": {
			"rotation": [75, 45, 0],
			"translation": [0, 2.5, 0],
			"scale": [0.375, 0.375, 0.375]
		},
		"firstperson_righthand": {
			"rotation": [0, 45, 0],
			"translation": [0.5, 2, 1.25],
			"scale": [0.2, 0.2, 0.2]
		},
		"firstperson_lefthand": {
			"rotation": [0, 225, 0],
			"translation": [0, 4.5, 0],
			"scale": [0.4, 0.4, 0.4]
		},
		"ground": {
			"translation": [0, 3, 0],
			"scale": [0.3, 0.3, 0.3]
		},
		"gui": {
			"rotation": [30, 225, 0],
			"translation": [0.5, -3, 0],
			"scale": [0.4, 0.4, 0.4]
		},
		"head": {
			"translation": [0, 11.15, -1.5],
			"scale": [0.6, 0.6, 0.6]
		},
		"fixed": {
			"rotation": [-90, 0, 0],
			"translation": [0, -2.5, -5],
			"scale": [0.6, 0.6, 0.6]
		}
	}
}