{
	"credit": "Made with Blockbench",
	"texture_size": [64, 32],
	"textures": {
		"0": "./wolf_sitting",
		"particle": "./wolf_sitting"
	},
	"elements": [
		{
			"name": "head",
			"from": [5, 6.5, -0.5],
			"to": [11, 12.5, 3.5],
			"rotation": {"angle": 0, "axis": "y", "origin": [8, -1, 8.5]},
			"faces": {
				"north": {"uv": [1, 2, 2.5, 5], "texture": "#0"},
				"east": {"uv": [0, 2, 1, 5], "texture": "#0"},
				"south": {"uv": [3.5, 2, 5, 5], "texture": "#0"},
				"west": {"uv": [2.5, 2, 3.5, 5], "texture": "#0"},
				"up": {"uv": [2.5, 2, 1, 0], "texture": "#0"},
				"down": {"uv": [4, 0, 2.5, 2], "texture": "#0"}
			}
		},
		{
			"name": "head",
			"from": [5, 12.5, 1.5],
			"to": [7, 14.5, 2.5],
			"rotation": {"angle": 0, "axis": "y", "origin": [8, -1, 8.5]},
			"faces": {
				"north": {"uv": [4.25, 7.5, 4.75, 8.5], "texture": "#0"},
				"east": {"uv": [4, 7.5, 4.25, 8.5], "texture": "#0"},
				"south": {"uv": [5, 7.5, 5.5, 8.5], "texture": "#0"},
				"west": {"uv": [4.75, 7.5, 5, 8.5], "texture": "#0"},
				"up": {"uv": [4.75, 7.5, 4.25, 7], "texture": "#0"},
				"down": {"uv": [5.25, 7, 4.75, 7.5], "texture": "#0"}
			}
		},
		{
			"name": "head",
			"from": [9, 12.5, 1.5],
			"to": [11, 14.5, 2.5],
			"rotation": {"angle": 0, "axis": "y", "origin": [8, -1, 8.5]},
			"faces": {
				"north": {"uv": [4.25, 7.5, 4.75, 8.5], "texture": "#0"},
				"east": {"uv": [4, 7.5, 4.25, 8.5], "texture": "#0"},
				"south": {"uv": [5, 7.5, 5.5, 8.5], "texture": "#0"},
				"west": {"uv": [4.75, 7.5, 5, 8.5], "texture": "#0"},
				"up": {"uv": [4.75, 7.5, 4.25, 7], "texture": "#0"},
				"down": {"uv": [5.25, 7, 4.75, 7.5], "texture": "#0"}
			}
		},
		{
			"name": "head",
			"from": [6.5, 6.52, -3.5],
			"to": [9.5, 9.52, 0.5],
			"rotation": {"angle": 0, "axis": "y", "origin": [8, -1, 8.5]},
			"faces": {
				"north": {"uv": [1, 7, 1.75, 8.5], "texture": "#0"},
				"east": {"uv": [0, 7, 1, 8.5], "texture": "#0"},
				"south": {"uv": [2.75, 7, 3.5, 8.5], "texture": "#0"},
				"west": {"uv": [1.75, 7, 2.75, 8.5], "texture": "#0"},
				"up": {"uv": [1.75, 7, 1, 5], "texture": "#0"},
				"down": {"uv": [2.5, 5, 1.75, 7], "texture": "#0"}
			}
		},
		{
			"name": "body_rotation",
			"from": [5, -7.5, 5],
			"to": [11, 1.5, 11],
			"rotation": {"angle": -45, "axis": "x", "origin": [8, 3, 1]},
			"faces": {
				"north": {"uv": [6, 10, 7.5, 14.5], "texture": "#0"},
				"east": {"uv": [4.5, 10, 6, 14.5], "texture": "#0"},
				"south": {"uv": [9, 10, 10.5, 14.5], "texture": "#0"},
				"west": {"uv": [7.5, 10, 9, 14.5], "texture": "#0"},
				"up": {"uv": [9, 10, 7.5, 7], "texture": "#0"},
				"down": {"uv": [9, 7, 7.5, 10], "texture": "#0"}
			}
		},
		{
			"name": "mane_rotation",
			"from": [4, 4.5, -1],
			"to": [12, 11.5, 5],
			"rotation": {"angle": 22.5, "axis": "x", "origin": [8, -1, 4]},
			"faces": {
				"north": {"uv": [9, 3.5, 7, 0], "rotation": 180, "texture": "#0"},
				"east": {"uv": [5.25, 3.5, 7, 6.5], "rotation": 90, "texture": "#0"},
				"south": {"uv": [11, 0, 9, 3.5], "texture": "#0"},
				"west": {"uv": [9, 3.5, 10.75, 6.5], "rotation": 270, "texture": "#0"},
				"up": {"uv": [10.75, 3.5, 12.75, 6.5], "texture": "#0"},
				"down": {"uv": [7, 3.5, 9, 6.5], "rotation": 180, "texture": "#0"}
			}
		},
		{
			"name": "leg1",
			"from": [8.9, 0, 3],
			"to": [10.9, 2, 11],
			"rotation": {"angle": 0, "axis": "x", "origin": [8, -1, 8.5]},
			"faces": {
				"north": {"uv": [1.5, 9, 1, 10], "rotation": 180, "texture": "#0"},
				"east": {"uv": [0, 10, 0.5, 14], "rotation": 270, "texture": "#0"},
				"south": {"uv": [1, 10, 0.5, 9], "texture": "#0"},
				"west": {"uv": [1, 10, 1.5, 14], "rotation": 90, "texture": "#0"},
				"up": {"uv": [0.5, 10, 1, 14], "rotation": 180, "texture": "#0"},
				"down": {"uv": [1.5, 10, 2, 14], "texture": "#0"}
			}
		},
		{
			"name": "leg2",
			"from": [5.1, 0, 3],
			"to": [7.1, 2, 11],
			"rotation": {"angle": 0, "axis": "x", "origin": [8, -1, 8.5]},
			"faces": {
				"north": {"uv": [1.5, 9, 1, 10], "rotation": 180, "texture": "#0"},
				"east": {"uv": [0, 10, 0.5, 14], "rotation": 270, "texture": "#0"},
				"south": {"uv": [1, 10, 0.5, 9], "texture": "#0"},
				"west": {"uv": [1, 10, 1.5, 14], "rotation": 90, "texture": "#0"},
				"up": {"uv": [0.5, 10, 1, 14], "rotation": 180, "texture": "#0"},
				"down": {"uv": [1.5, 10, 2, 14], "texture": "#0"}
			}
		},
		{
			"name": "leg3",
			"from": [8.9, -3.5, 0.5],
			"to": [10.9, 4.5, 2.5],
			"rotation": {"angle": 22.5, "axis": "x", "origin": [8, -1, 8.5]},
			"faces": {
				"north": {"uv": [0.5, 10, 1, 14], "texture": "#0"},
				"east": {"uv": [0, 10, 0.5, 14], "texture": "#0"},
				"south": {"uv": [1.5, 10, 2, 14], "texture": "#0"},
				"west": {"uv": [1, 10, 1.5, 14], "texture": "#0"},
				"up": {"uv": [1, 10, 0.5, 9], "texture": "#0"},
				"down": {"uv": [1.5, 9, 1, 10], "texture": "#0"}
			}
		},
		{
			"name": "leg4",
			"from": [5.1, -3.5, 0.5],
			"to": [7.1, 4.5, 2.5],
			"rotation": {"angle": 22.5, "axis": "x", "origin": [8, -1, 8.5]},
			"faces": {
				"north": {"uv": [0.5, 10, 1, 14], "texture": "#0"},
				"east": {"uv": [0, 10, 0.5, 14], "texture": "#0"},
				"south": {"uv": [1.5, 10, 2, 14], "texture": "#0"},
				"west": {"uv": [1, 10, 1.5, 14], "texture": "#0"},
				"up": {"uv": [1, 10, 0.5, 9], "texture": "#0"},
				"down": {"uv": [1.5, 9, 1, 10], "texture": "#0"}
			}
		},
		{
			"name": "tail",
			"from": [7, 1.3, 14.2],
			"to": [9, 3.3, 22.2],
			"rotation": {"angle": 0, "axis": "x", "origin": [8, 3, -0.8]},
			"faces": {
				"north": {"uv": [3.25, 10, 2.75, 9], "rotation": 180, "texture": "#0"},
				"east": {"uv": [2.25, 10, 2.75, 14], "rotation": 90, "texture": "#0"},
				"south": {"uv": [3.75, 9, 3.25, 10], "texture": "#0"},
				"west": {"uv": [3.25, 10, 3.75, 14], "rotation": 270, "texture": "#0"},
				"up": {"uv": [3.75, 10, 4.25, 14], "texture": "#0"},
				"down": {"uv": [2.75, 10, 3.25, 14], "rotation": 180, "texture": "#0"}
			}
		}
	],
	"display": {
		"thirdperson_righthand": {
			"rotation": [75, 45, 0],
			"translation": [0.25, 0.75, 3.25],
			"scale": [0.4, 0.4, 0.4]
		},
		"thirdperson_lefthand": {
			"rotation": [75, 45, 0],
			"translation": [0, 2.5, 0],
			"scale": [0.375, 0.375, 0.375]
		},
		"firstperson_righthand": {
			"rotation": [0, 45, 0],
			"translation": [0, 3.75, 1.25],
			"scale": [0.4, 0.4, 0.4]
		},
		"firstperson_lefthand": {
			"rotation": [0, 225, 0],
			"translation": [0, 4.5, 0],
			"scale": [0.4, 0.4, 0.4]
		},
		"ground": {
			"translation": [0, 3, 0],
			"scale": [0.4, 0.4, 0.4]
		},
		"gui": {
			"rotation": [30, 225, 0],
			"translation": [0, 2.75, 0],
			"scale": [0.65, 0.65, 0.65]
		},
		"head": {
			"translation": [0, 12.75, 0.5],
			"scale": [0.8, 0.8, 0.8]
		},
		"fixed": {
			"rotation": [-90, 0, 0],
			"translation": [0, 0.5, -14.75],
			"scale": [1.73, 1.73, 1.73]
		}
	}
}