{
	"format_version": "1.21.6",
	"textures": {
		"0": "crate",
		"1": "purple_lava_still",
		"2": "eyes",
		"particle": "crate"
	},
	"elements": [
		{
			"from": [0, 1, 0],
			"to": [16, 3, 16],
			"rotation": {"angle": 0, "axis": "y", "origin": [0, 1, 0]},
			"faces": {
				"north": {"uv": [0.5, 8, 4.5, 7.5], "texture": "#0"},
				"east": {"uv": [0.5, 8, 4.5, 7.5], "texture": "#0"},
				"south": {"uv": [0.5, 8, 4.5, 7.5], "texture": "#0"},
				"west": {"uv": [0.5, 8, 4.5, 7.5], "texture": "#0"},
				"down": {"uv": [4.5, 0.5, 0.5, 4.5], "texture": "#0"}
			}
		},
		{
			"from": [-2, 3, -2],
			"to": [18, 15, 18],
			"rotation": {"angle": 0, "axis": "y", "origin": [0, 3, 0]},
			"faces": {
				"north": {"uv": [0, 5, 5, 8], "texture": "#0"},
				"east": {"uv": [0, 5, 5, 8], "texture": "#0"},
				"south": {"uv": [0, 5, 5, 8], "texture": "#0"},
				"west": {"uv": [0, 5, 5, 8], "texture": "#0"},
				"up": {"uv": [5, 5, 0, 0], "texture": "#0"},
				"down": {"uv": [5, 0, 0, 5], "texture": "#0"}
			}
		},
		{
			"from": [0, 15, 0],
			"to": [16, 17, 16],
			"rotation": {"angle": 0, "axis": "y", "origin": [0, 3, 0]},
			"faces": {
				"north": {"uv": [0.5, 5.75, 4.5, 5.25], "texture": "#0"},
				"east": {"uv": [0.5, 5.75, 4.5, 5.25], "texture": "#0"},
				"south": {"uv": [0.5, 5.75, 4.5, 5.25], "texture": "#0"},
				"west": {"uv": [0.5, 5.75, 4.5, 5.25], "texture": "#0"}
			}
		},
		{
			"from": [1, 17, 15],
			"to": [17, 20, 17],
			"rotation": {"angle": 0, "axis": "y", "origin": [0, 3, 1]},
			"faces": {
				"north": {"uv": [0.5, 8, 4.5, 8.75], "texture": "#0"},
				"east": {"uv": [0, 8, 0.5, 8.75], "texture": "#0"},
				"south": {"uv": [0.5, 8, 4.5, 8.75], "texture": "#0"},
				"west": {"uv": [0.5, 14.25, 1, 15], "texture": "#0"},
				"up": {"uv": [0.5, 8.5, 4.5, 8], "rotation": 180, "texture": "#0"},
				"down": {"uv": [4.5, 8.75, 0.5, 8.5], "texture": "#0"}
			}
		},
		{
			"from": [15, 17, -1],
			"to": [17, 20, 15],
			"rotation": {"angle": 0, "axis": "y", "origin": [0, 3, 1]},
			"faces": {
				"north": {"uv": [0, 8, 0.5, 8.75], "texture": "#0"},
				"east": {"uv": [0.5, 8, 4.5, 8.75], "texture": "#0"},
				"south": {"uv": [1.5, 14.25, 2, 15], "texture": "#0"},
				"west": {"uv": [0.5, 8, 4.5, 8.75], "texture": "#0"},
				"up": {"uv": [0.5, 8.5, 4.5, 8], "rotation": 90, "texture": "#0"},
				"down": {"uv": [0.5, 8.75, 4.5, 8.5], "rotation": 90, "texture": "#0"}
			}
		},
		{
			"from": [-1, 17, -1],
			"to": [15, 20, 1],
			"rotation": {"angle": 0, "axis": "y", "origin": [-2, 3, -15]},
			"faces": {
				"north": {"uv": [0.5, 8, 4.5, 8.75], "texture": "#0"},
				"east": {"uv": [2, 14.25, 2.5, 15], "texture": "#0"},
				"south": {"uv": [0.5, 8, 4.5, 8.75], "texture": "#0"},
				"west": {"uv": [0, 8, 0.5, 8.75], "texture": "#0"},
				"up": {"uv": [0.5, 8.5, 4.5, 8], "texture": "#0"},
				"down": {"uv": [4.5, 8.5, 0.5, 8.75], "texture": "#0"}
			}
		},
		{
			"from": [-1, 17, 1],
			"to": [1, 20, 17],
			"rotation": {"angle": 0, "axis": "y", "origin": [-16, 3, 3]},
			"faces": {
				"north": {"uv": [3, 14.25, 3.5, 15], "texture": "#0"},
				"east": {"uv": [0.5, 8, 4.5, 8.75], "texture": "#0"},
				"south": {"uv": [0, 8, 0.5, 8.75], "texture": "#0"},
				"west": {"uv": [0.5, 8, 4.5, 8.75], "texture": "#0"},
				"up": {"uv": [4.5, 8, 0.5, 8.5], "rotation": 90, "texture": "#0"},
				"down": {"uv": [0.5, 8.5, 4.5, 8.75], "rotation": 90, "texture": "#0"}
			}
		},
		{
			"from": [-1, 0, -1],
			"to": [1, 2, 1],
			"faces": {
				"north": {"uv": [4.5, 8, 5, 8.5], "texture": "#0"},
				"east": {"uv": [4.5, 8, 5, 8.5], "texture": "#0"},
				"south": {"uv": [4.5, 8, 5, 8.5], "texture": "#0"},
				"west": {"uv": [4.5, 8, 5, 8.5], "texture": "#0"},
				"up": {"uv": [4.75, 8.25, 4.5, 8], "texture": "#0"},
				"down": {"uv": [5, 8.5, 4.5, 9], "texture": "#0"}
			}
		},
		{
			"from": [-1, 0, 15],
			"to": [1, 2, 17],
			"rotation": {"angle": 0, "axis": "y", "origin": [0, 0, 16]},
			"faces": {
				"north": {"uv": [4.5, 8, 5, 8.5], "texture": "#0"},
				"east": {"uv": [4.5, 8, 5, 8.5], "texture": "#0"},
				"south": {"uv": [4.5, 8, 5, 8.5], "texture": "#0"},
				"west": {"uv": [4.5, 8, 5, 8.5], "texture": "#0"},
				"up": {"uv": [4.75, 8.25, 4.5, 8], "texture": "#0"},
				"down": {"uv": [5, 8.5, 4.5, 9], "texture": "#0"}
			}
		},
		{
			"from": [15, 0, 15],
			"to": [17, 2, 17],
			"rotation": {"angle": 0, "axis": "y", "origin": [16, 0, 16]},
			"faces": {
				"north": {"uv": [4.5, 8, 5, 8.5], "texture": "#0"},
				"east": {"uv": [4.5, 8, 5, 8.5], "texture": "#0"},
				"south": {"uv": [4.5, 8, 5, 8.5], "texture": "#0"},
				"west": {"uv": [4.5, 8, 5, 8.5], "texture": "#0"},
				"up": {"uv": [4.75, 8.25, 4.5, 8], "texture": "#0"},
				"down": {"uv": [5, 8.5, 4.5, 9], "texture": "#0"}
			}
		},
		{
			"from": [15, 0, -1],
			"to": [17, 2, 1],
			"rotation": {"angle": 0, "axis": "y", "origin": [16, 0, 0]},
			"faces": {
				"north": {"uv": [4.5, 8, 5, 8.5], "texture": "#0"},
				"east": {"uv": [4.5, 8, 5, 8.5], "texture": "#0"},
				"south": {"uv": [4.5, 8, 5, 8.5], "texture": "#0"},
				"west": {"uv": [4.5, 8, 5, 8.5], "texture": "#0"},
				"up": {"uv": [4.75, 8.25, 4.5, 8], "texture": "#0"},
				"down": {"uv": [5, 8.5, 4.5, 9], "texture": "#0"}
			}
		},
		{
			"from": [-3.75, 10.75, 5],
			"to": [-1.75, 12.75, 6],
			"rotation": {"angle": -45, "axis": "z", "origin": [-2.75, 11, 8]},
			"faces": {
				"north": {"uv": [5, 1, 5.5, 1.5], "texture": "#0"},
				"east": {"uv": [6.5, 14.75, 6.75, 15.25], "texture": "#0"},
				"south": {"uv": [5.5, 0, 5, 0.5], "texture": "#0"},
				"west": {"uv": [5.25, 0.5, 5.5, 1], "texture": "#0"},
				"down": {"uv": [5, 1.5, 5.25, 1], "rotation": 90, "texture": "#0"}
			}
		},
		{
			"from": [-3.75, 10.75, 10],
			"to": [-1.75, 12.75, 11],
			"rotation": {"angle": -45, "axis": "z", "origin": [-2.75, 11, 8]},
			"faces": {
				"north": {"uv": [5, 0.5, 5.5, 1], "texture": "#0"},
				"east": {"uv": [0, 15, 0.25, 15.5], "texture": "#0"},
				"south": {"uv": [5.5, 1, 5, 1.5], "texture": "#0"},
				"west": {"uv": [5.25, 0.5, 5.5, 1], "texture": "#0"},
				"down": {"uv": [5, 1.25, 5.25, 0.75], "rotation": 90, "texture": "#0"}
			}
		},
		{
			"from": [-3.75, 9.75, 5],
			"to": [-1.75, 10.75, 11],
			"rotation": {"angle": -45, "axis": "z", "origin": [-2.75, 11, 8]},
			"faces": {
				"north": {"uv": [5, 0, 5.5, 0.25], "texture": "#0"},
				"east": {"uv": [5, 0, 5.25, 1.5], "rotation": 90, "texture": "#0"},
				"south": {"uv": [5.5, 1.25, 5, 1.5], "texture": "#0"},
				"west": {"uv": [5.25, 0, 5.5, 1.5], "rotation": 90, "texture": "#0"},
				"up": {"uv": [5.5, 1.5, 5, 0], "texture": "#0"},
				"down": {"uv": [5.5, 0, 5, 1.5], "texture": "#0"}
			}
		},
		{
			"from": [17.75, 9.75, 5],
			"to": [19.75, 10.75, 11],
			"rotation": {"angle": 45, "axis": "z", "origin": [18.75, 11, 8]},
			"faces": {
				"north": {"uv": [5.5, 1.25, 5, 1.5], "texture": "#0"},
				"east": {"uv": [5.25, 0, 5.5, 1.5], "rotation": 90, "texture": "#0"},
				"south": {"uv": [5, 0, 5.5, 0.25], "texture": "#0"},
				"west": {"uv": [5, 0, 5.25, 1.5], "rotation": 90, "texture": "#0"},
				"up": {"uv": [5, 1.5, 5.5, 0], "texture": "#0"},
				"down": {"uv": [5, 0, 5.5, 1.5], "texture": "#0"}
			}
		},
		{
			"from": [17.75, 10.75, 5],
			"to": [19.75, 12.75, 6],
			"rotation": {"angle": 45, "axis": "z", "origin": [18.75, 11, 8]},
			"faces": {
				"north": {"uv": [5.5, 1, 5, 1.5], "texture": "#0"},
				"east": {"uv": [5.25, 1, 5.5, 1.5], "texture": "#0"},
				"south": {"uv": [5, 1, 5.5, 1.5], "texture": "#0"},
				"west": {"uv": [3.25, 15, 3.5, 15.5], "texture": "#0"},
				"down": {"uv": [5, 1, 5.25, 0.5], "rotation": 90, "texture": "#0"}
			}
		},
		{
			"from": [17.75, 10.75, 10],
			"to": [19.75, 12.75, 11],
			"rotation": {"angle": 45, "axis": "z", "origin": [18.75, 11, 8]},
			"faces": {
				"north": {"uv": [5.5, 0.75, 5, 1.25], "texture": "#0"},
				"east": {"uv": [5.25, 1, 5.5, 1.5], "texture": "#0"},
				"south": {"uv": [5, 1, 5.5, 1.5], "texture": "#0"},
				"west": {"uv": [15, 6.25, 15.25, 6.75], "texture": "#0"},
				"down": {"uv": [5, 1.25, 5.25, 0.75], "rotation": 90, "texture": "#0"}
			}
		},
		{
			"from": [0, 18.05, 0],
			"to": [16, 18.05, 16],
			"rotation": {"angle": 0, "axis": "y", "origin": [0, 7, 0]},
			"faces": {
				"north": {"uv": [0, 0, 16, 0], "texture": "#missing"},
				"east": {"uv": [0, 0, 16, 0], "texture": "#missing"},
				"south": {"uv": [0, 0, 16, 0], "texture": "#missing"},
				"west": {"uv": [0, 0, 16, 0], "texture": "#missing"},
				"up": {"uv": [0, 0, 16, 16], "texture": "#1"}
			}
		},
		{
			"from": [5.5, 9, -4],
			"to": [10.5, 13, -2],
			"rotation": {"angle": 0, "axis": "y", "origin": [8, 9, -3]},
			"faces": {
				"north": {"uv": [5, 1.5, 6.25, 2.5], "texture": "#0"},
				"east": {"uv": [6, 0.5, 5.5, 1.5], "texture": "#0"},
				"west": {"uv": [5.5, 0.5, 6, 1.5], "texture": "#0"},
				"up": {"uv": [5, 1.5, 6.25, 2], "texture": "#0"},
				"down": {"uv": [5, 2.25, 6.25, 2.5], "texture": "#0"}
			}
		},
		{
			"from": [8.5, 8, -4],
			"to": [9.5, 9, -3],
			"rotation": {"angle": 0, "axis": "x", "origin": [8, 9.7294, -4.34672]},
			"faces": {
				"north": {"uv": [5, 2.25, 5.25, 2.5], "texture": "#0"},
				"east": {"uv": [5, 2.25, 5.25, 2.5], "texture": "#0"},
				"south": {"uv": [5, 2.5, 5.25, 2.25], "texture": "#0"},
				"west": {"uv": [5, 2.25, 5.25, 2.5], "texture": "#0"},
				"up": {"uv": [0, 0, 0.375, 0.125], "texture": "#0"},
				"down": {"uv": [5, 2.25, 5.25, 2.5], "texture": "#0"}
			}
		},
		{
			"from": [6.5, 8, -4],
			"to": [7.5, 9, -3],
			"rotation": {"angle": 0, "axis": "y", "origin": [6, 9.7294, -4.34672]},
			"faces": {
				"north": {"uv": [5, 2.25, 5.25, 2.5], "texture": "#0"},
				"east": {"uv": [5, 2.25, 5.25, 2.5], "texture": "#0"},
				"south": {"uv": [5, 2.5, 5.25, 2.25], "texture": "#0"},
				"west": {"uv": [5, 2.25, 5.25, 2.5], "texture": "#0"},
				"up": {"uv": [0, 0, 0.375, 0.125], "texture": "#0"},
				"down": {"uv": [5, 2.25, 5.25, 2.5], "texture": "#0"}
			}
		},
		{
			"from": [2.5, 10, -3],
			"to": [5.5, 16, -3],
			"rotation": {"angle": 0, "axis": "y", "origin": [5, 13, -3]},
			"faces": {
				"north": {"uv": [5, 2.5, 5.75, 4.25], "texture": "#0"},
				"east": {"uv": [0, 0, 0, 5], "texture": "#missing"},
				"south": {"uv": [5.75, 2.5, 5, 4.25], "texture": "#0"},
				"west": {"uv": [0, 0, 0, 5], "texture": "#missing"},
				"up": {"uv": [0, 0, 3, 0], "texture": "#missing"},
				"down": {"uv": [0, 0, 3, 0], "texture": "#missing"}
			}
		},
		{
			"from": [10.5, 10, -3],
			"to": [13.5, 16, -3],
			"rotation": {"angle": 0, "axis": "y", "origin": [13, 13, -3]},
			"faces": {
				"north": {"uv": [5.75, 2.5, 5, 4.25], "texture": "#0"},
				"east": {"uv": [0, 0, 0, 5], "texture": "#missing"},
				"south": {"uv": [5, 2.5, 5.75, 4.25], "texture": "#0"},
				"west": {"uv": [0, 0, 0, 5], "texture": "#missing"},
				"up": {"uv": [0, 0, 3, 0], "texture": "#missing"},
				"down": {"uv": [0, 0, 3, 0], "texture": "#missing"}
			}
		},
		{
			"from": [9, 10, -4.05],
			"to": [10, 11, -4.05],
			"rotation": {"angle": 0, "axis": "y", "origin": [9, 1, -3]},
			"faces": {
				"north": {"uv": [0, 0, 1, 1], "texture": "#2"},
				"east": {"uv": [0, 0, 0, 1], "texture": "#2"},
				"south": {"uv": [0, 0, 1, 1], "texture": "#2"},
				"west": {"uv": [0, 0, 0, 1], "texture": "#2"},
				"up": {"uv": [1, 0, 0, 0], "texture": "#2"},
				"down": {"uv": [1, 0, 0, 0], "texture": "#2"}
			}
		},
		{
			"from": [6, 10, -4.05],
			"to": [7, 11, -4.05],
			"rotation": {"angle": 0, "axis": "y", "origin": [6, 1, -3]},
			"faces": {
				"north": {"uv": [0, 0, 1, 1], "texture": "#2"},
				"east": {"uv": [0, 0, 0, 1], "texture": "#2"},
				"south": {"uv": [0, 0, 1, 1], "texture": "#2"},
				"west": {"uv": [0, 0, 0, 1], "texture": "#2"},
				"up": {"uv": [1, 0, 0, 0], "texture": "#2"},
				"down": {"uv": [1, 0, 0, 0], "texture": "#2"}
			}
		}
	]
}