{
	"format_version": "1.21.6",
	"texture_size": [32, 32],
	"textures": {
		"0": "wooden_spoon",
		"particle": "wooden_spoon"
	},
	"elements": [
		{
			"from": [5, 0, 7],
			"to": [11, 6, 9],
			"rotation": {"angle": 0, "axis": "y", "origin": [8, 0, 7]},
			"faces": {
				"north": {"uv": [1, 0, 4, 3], "texture": "#0"},
				"east": {"uv": [1, 0, 1.5, 3], "texture": "#0"},
				"south": {"uv": [1, 0, 4, 3], "texture": "#0"},
				"west": {"uv": [3.5, 0, 4, 3], "texture": "#0"},
				"up": {"uv": [4, 0.5, 1, 0], "texture": "#0"},
				"down": {"uv": [4, 2.5, 1, 3], "texture": "#0"}
			}
		},
		{
			"from": [7, 6, 7],
			"to": [9, 24, 9],
			"rotation": {"angle": 0, "axis": "y", "origin": [8, 0, 7]},
			"faces": {
				"north": {"uv": [0, 0, 1, 9], "texture": "#0"},
				"east": {"uv": [1, 0, 0, 9], "texture": "#0"},
				"south": {"uv": [0, 0, 1, 9], "texture": "#0"},
				"west": {"uv": [1, 0, 0, 9], "texture": "#0"},
				"up": {"uv": [2, 4, 1, 3], "texture": "#0"}
			}
		}
	]
}