{
	"credit": "Made with Blockbench",
	"texture_size": [64, 32],
	"textures": {
		"0": "./cat_red_hanging",
		"particle": "./cat_red_hanging"
	},
	"elements": [
		{
			"name": "back_left_leg",
			"from": [8.1, 0.1, 13.5],
			"to": [10.1, 2.1, 19.5],
			"rotation": {"angle": 0, "axis": "y", "origin": [8, -4, 4.5]},
			"faces": {
				"north": {"uv": [3, 7.5, 2.5, 6.5], "rotation": 90, "texture": "#0"},
				"east": {"uv": [3.5, 7.5, 4, 10.5], "rotation": 90, "texture": "#0"},
				"south": {"uv": [3.5, 6.5, 3, 7.5], "rotation": 90, "texture": "#0"},
				"west": {"uv": [2.5, 7.5, 3, 10.5], "rotation": 270, "texture": "#0"},
				"up": {"uv": [3, 7.5, 3.5, 10.5], "texture": "#0"},
				"down": {"uv": [2, 7.5, 2.5, 10.5], "rotation": 180, "texture": "#0"}
			}
		},
		{
			"name": "back_right_leg",
			"from": [5.9, 0.1, 13.5],
			"to": [7.9, 2.1, 19.5],
			"rotation": {"angle": 0, "axis": "y", "origin": [8, -4, 4.5]},
			"faces": {
				"north": {"uv": [3, 7.5, 2.5, 6.5], "rotation": 270, "texture": "#0"},
				"east": {"uv": [2.5, 7.5, 3, 10.5], "rotation": 90, "texture": "#0"},
				"south": {"uv": [3.5, 6.5, 3, 7.5], "rotation": 270, "texture": "#0"},
				"west": {"uv": [3.5, 7.5, 4, 10.5], "rotation": 270, "texture": "#0"},
				"up": {"uv": [2, 7.5, 2.5, 10.5], "texture": "#0"},
				"down": {"uv": [3, 7.5, 3.5, 10.5], "rotation": 180, "texture": "#0"}
			}
		},
		{
			"name": "front_left_leg",
			"from": [5.9, -6, -2],
			"to": [7.9, 4, 0],
			"rotation": {"angle": 0, "axis": "z", "origin": [8, -4, 4.5]},
			"faces": {
				"north": {"uv": [10.5, 1, 11, 6], "texture": "#0"},
				"east": {"uv": [10, 1, 10.5, 6], "texture": "#0"},
				"south": {"uv": [11.5, 1, 12, 6], "texture": "#0"},
				"west": {"uv": [11, 1, 11.5, 6], "texture": "#0"},
				"up": {"uv": [11, 1, 10.5, 0], "texture": "#0"},
				"down": {"uv": [11.5, 0, 11, 1], "texture": "#0"}
			}
		},
		{
			"name": "front_right_leg",
			"from": [8.1, -6, -2],
			"to": [10.1, 4, 0],
			"rotation": {"angle": 0, "axis": "z", "origin": [8, -4, 4.5]},
			"faces": {
				"north": {"uv": [10.5, 1, 11, 6], "texture": "#0"},
				"east": {"uv": [10, 1, 10.5, 6], "texture": "#0"},
				"south": {"uv": [11.5, 1, 12, 6], "texture": "#0"},
				"west": {"uv": [11, 1, 11.5, 6], "texture": "#0"},
				"up": {"uv": [11, 1, 10.5, 0], "texture": "#0"},
				"down": {"uv": [11.5, 0, 11, 1], "texture": "#0"}
			}
		},
		{
			"name": "tail",
			"from": [7.5, 3.5, 8],
			"to": [8.5, 4.5, 16],
			"rotation": {"angle": 22.5, "axis": "x", "origin": [8, -8, 13]},
			"faces": {
				"north": {"uv": [0.5, 8, 0.25, 7.5], "rotation": 180, "texture": "#0"},
				"east": {"uv": [0, 8, 0.25, 12], "rotation": 90, "texture": "#0"},
				"south": {"uv": [0.75, 7.5, 0.5, 8], "texture": "#0"},
				"west": {"uv": [0.5, 8, 0.75, 12], "rotation": 270, "texture": "#0"},
				"up": {"uv": [0.75, 8, 1, 12], "texture": "#0"},
				"down": {"uv": [0.25, 8, 0.5, 12], "rotation": 180, "texture": "#0"}
			}
		},
		{
			"name": "tail2",
			"from": [7.5, -0.3, 23.2],
			"to": [8.5, 0.7, 31.2],
			"rotation": {"angle": -22.5, "axis": "x", "origin": [8, -8, 16.5]},
			"faces": {
				"north": {"uv": [1.5, 8, 1.25, 7.5], "rotation": 180, "texture": "#0"},
				"east": {"uv": [1, 8, 1.25, 12], "rotation": 90, "texture": "#0"},
				"south": {"uv": [1.75, 7.5, 1.5, 8], "texture": "#0"},
				"west": {"uv": [1.5, 8, 1.75, 12], "rotation": 270, "texture": "#0"},
				"up": {"uv": [1.75, 8, 2, 12], "texture": "#0"},
				"down": {"uv": [1.25, 8, 1.5, 12], "rotation": 180, "texture": "#0"}
			}
		},
		{
			"name": "head",
			"from": [5.5, 0.5, -6.5],
			"to": [10.5, 5.5, -2.5],
			"rotation": {"angle": 0, "axis": "x", "origin": [8, -4, 4.5]},
			"faces": {
				"north": {"uv": [2.5, 2.5, 1.25, 0], "rotation": 180, "texture": "#0"},
				"east": {"uv": [0, 2.5, 1.25, 4.5], "rotation": 90, "texture": "#0"},
				"south": {"uv": [3.75, 0, 2.5, 2.5], "texture": "#0"},
				"west": {"uv": [2.5, 2.5, 3.75, 4.5], "rotation": 270, "texture": "#0"},
				"up": {"uv": [3.75, 2.5, 5, 4.5], "texture": "#0"},
				"down": {"uv": [1.25, 2.5, 2.5, 4.5], "rotation": 180, "texture": "#0"}
			}
		},
		{
			"name": "head",
			"from": [6.5, -0.5, -4.48],
			"to": [9.5, 1.5, -2.48],
			"rotation": {"angle": 0, "axis": "x", "origin": [8, -4, 4.5]},
			"faces": {
				"north": {"uv": [2, 12, 1.25, 13], "rotation": 180, "texture": "#0"},
				"east": {"uv": [0, 13, 0.5, 14], "rotation": 90, "texture": "#0"},
				"south": {"uv": [1.25, 13, 0.5, 12], "texture": "#0"},
				"west": {"uv": [1.25, 13, 1.75, 14], "rotation": 270, "texture": "#0"},
				"up": {"uv": [0.5, 13, 1.25, 14], "rotation": 180, "texture": "#0"},
				"down": {"uv": [0.5, 13, 1.25, 14], "rotation": 180, "texture": "#0"}
			}
		},
		{
			"name": "head",
			"from": [9, 2.5, -7.5],
			"to": [10, 4.5, -6.5],
			"rotation": {"angle": 0, "axis": "x", "origin": [8, -4, 4.5]},
			"faces": {
				"north": {"uv": [0.75, 6, 0.5, 5], "rotation": 180, "texture": "#0"},
				"east": {"uv": [0, 6, 0.5, 6.5], "rotation": 90, "texture": "#0"},
				"south": {"uv": [1, 5, 0.75, 6], "texture": "#0"},
				"west": {"uv": [0.75, 6, 1.25, 6.5], "rotation": 270, "texture": "#0"},
				"up": {"uv": [1.25, 6, 1.5, 6.5], "texture": "#0"},
				"down": {"uv": [0.5, 6, 0.75, 6.5], "rotation": 180, "texture": "#0"}
			}
		},
		{
			"name": "head",
			"from": [6, 2.5, -7.5],
			"to": [7, 4.5, -6.5],
			"rotation": {"angle": 0, "axis": "x", "origin": [8, -4, 4.5]},
			"faces": {
				"north": {"uv": [2.25, 6, 2, 5], "rotation": 180, "texture": "#0"},
				"east": {"uv": [1.5, 6, 2, 6.5], "rotation": 90, "texture": "#0"},
				"south": {"uv": [2.5, 5, 2.25, 6], "texture": "#0"},
				"west": {"uv": [2.25, 6, 2.75, 6.5], "rotation": 270, "texture": "#0"},
				"up": {"uv": [2.75, 6, 3, 6.5], "texture": "#0"},
				"down": {"uv": [2, 6, 2.25, 6.5], "rotation": 180, "texture": "#0"}
			}
		},
		{
			"name": "rotation",
			"from": [6, 0.1, -2.5],
			"to": [10, 6.1, 13.5],
			"rotation": {"angle": 0, "axis": "x", "origin": [8, -4, 4.5]},
			"faces": {
				"north": {"uv": [7.5, 3, 6.5, 0], "rotation": 180, "texture": "#0"},
				"east": {"uv": [5, 3, 6.5, 11], "rotation": 90, "texture": "#0"},
				"south": {"uv": [8.5, 0, 7.5, 3], "texture": "#0"},
				"west": {"uv": [7.5, 3, 9, 11], "rotation": 270, "texture": "#0"},
				"up": {"uv": [9, 3, 10, 11], "texture": "#0"},
				"down": {"uv": [6.5, 3, 7.5, 11], "rotation": 180, "texture": "#0"}
			}
		}
	],
	"display": {
		"thirdperson_righthand": {
			"rotation": [75, 45, 0],
			"translation": [0.5, 1.5, 2.5],
			"scale": [0.3, 0.3, 0.3]
		},
		"thirdperson_lefthand": {
			"rotation": [75, 45, 0],
			"translation": [0, 2.5, 0],
			"scale": [0.375, 0.375, 0.375]
		},
		"firstperson_righthand": {
			"rotation": [0, 45, 0],
			"translation": [0, 2.75, 1.25],
			"scale": [0.3, 0.3, 0.3]
		},
		"firstperson_lefthand": {
			"rotation": [0, 225, 0],
			"translation": [0, 4.5, 0],
			"scale": [0.4, 0.4, 0.4]
		},
		"ground": {
			"translation": [0, 3, 0],
			"scale": [0.3, 0.3, 0.3]
		},
		"gui": {
			"rotation": [30, 225, 0],
			"translation": [0.75, 2.25, 0],
			"scale": [0.5, 0.5, 0.5]
		},
		"head": {
			"rotation": [90, 0, 0],
			"translation": [0, 0, 12.75],
			"scale": [0.8, 0.8, 0.8]
		},
		"fixed": {
			"rotation": [-90, 0, 0],
			"translation": [0, -5.5, -10.5],
			"scale": [1.3, 1.3, 1.3]
		}
	}
}