{
	"credit": "Made with Blockbench",
	"texture_size": [64, 64],
	"textures": {
		"0": "./panda",
		"particle": "./panda"
	},
	"elements": [
		{
			"name": "body",
			"from": [-1.5, 0, -3.5],
			"to": [17.5, 13, 22.5],
			"faces": {
				"north": {"uv": [8, 6.25, 3.25, 9.5], "texture": "#0"},
				"east": {"uv": [0, 9.5, 3.25, 16], "rotation": 90, "texture": "#0"},
				"south": {"uv": [12.75, 9.5, 8, 6.25], "rotation": 180, "texture": "#0"},
				"west": {"uv": [8, 9.5, 11.25, 16], "rotation": 270, "texture": "#0"},
				"up": {"uv": [11.25, 9.5, 16, 16], "texture": "#0"},
				"down": {"uv": [3.25, 9.5, 8, 16], "rotation": 180, "texture": "#0"}
			}
		},
		{
			"name": "body",
			"from": [1.5, 0, -11.5],
			"to": [14.5, 10, -2.5],
			"faces": {
				"north": {"uv": [5.5, 3.75, 2.25, 6.25], "texture": "#0"},
				"east": {"uv": [0, 3.75, 2.25, 6.25], "texture": "#0"},
				"south": {"uv": [7.75, 3.75, 11, 6.25], "texture": "#0"},
				"west": {"uv": [5.5, 3.75, 7.75, 6.25], "texture": "#0"},
				"up": {"uv": [5.5, 1.5, 2.25, 3.75], "rotation": 180, "texture": "#0"},
				"down": {"uv": [8.75, 1.5, 5.5, 3.75], "texture": "#0"}
			}
		},
		{
			"name": "body",
			"from": [4.5, 0, -13.5],
			"to": [11.5, 5, -11.5],
			"faces": {
				"north": {"uv": [11.75, 4.5, 13.5, 5.75], "texture": "#0"},
				"east": {"uv": [11.25, 4.5, 11.75, 5.75], "texture": "#0"},
				"south": {"uv": [14, 4.5, 15.75, 5.75], "texture": "#0"},
				"west": {"uv": [13.5, 4.5, 14, 5.75], "texture": "#0"},
				"up": {"uv": [13.5, 4.5, 11.75, 4], "texture": "#0"},
				"down": {"uv": [15.25, 4, 13.5, 4.5], "texture": "#0"}
			}
		},
		{
			"name": "body",
			"from": [-0.5, 9, -8.5],
			"to": [4.5, 13, -7.5],
			"faces": {
				"north": {"uv": [13.25, 6.5, 14.5, 7.5], "texture": "#0"},
				"east": {"uv": [13, 6.5, 13.25, 7.5], "texture": "#0"},
				"south": {"uv": [14.75, 6.5, 16, 7.5], "texture": "#0"},
				"west": {"uv": [14.5, 6.5, 14.75, 7.5], "texture": "#0"},
				"up": {"uv": [14.5, 6.5, 13.25, 6.25], "texture": "#0"},
				"down": {"uv": [15.75, 6.25, 14.5, 6.5], "texture": "#0"}
			}
		},
		{
			"name": "body",
			"from": [11.5, 9, -8.5],
			"to": [16.5, 13, -7.5],
			"faces": {
				"north": {"uv": [13.25, 6.5, 14.5, 7.5], "texture": "#0"},
				"east": {"uv": [13, 6.5, 13.25, 7.5], "texture": "#0"},
				"south": {"uv": [14.75, 6.5, 16, 7.5], "texture": "#0"},
				"west": {"uv": [14.5, 6.5, 14.75, 7.5], "texture": "#0"},
				"up": {"uv": [14.5, 6.5, 13.25, 6.25], "texture": "#0"},
				"down": {"uv": [15.75, 6.25, 14.5, 6.5], "texture": "#0"}
			}
		},
		{
			"name": "leg4",
			"from": [-9.3, 0, -2.5],
			"to": [-0.3, 6, 3.5],
			"rotation": {"angle": -22.5, "axis": "y", "origin": [-0.8, 3, 0.5]},
			"faces": {
				"north": {"uv": [11.5, 1.5, 13, 3.75], "rotation": 270, "texture": "#0"},
				"east": {"uv": [13, 1.5, 11.5, 0], "rotation": 90, "texture": "#0"},
				"south": {"uv": [14.5, 1.5, 16, 3.75], "rotation": 90, "texture": "#0"},
				"west": {"uv": [14.5, 0, 13, 1.5], "rotation": 90, "texture": "#0"},
				"up": {"uv": [13, 1.5, 14.5, 3.75], "rotation": 90, "texture": "#0"},
				"down": {"uv": [10, 1.5, 11.5, 3.75], "rotation": 90, "texture": "#0"}
			}
		},
		{
			"name": "leg3",
			"from": [16.3, 0, -2.5],
			"to": [25.3, 6, 3.5],
			"rotation": {"angle": 22.5, "axis": "y", "origin": [16.8, 3, 0.5]},
			"faces": {
				"north": {"uv": [11.5, 1.5, 13, 3.75], "rotation": 90, "texture": "#0"},
				"east": {"uv": [14.5, 0, 13, 1.5], "rotation": 270, "texture": "#0"},
				"south": {"uv": [14.5, 1.5, 16, 3.75], "rotation": 270, "texture": "#0"},
				"west": {"uv": [13, 1.5, 11.5, 0], "rotation": 270, "texture": "#0"},
				"up": {"uv": [10, 1.5, 11.5, 3.75], "rotation": 270, "texture": "#0"},
				"down": {"uv": [13, 1.5, 14.5, 3.75], "rotation": 270, "texture": "#0"}
			}
		},
		{
			"name": "leg2",
			"from": [-9.3, 0, 15.5],
			"to": [-0.3, 6, 21.5],
			"rotation": {"angle": 22.5, "axis": "y", "origin": [-0.8, 3, 18.5]},
			"faces": {
				"north": {"uv": [11.5, 1.5, 13, 3.75], "rotation": 270, "texture": "#0"},
				"east": {"uv": [13, 1.5, 11.5, 0], "rotation": 90, "texture": "#0"},
				"south": {"uv": [14.5, 1.5, 16, 3.75], "rotation": 90, "texture": "#0"},
				"west": {"uv": [14.5, 0, 13, 1.5], "rotation": 90, "texture": "#0"},
				"up": {"uv": [13, 1.5, 14.5, 3.75], "rotation": 90, "texture": "#0"},
				"down": {"uv": [10, 1.5, 11.5, 3.75], "rotation": 90, "texture": "#0"}
			}
		},
		{
			"name": "leg1",
			"from": [16.3, 0, 15.5],
			"to": [25.3, 6, 21.5],
			"rotation": {"angle": -22.5, "axis": "y", "origin": [16.8, 3, 18.5]},
			"faces": {
				"north": {"uv": [11.5, 1.5, 13, 3.75], "rotation": 90, "texture": "#0"},
				"east": {"uv": [14.5, 0, 13, 1.5], "rotation": 270, "texture": "#0"},
				"south": {"uv": [14.5, 1.5, 16, 3.75], "rotation": 270, "texture": "#0"},
				"west": {"uv": [13, 1.5, 11.5, 0], "rotation": 270, "texture": "#0"},
				"up": {"uv": [10, 1.5, 11.5, 3.75], "rotation": 270, "texture": "#0"},
				"down": {"uv": [13, 1.5, 14.5, 3.75], "rotation": 270, "texture": "#0"}
			}
		}
	],
	"display": {
		"thirdperson_righthand": {
			"rotation": [75, 45, 0],
			"translation": [-0.75, 1.25, 1.5],
			"scale": [0.2, 0.2, 0.2]
		},
		"thirdperson_lefthand": {
			"rotation": [75, 45, 0],
			"translation": [0, 2.5, 0],
			"scale": [0.375, 0.375, 0.375]
		},
		"firstperson_righthand": {
			"rotation": [0, 45, 0],
			"translation": [-0.25, 3, 1.25],
			"scale": [0.2, 0.2, 0.2]
		},
		"firstperson_lefthand": {
			"rotation": [0, 225, 0],
			"translation": [0, 4.5, 0],
			"scale": [0.4, 0.4, 0.4]
		},
		"ground": {
			"scale": [0.2, 0.2, 0.2]
		},
		"gui": {
			"rotation": [30, 225, 0],
			"translation": [0.25, 0.25, 0],
			"scale": [0.35, 0.35, 0.35]
		},
		"head": {
			"translation": [0, 9.625, 0.5],
			"scale": [0.4, 0.4, 0.4]
		},
		"fixed": {
			"rotation": [-90, 0, 0],
			"translation": [0, 0, -3.35],
			"scale": [0.4, 0.4, 0.4]
		}
	}
}