{
	"textures": {
		"0": "block/texture",
		"particle": "block/texture"
	},
	"elements": [
		{
			"name": "can",
			"from": [8, 8, 6],
			"to": [12, 10, 10],
			"rotation": {"angle": 0, "axis": "y", "origin": [3, -3, 5]},
			"faces": {
				"north": {"uv": [4, 0, 8, 2], "texture": "#0"},
				"east": {"uv": [8, 0, 12, 2], "texture": "#0"},
				"south": {"uv": [4, 0, 8, 2], "texture": "#0"},
				"west": {"uv": [8, 0, 12, 2], "texture": "#0"},
				"up": {"uv": [16, 4, 12, 0], "texture": "#0"},
				"down": {"uv": [16, 12, 12, 16], "texture": "#0"}
			}
		},
		{
			"name": "can",
			"from": [5, 8, 7],
			"to": [6, 9, 9],
			"rotation": {"angle": 0, "axis": "y", "origin": [4, -3, 5]},
			"faces": {
				"north": {"uv": [0, 0, 1, 1], "texture": "#0"},
				"east": {"uv": [0, 0, 1, 2], "rotation": 90, "texture": "#0"},
				"south": {"uv": [0, 1, 1, 2], "texture": "#0"},
				"west": {"uv": [0, 0, 1, 2], "rotation": 270, "texture": "#0"},
				"up": {"uv": [18, 18, 17, 16], "texture": "#0"},
				"down": {"uv": [1, 18, 0, 20], "texture": "#0"}
			}
		},
		{
			"name": "spout",
			"from": [3, 7, 7.5],
			"to": [4, 9, 8.5],
			"rotation": {"angle": 45, "axis": "z", "origin": [3.5, 8.5, 8.5]},
			"faces": {
				"north": {"uv": [9, 12, 8, 10], "texture": "#0"},
				"east": {"uv": [8, 12, 9, 10], "texture": "#0"},
				"south": {"uv": [8, 12, 9, 10], "texture": "#0"},
				"west": {"uv": [8, 12, 9, 10], "texture": "#0"},
				"up": {"uv": [19, 15, 18, 14], "texture": "#0"},
				"down": {"uv": [16, 18, 15, 19], "texture": "#0"}
			}
		},
		{
			"name": "spout",
			"from": [1.4, 8.45, 7.5025],
			"to": [3.43, 9.45, 8.4975],
			"rotation": {"angle": -22.5, "axis": "z", "origin": [2.85355, 9.14645, 8]},
			"faces": {
				"north": {"uv": [8, 12, 9, 14], "rotation": 270, "texture": "#0"},
				"east": {"uv": [18, 15, 19, 16], "texture": "#0"},
				"south": {"uv": [8, 12, 9, 14], "rotation": 90, "texture": "#0"},
				"west": {"uv": [8, 13, 9, 14], "texture": "#0"},
				"up": {"uv": [9, 14, 8, 12], "rotation": 270, "texture": "#0"},
				"down": {"uv": [8, 14, 9, 12], "rotation": 270, "texture": "#0"}
			}
		},
		{
			"name": "handle",
			"from": [5, 9, 7],
			"to": [8, 10, 9],
			"rotation": {"angle": 0, "axis": "y", "origin": [3, -3, 5]},
			"faces": {
				"north": {"uv": [1, 1, 4, 2], "texture": "#0"},
				"east": {"uv": [16, 14, 18, 15], "texture": "#0"},
				"south": {"uv": [4, 0, 1, 1], "texture": "#0"},
				"west": {"uv": [1, 0, 2, 2], "rotation": 90, "texture": "#0"},
				"up": {"uv": [4, 2, 1, 0], "texture": "#0"},
				"down": {"uv": [4, 0, 1, 2], "texture": "#0"}
			}
		},
		{
			"name": "handle",
			"from": [4, 0, 6],
			"to": [12, 8, 10],
			"rotation": {"angle": 0, "axis": "y", "origin": [3, 0, 5]},
			"faces": {
				"north": {"uv": [0, 2, 8, 10], "texture": "#0"},
				"east": {"uv": [8, 2, 12, 10], "texture": "#0"},
				"south": {"uv": [0, 2, 8, 10], "texture": "#0"},
				"west": {"uv": [12, 2, 8, 10], "texture": "#0"},
				"up": {"uv": [16, 4, 8, 0], "texture": "#0"},
				"down": {"uv": [8, 10, 0, 14], "texture": "#0"}
			}
		}
	],
	"display": {
		"thirdperson_righthand": {
			"rotation": [0, -90, -90],
			"translation": [-0.25, -3.25, 0]
		},
		"thirdperson_lefthand": {
			"rotation": [0, 90, 89],
			"translation": [-0.25, -3.25, 0]
		},
		"firstperson_righthand": {
			"rotation": [0, -90, 0]
		},
		"firstperson_lefthand": {
			"rotation": [0, 90, 0]
		},
		"ground": {
			"translation": [0, 2.25, 0],
			"scale": [0.5, 0.5, 0.5]
		},
		"gui": {
			"rotation": [20, 125, 0],
			"translation": [0, 3, 0],
			"scale": [1.14, 1.14, 1.14]
		},
		"head": {
			"rotation": [0, -90, 0],
			"translation": [0, 18, 0],
			"scale": [1.51, 1.51, 1.51]
		},
		"fixed": {
			"rotation": [-90, 90, 0],
			"translation": [0, 0, -16],
			"scale": [2, 2, 2]
		}
	}
}