{
	"credit": "Made with Blockbench",
	"texture_size": [48, 32],
	"textures": {
		"0": "./snow_fox_sleep",
		"particle": "./snow_fox_sleep"
	},
	"elements": [
		{
			"name": "head",
			"from": [3.5, 0.1, 1.5],
			"to": [9.5, 6.1, 9.5],
			"rotation": {"angle": 22.5, "axis": "y", "origin": [2, 0, 0]},
			"faces": {
				"north": {"uv": [0.33333, 5.5, 2.33333, 8.5], "texture": "#0"},
				"east": {"uv": [7, 5.5, 9.66667, 8.5], "texture": "#0"},
				"south": {"uv": [5, 5.5, 7, 8.5], "texture": "#0"},
				"west": {"uv": [2.33333, 5.5, 5, 8.5], "texture": "#0"},
				"up": {"uv": [5, 5.5, 2.33333, 2.5], "rotation": 270, "texture": "#0"},
				"down": {"uv": [7.66667, 2.5, 5, 5.5], "rotation": 90, "texture": "#0"}
			}
		},
		{
			"name": "head",
			"from": [4.5, 6.1, 7.5],
			"to": [5.5, 8.1, 9.5],
			"rotation": {"angle": 22.5, "axis": "y", "origin": [2, 0, 0]},
			"faces": {
				"north": {"uv": [3.75, 1, 4.08333, 2], "texture": "#0"},
				"east": {"uv": [6, 1, 6.66667, 2], "texture": "#0"},
				"south": {"uv": [5, 1, 5.33333, 2], "texture": "#0"},
				"west": {"uv": [5.33333, 1, 6, 2], "texture": "#0"},
				"up": {"uv": [5.33333, 1, 6, 0.5], "rotation": 270, "texture": "#0"},
				"down": {"uv": [5.83333, 0.5, 6.5, 1], "rotation": 90, "texture": "#0"}
			}
		},
		{
			"name": "head",
			"from": [4.5, 6.1, 1.5],
			"to": [5.5, 8.1, 3.5],
			"rotation": {"angle": 22.5, "axis": "y", "origin": [2, 0, 0]},
			"faces": {
				"north": {"uv": [3.66667, 1, 4, 2], "texture": "#0"},
				"east": {"uv": [3.66667, 1, 4.33333, 2], "texture": "#0"},
				"south": {"uv": [2.75, 1, 3, 2], "texture": "#0"},
				"west": {"uv": [3, 1, 3.66667, 2], "texture": "#0"},
				"up": {"uv": [3, 1, 3.66667, 0.5], "rotation": 270, "texture": "#0"},
				"down": {"uv": [3, 0.5, 3.66667, 1], "rotation": 90, "texture": "#0"}
			}
		},
		{
			"name": "head",
			"from": [0.5, 0.1, 3.5],
			"to": [3.5, 2.1, 7.5],
			"rotation": {"angle": 22.5, "axis": "y", "origin": [2, 0, 0]},
			"faces": {
				"north": {"uv": [2, 10.5, 3, 11.5], "texture": "#0"},
				"east": {"uv": [5.33333, 10.5, 6.66667, 11.5], "texture": "#0"},
				"south": {"uv": [4.33333, 10.5, 5.33333, 11.5], "texture": "#0"},
				"west": {"uv": [3, 10.5, 4.33333, 11.5], "texture": "#0"},
				"up": {"uv": [4.33333, 10.5, 3, 9], "rotation": 270, "texture": "#0"},
				"down": {"uv": [5.66667, 9, 4.33333, 10.5], "rotation": 90, "texture": "#0"}
			}
		},
		{
			"name": "body_rotation",
			"from": [7, 0, 2.5],
			"to": [13, 6, 13.5],
			"rotation": {"angle": 0, "axis": "y", "origin": [2, 0, 0]},
			"faces": {
				"north": {"uv": [12, 10.5, 10, 7.5], "rotation": 180, "texture": "#0"},
				"east": {"uv": [8, 10.5, 10, 16], "rotation": 90, "texture": "#0"},
				"south": {"uv": [14, 7.5, 12, 10.5], "texture": "#0"},
				"west": {"uv": [12, 10.5, 14, 16], "rotation": 270, "texture": "#0"},
				"up": {"uv": [14, 10.5, 16, 16], "texture": "#0"},
				"down": {"uv": [10, 10.5, 12, 16], "rotation": 180, "texture": "#0"}
			}
		},
		{
			"name": "tail_rotation",
			"from": [-1.5, 0.2, 5.5],
			"to": [2.5, 5.2, 14.5],
			"rotation": {"angle": 22.5, "axis": "y", "origin": [2, 0, 0]},
			"faces": {
				"north": {"uv": [14.33333, 2.5, 13, 0], "rotation": 180, "texture": "#0"},
				"east": {"uv": [10, 2.5, 11.66667, 7], "rotation": 270, "texture": "#0"},
				"south": {"uv": [13, 0, 11.66667, 2.5], "texture": "#0"},
				"west": {"uv": [13, 2.5, 14.66667, 7], "rotation": 90, "texture": "#0"},
				"up": {"uv": [14.66667, 2.5, 16, 7], "rotation": 180, "texture": "#0"},
				"down": {"uv": [11.66667, 2.5, 13, 7], "texture": "#0"}
			}
		}
	],
	"display": {
		"thirdperson_righthand": {
			"rotation": [75, -72, 0],
			"translation": [0.25, 1, 3],
			"scale": [0.4, 0.4, 0.4]
		},
		"thirdperson_lefthand": {
			"rotation": [75, 45, 0],
			"translation": [0, 2.5, 0],
			"scale": [0.375, 0.375, 0.375]
		},
		"firstperson_righthand": {
			"rotation": [0, 45, 0],
			"translation": [-0.5, 3, 1.25],
			"scale": [0.4, 0.4, 0.4]
		},
		"firstperson_lefthand": {
			"rotation": [0, 225, 0],
			"translation": [3, 2, 0],
			"scale": [0.3, 0.3, 0.3]
		},
		"ground": {
			"translation": [0, 3, 0],
			"scale": [0.3, 0.3, 0.3]
		},
		"gui": {
			"rotation": [30, 125, 0],
			"translation": [0, 2.75, 0],
			"scale": [0.7, 0.7, 0.7]
		},
		"head": {
			"rotation": [0, -90, 0],
			"translation": [-1, 12.75, 0],
			"scale": [0.8, 0.8, 0.8]
		},
		"fixed": {
			"rotation": [-90, 0, 0],
			"translation": [0, 0.5, -14.75],
			"scale": [1.73, 1.73, 1.73]
		}
	}
}