{
	"texture_size": [48, 48],
	"textures": {
		"0": "ac_unit",
		"particle": "ac_unit"
	},
	"elements": [
		{
			"from": [-8, 0, 8],
			"to": [16, 16, 16],
			"rotation": {"angle": 0, "axis": "y", "origin": [-8, 0, 15]},
			"faces": {
				"north": {"uv": [0, 0, 8, 5.33333], "texture": "#0"},
				"east": {"uv": [10.66667, 5.33333, 8, 10.66667], "texture": "#0"},
				"south": {"uv": [0, 5.33333, 8, 10.66667], "texture": "#0"},
				"west": {"uv": [8, 5.33333, 10.66667, 10.66667], "texture": "#0"},
				"up": {"uv": [16, 2.66667, 8, 0], "texture": "#0"},
				"down": {"uv": [16, 0, 8, 2.66667], "texture": "#0"}
			}
		},
		{
			"from": [-6, 16, 10],
			"to": [-2, 18, 14],
			"rotation": {"angle": 0, "axis": "y", "origin": [-3, 16, 13]},
			"faces": {
				"north": {"uv": [2, 12, 3.33333, 12.66667], "texture": "#0"},
				"east": {"uv": [2, 12, 3.33333, 12.66667], "texture": "#0"},
				"south": {"uv": [2, 12, 3.33333, 12.66667], "texture": "#0"},
				"west": {"uv": [2, 12, 3.33333, 12.66667], "texture": "#0"},
				"up": {"uv": [6, 12, 4.66667, 10.66667], "texture": "#0"},
				"down": {"uv": [6, 10.66667, 4.66667, 12], "texture": "#0"}
			}
		},
		{
			"from": [-6, 18, 10],
			"to": [-2, 22, 16],
			"rotation": {"angle": 0, "axis": "y", "origin": [-3, 18, 13]},
			"faces": {
				"north": {"uv": [2, 10.66667, 3.33333, 12], "texture": "#0"},
				"east": {"uv": [2, 10.66667, 0, 12], "texture": "#0"},
				"south": {"uv": [3.33333, 10.66667, 4.66667, 12], "texture": "#0"},
				"west": {"uv": [0, 10.66667, 2, 12], "texture": "#0"},
				"up": {"uv": [2, 13.33333, 0, 12], "rotation": 90, "texture": "#0"},
				"down": {"uv": [0, 13.33333, 2, 12], "rotation": 90, "texture": "#0"}
			}
		},
		{
			"from": [-5, -6, 8],
			"to": [-5, 0, 16],
			"rotation": {"angle": 0, "axis": "y", "origin": [-5, -1, 15]},
			"faces": {
				"north": {"uv": [0, 0, 0, 2], "texture": "#0"},
				"east": {"uv": [10.66667, 5.33333, 13.33333, 7.33333], "texture": "#0"},
				"south": {"uv": [0, 0, 0, 2], "texture": "#0"},
				"west": {"uv": [13.33333, 5.33333, 10.66667, 7.33333], "texture": "#0"},
				"up": {"uv": [0, 2.66667, 0, 0], "texture": "#0"},
				"down": {"uv": [0, 0, 0, 2.66667], "texture": "#0"}
			}
		},
		{
			"from": [13, -6, 8],
			"to": [13, 0, 16],
			"rotation": {"angle": 0, "axis": "y", "origin": [13, -1, 15]},
			"faces": {
				"north": {"uv": [0, 0, 0, 2], "texture": "#0"},
				"east": {"uv": [10.66667, 5.33333, 13.33333, 7.33333], "texture": "#0"},
				"south": {"uv": [0, 0, 0, 2], "texture": "#0"},
				"west": {"uv": [13.33333, 5.33333, 10.66667, 7.33333], "texture": "#0"},
				"up": {"uv": [0, 2.66667, 0, 0], "texture": "#0"},
				"down": {"uv": [0, 0, 0, 2.66667], "texture": "#0"}
			}
		}
	],
	"display": {
		"thirdperson_righthand": {
			"translation": [0, 0, -0.5],
			"scale": [0.25, 0.25, 0.25]
		},
		"thirdperson_lefthand": {
			"translation": [0, 0, -0.5],
			"scale": [0.25, 0.25, 0.25]
		},
		"firstperson_righthand": {
			"rotation": [0, 90, 0],
			"scale": [0.5, 0.5, 0.5]
		},
		"firstperson_lefthand": {
			"rotation": [0, 90, 0],
			"scale": [0.5, 0.5, 0.5]
		},
		"ground": {
			"translation": [1.5, 2.75, -0.75],
			"scale": [0.25, 0.25, 0.25]
		},
		"gui": {
			"rotation": [20, -160, 0],
			"translation": [-1, -1.5, 0],
			"scale": [0.5, 0.5, 0.5]
		},
		"head": {
			"rotation": [0, 180, 0],
			"translation": [-2, 0.75, 9.75],
			"scale": [0.5, 0.5, 0.5]
		},
		"fixed": {
			"translation": [8, 0, -16],
			"scale": [2, 2, 2]
		}
	}
}