{
	"credit": "Made with Blockbench",
	"texture_size": [64, 32],
	"textures": {
		"0": "./squid",
		"particle": "./squid"
	},
	"elements": [
		{
			"name": "body",
			"from": [2, 2.5, 0.5],
			"to": [14, 18.5, 12.5],
			"rotation": {"angle": 22.5, "axis": "x", "origin": [0, 0, 0]},
			"faces": {
				"north": {"uv": [3, 6, 6, 14], "texture": "#0"},
				"east": {"uv": [0, 6, 3, 14], "texture": "#0"},
				"south": {"uv": [9, 6, 12, 14], "texture": "#0"},
				"west": {"uv": [6, 6, 9, 14], "texture": "#0"},
				"up": {"uv": [6, 6, 3, 0], "texture": "#0"},
				"down": {"uv": [9, 0, 6, 6], "texture": "#0"}
			}
		},
		{
			"from": [16, 0.1, -1.1],
			"to": [26, 2.1, 0.9],
			"rotation": {"angle": -45, "axis": "y", "origin": [0, 0.1, 0]},
			"faces": {
				"north": {"uv": [13.5, 1, 14, 6], "rotation": 90, "texture": "#0"},
				"east": {"uv": [13.75, 2, 13.25, 3], "rotation": 90, "texture": "#0"},
				"south": {"uv": [13.5, 1, 14, 6], "rotation": 270, "texture": "#0"},
				"west": {"uv": [13.5, 1, 13, 0], "rotation": 90, "texture": "#0"},
				"up": {"uv": [12, 1, 12.5, 6], "rotation": 270, "texture": "#0"},
				"down": {"uv": [13, 1, 13.5, 6], "rotation": 270, "texture": "#0"}
			}
		},
		{
			"from": [24, -9.9, -1.1],
			"to": [26, 0.1, 0.9],
			"rotation": {"angle": -45, "axis": "y", "origin": [0, 0.1, 0]},
			"faces": {
				"north": {"uv": [12, 5, 12.5, 10], "texture": "#0"},
				"east": {"uv": [13.5, 5, 14, 10], "texture": "#0"},
				"south": {"uv": [12, 5, 12.5, 10], "texture": "#0"},
				"west": {"uv": [12.5, 5, 13, 10], "texture": "#0"},
				"up": {"uv": [13, 0, 12.5, 1], "texture": "#0"},
				"down": {"uv": [13, 1, 12.5, 0], "texture": "#0"}
			}
		},
		{
			"from": [10.2, -9.9, 12.7],
			"to": [12.2, 0.1, 14.7],
			"rotation": {"angle": -45, "axis": "y", "origin": [0, 0.1, 0]},
			"faces": {
				"north": {"uv": [12.5, 5, 13, 10], "texture": "#0"},
				"east": {"uv": [12, 5, 12.5, 10], "texture": "#0"},
				"south": {"uv": [13.5, 5, 14, 10], "texture": "#0"},
				"west": {"uv": [12, 5, 12.5, 10], "texture": "#0"},
				"up": {"uv": [13, 0, 12.5, 1], "rotation": 90, "texture": "#0"},
				"down": {"uv": [13, 1, 12.5, 0], "rotation": 270, "texture": "#0"}
			}
		},
		{
			"from": [10.2, 0.1, 4.7],
			"to": [12.2, 2.1, 14.7],
			"rotation": {"angle": -45, "axis": "y", "origin": [0, 0.1, 0]},
			"faces": {
				"north": {"uv": [13.5, 1, 13, 0], "rotation": 90, "texture": "#0"},
				"east": {"uv": [13.5, 1, 14, 6], "rotation": 90, "texture": "#0"},
				"south": {"uv": [13.75, 2, 13.25, 3], "rotation": 90, "texture": "#0"},
				"west": {"uv": [13.5, 1, 14, 6], "rotation": 270, "texture": "#0"},
				"up": {"uv": [12, 1, 12.5, 6], "texture": "#0"},
				"down": {"uv": [13, 1, 13.5, 6], "rotation": 180, "texture": "#0"}
			}
		},
		{
			"from": [4.7, 0.1, 10.4],
			"to": [14.7, 2.1, 12.4],
			"rotation": {"angle": 45, "axis": "y", "origin": [0, 0.1, 0]},
			"faces": {
				"north": {"uv": [13.5, 1, 14, 6], "rotation": 90, "texture": "#0"},
				"east": {"uv": [13.75, 2, 13.25, 3], "rotation": 90, "texture": "#0"},
				"south": {"uv": [13.5, 1, 14, 6], "rotation": 270, "texture": "#0"},
				"west": {"uv": [13.5, 1, 13, 0], "rotation": 90, "texture": "#0"},
				"up": {"uv": [12, 1, 12.5, 6], "rotation": 270, "texture": "#0"},
				"down": {"uv": [13, 1, 13.5, 6], "rotation": 270, "texture": "#0"}
			}
		},
		{
			"from": [12.7, -9.9, 10.4],
			"to": [14.7, 0.1, 12.4],
			"rotation": {"angle": 45, "axis": "y", "origin": [0, 0.1, 0]},
			"faces": {
				"north": {"uv": [12, 5, 12.5, 10], "texture": "#0"},
				"east": {"uv": [13.5, 5, 14, 10], "texture": "#0"},
				"south": {"uv": [12, 5, 12.5, 10], "texture": "#0"},
				"west": {"uv": [12.5, 5, 13, 10], "texture": "#0"},
				"up": {"uv": [13, 0, 12.5, 1], "texture": "#0"},
				"down": {"uv": [13, 1, 12.5, 0], "texture": "#0"}
			}
		},
		{
			"from": [-1.1, -9.9, -3.4],
			"to": [0.9, 0.1, -1.4],
			"rotation": {"angle": 45, "axis": "y", "origin": [0, 0.1, 0]},
			"faces": {
				"north": {"uv": [13.5, 5, 14, 10], "texture": "#0"},
				"east": {"uv": [12, 5, 12.5, 10], "texture": "#0"},
				"south": {"uv": [12.5, 5, 13, 10], "texture": "#0"},
				"west": {"uv": [12, 5, 12.5, 10], "texture": "#0"},
				"up": {"uv": [13, 0, 12.5, 1], "rotation": 270, "texture": "#0"},
				"down": {"uv": [13, 1, 12.5, 0], "rotation": 90, "texture": "#0"}
			}
		},
		{
			"from": [-1.1, 0.1, -3.4],
			"to": [0.9, 2.1, 6.6],
			"rotation": {"angle": 45, "axis": "y", "origin": [0, 0.1, 0]},
			"faces": {
				"north": {"uv": [13.75, 2, 13.25, 3], "rotation": 90, "texture": "#0"},
				"east": {"uv": [13.5, 1, 14, 6], "rotation": 270, "texture": "#0"},
				"south": {"uv": [13.5, 1, 13, 0], "rotation": 90, "texture": "#0"},
				"west": {"uv": [13.5, 1, 14, 6], "rotation": 90, "texture": "#0"},
				"up": {"uv": [12, 1, 12.5, 6], "rotation": 180, "texture": "#0"},
				"down": {"uv": [13, 1, 13.5, 6], "texture": "#0"}
			}
		},
		{
			"from": [6.9, -9.9, -3.4],
			"to": [8.9, 0.1, -1.4],
			"rotation": {"angle": 0, "axis": "y", "origin": [0, 0.1, 0]},
			"faces": {
				"north": {"uv": [13.5, 5, 14, 10], "texture": "#0"},
				"east": {"uv": [12, 5, 12.5, 10], "texture": "#0"},
				"south": {"uv": [12.5, 5, 13, 10], "texture": "#0"},
				"west": {"uv": [12, 5, 12.5, 10], "texture": "#0"},
				"up": {"uv": [13, 0, 12.5, 1], "rotation": 270, "texture": "#0"},
				"down": {"uv": [13, 1, 12.5, 0], "rotation": 90, "texture": "#0"}
			}
		},
		{
			"from": [6.9, 0.1, -3.4],
			"to": [8.9, 2.1, 6.6],
			"rotation": {"angle": 0, "axis": "y", "origin": [0, 0.1, 0]},
			"faces": {
				"north": {"uv": [13.75, 2, 13.25, 3], "rotation": 90, "texture": "#0"},
				"east": {"uv": [13.5, 1, 14, 6], "rotation": 270, "texture": "#0"},
				"south": {"uv": [13.5, 1, 13, 0], "rotation": 90, "texture": "#0"},
				"west": {"uv": [13.5, 1, 14, 6], "rotation": 90, "texture": "#0"},
				"up": {"uv": [12, 1, 12.5, 6], "rotation": 180, "texture": "#0"},
				"down": {"uv": [13, 1, 13.5, 6], "texture": "#0"}
			}
		},
		{
			"from": [17.4, -9.9, 6.9],
			"to": [19.4, 0.1, 8.9],
			"rotation": {"angle": 0, "axis": "y", "origin": [0, 0.1, 0]},
			"faces": {
				"north": {"uv": [12, 5, 12.5, 10], "texture": "#0"},
				"east": {"uv": [13.5, 5, 14, 10], "texture": "#0"},
				"south": {"uv": [12, 5, 12.5, 10], "texture": "#0"},
				"west": {"uv": [12.5, 5, 13, 10], "texture": "#0"},
				"up": {"uv": [13, 0, 12.5, 1], "texture": "#0"},
				"down": {"uv": [13, 1, 12.5, 0], "texture": "#0"}
			}
		},
		{
			"from": [9.4, 0.1, 6.9],
			"to": [19.4, 2.1, 8.9],
			"rotation": {"angle": 0, "axis": "y", "origin": [0, 0.1, 0]},
			"faces": {
				"north": {"uv": [13.5, 1, 14, 6], "rotation": 90, "texture": "#0"},
				"east": {"uv": [13.75, 2, 13.25, 3], "rotation": 90, "texture": "#0"},
				"south": {"uv": [13.5, 1, 14, 6], "rotation": 270, "texture": "#0"},
				"west": {"uv": [13.5, 1, 13, 0], "rotation": 90, "texture": "#0"},
				"up": {"uv": [12, 1, 12.5, 6], "rotation": 270, "texture": "#0"},
				"down": {"uv": [13, 1, 13.5, 6], "rotation": 270, "texture": "#0"}
			}
		},
		{
			"from": [7.1, -9.9, 17.4],
			"to": [9.1, 0.1, 19.4],
			"rotation": {"angle": 0, "axis": "y", "origin": [0, 0.1, 0]},
			"faces": {
				"north": {"uv": [12.5, 5, 13, 10], "texture": "#0"},
				"east": {"uv": [12, 5, 12.5, 10], "texture": "#0"},
				"south": {"uv": [13.5, 5, 14, 10], "texture": "#0"},
				"west": {"uv": [12, 5, 12.5, 10], "texture": "#0"},
				"up": {"uv": [13, 0, 12.5, 1], "rotation": 90, "texture": "#0"},
				"down": {"uv": [13, 1, 12.5, 0], "rotation": 270, "texture": "#0"}
			}
		},
		{
			"from": [7.1, 0.1, 9.4],
			"to": [9.1, 2.1, 19.4],
			"rotation": {"angle": 0, "axis": "y", "origin": [0, 0.1, 0]},
			"faces": {
				"north": {"uv": [13.5, 1, 13, 0], "rotation": 90, "texture": "#0"},
				"east": {"uv": [13.5, 1, 14, 6], "rotation": 90, "texture": "#0"},
				"south": {"uv": [13.75, 2, 13.25, 3], "rotation": 90, "texture": "#0"},
				"west": {"uv": [13.5, 1, 14, 6], "rotation": 270, "texture": "#0"},
				"up": {"uv": [12, 1, 12.5, 6], "texture": "#0"},
				"down": {"uv": [13, 1, 13.5, 6], "rotation": 180, "texture": "#0"}
			}
		},
		{
			"from": [-3.4, 0.1, 7.1],
			"to": [6.6, 2.1, 9.1],
			"rotation": {"angle": 0, "axis": "y", "origin": [0, 0.1, 0]},
			"faces": {
				"north": {"uv": [13.5, 1, 14, 6], "rotation": 270, "texture": "#0"},
				"east": {"uv": [13.5, 1, 13, 0], "rotation": 90, "texture": "#0"},
				"south": {"uv": [13.5, 1, 14, 6], "rotation": 90, "texture": "#0"},
				"west": {"uv": [13.75, 2, 13.25, 3], "rotation": 90, "texture": "#0"},
				"up": {"uv": [12, 1, 12.5, 6], "rotation": 90, "texture": "#0"},
				"down": {"uv": [13, 1, 13.5, 6], "rotation": 90, "texture": "#0"}
			}
		},
		{
			"from": [-3.4, -9.9, 7.1],
			"to": [-1.4, 0.1, 9.1],
			"rotation": {"angle": 0, "axis": "y", "origin": [0, 0.1, 0]},
			"faces": {
				"north": {"uv": [12, 5, 12.5, 10], "texture": "#0"},
				"east": {"uv": [12.5, 5, 13, 10], "texture": "#0"},
				"south": {"uv": [12, 5, 12.5, 10], "texture": "#0"},
				"west": {"uv": [13.5, 5, 14, 10], "texture": "#0"},
				"up": {"uv": [13, 0, 12.5, 1], "rotation": 180, "texture": "#0"},
				"down": {"uv": [13, 1, 12.5, 0], "rotation": 180, "texture": "#0"}
			}
		}
	],
	"display": {
		"thirdperson_righthand": {
			"rotation": [75, 45, 0],
			"translation": [0.25, 0.5, 2.25],
			"scale": [0.3, 0.3, 0.3]
		},
		"thirdperson_lefthand": {
			"rotation": [75, 45, 0],
			"translation": [0, 2.5, 0],
			"scale": [0.375, 0.375, 0.375]
		},
		"firstperson_righthand": {
			"rotation": [0, 45, 0],
			"translation": [-0.5, 3, 1.25],
			"scale": [0.3, 0.3, 0.3]
		},
		"firstperson_lefthand": {
			"rotation": [0, 225, 0],
			"translation": [3, 2, 0],
			"scale": [0.3, 0.3, 0.3]
		},
		"ground": {
			"translation": [0, 3, 0],
			"scale": [0.3, 0.3, 0.3]
		},
		"gui": {
			"rotation": [30, 225, 0],
			"translation": [0, 2.75, 0],
			"scale": [0.45, 0.45, 0.45]
		},
		"head": {
			"translation": [0, 12.05, 0],
			"scale": [0.7, 0.7, 0.7]
		},
		"fixed": {
			"rotation": [-90, 0, 0],
			"translation": [0, 0.5, -16],
			"scale": [1.73, 1.73, 1.73]
		}
	}
}