{
	"textures": {
		"0": "block/texture",
		"particle": "block/texture"
	},
	"elements": [
		{
			"from": [8, 0, 8],
			"to": [13, 11, 13],
			"rotation": {"angle": 0, "axis": "y", "origin": [8, 0, 8]},
			"faces": {
				"north": {"uv": [0, 0, 5, 11], "texture": "#0"},
				"east": {"uv": [5, 0, 10, 11], "texture": "#0"},
				"south": {"uv": [0, 0, 5, 11], "texture": "#0"},
				"west": {"uv": [5, 0, 10, 11], "texture": "#0"},
				"up": {"uv": [15, 5, 10, 0], "texture": "#0"},
				"down": {"uv": [15, 0, 10, 5], "texture": "#0"}
			}
		},
		{
			"from": [3, 0, 1],
			"to": [8, 5, 12],
			"rotation": {"angle": -22.5, "axis": "y", "origin": [5.5, 2.5, 6.5]},
			"faces": {
				"north": {"uv": [10, 0, 15, 5], "texture": "#0"},
				"east": {"uv": [0, 0, 5, 11], "rotation": 90, "texture": "#0"},
				"south": {"uv": [10, 0, 15, 5], "rotation": 90, "texture": "#0"},
				"west": {"uv": [0, 0, 5, 11], "rotation": 90, "texture": "#0"},
				"up": {"uv": [10, 11, 5, 0], "texture": "#0"},
				"down": {"uv": [5, 0, 10, 11], "texture": "#0"}
			}
		}
	],
	"display": {
		"thirdperson_righthand": {
			"translation": [0, 2.5, 0],
			"scale": [0.35, 0.35, 0.35]
		},
		"thirdperson_lefthand": {
			"translation": [0, 2.5, 0],
			"scale": [0.35, 0.35, 0.35]
		},
		"firstperson_righthand": {
			"translation": [-1, 5, 0],
			"scale": [0.65, 0.65, 0.65]
		},
		"firstperson_lefthand": {
			"translation": [-1, 5, 0],
			"scale": [0.65, 0.65, 0.65]
		},
		"ground": {
			"translation": [0, 2.75, 0],
			"scale": [0.55, 0.55, 0.55]
		},
		"gui": {
			"rotation": [25, 55, 0],
			"translation": [0, 1, 0],
			"scale": [0.69, 0.69, 0.69]
		},
		"fixed": {
			"rotation": [-90, 0, 0],
			"translation": [0, 0, -16],
			"scale": [2, 2, 2]
		}
	}
}