{
	"credit": "Made with Blockbench",
	"texture_size": [64, 32],
	"textures": {
		"0": "./creeper",
		"particle": "./creeper"
	},
	"elements": [
		{
			"name": "head",
			"from": [4, 16, 4],
			"to": [12, 24, 12],
			"rotation": {"angle": 0, "axis": "y", "origin": [8, 5.66667, 8]},
			"faces": {
				"north": {"uv": [2, 4, 4, 8], "texture": "#0"},
				"east": {"uv": [0, 4, 2, 8], "texture": "#0"},
				"south": {"uv": [6, 4, 8, 8], "texture": "#0"},
				"west": {"uv": [4, 4, 6, 8], "texture": "#0"},
				"up": {"uv": [4, 4, 2, 0], "texture": "#0"},
				"down": {"uv": [6, 0, 4, 4], "texture": "#0"}
			}
		},
		{
			"name": "body",
			"from": [4, 4, 6],
			"to": [12, 16, 10],
			"rotation": {"angle": 0, "axis": "y", "origin": [8, 5.66667, 8]},
			"faces": {
				"north": {"uv": [5, 10, 7, 16], "texture": "#0"},
				"east": {"uv": [4, 10, 5, 16], "texture": "#0"},
				"south": {"uv": [8, 10, 10, 16], "texture": "#0"},
				"west": {"uv": [7, 10, 8, 16], "texture": "#0"},
				"up": {"uv": [7, 10, 5, 8], "texture": "#0"},
				"down": {"uv": [9, 8, 7, 10], "texture": "#0"}
			}
		},
		{
			"name": "leg1",
			"from": [8.5, 0, 9],
			"to": [12.5, 4, 15],
			"rotation": {"angle": 22.5, "axis": "y", "origin": [10.5, 2, 10]},
			"faces": {
				"north": {"uv": [2, 10, 1, 8], "texture": "#0"},
				"east": {"uv": [2, 10, 3, 13], "rotation": 90, "texture": "#0"},
				"south": {"uv": [3, 8, 2, 10], "rotation": 180, "texture": "#0"},
				"west": {"uv": [0, 10, 1, 13], "rotation": 270, "texture": "#0"},
				"up": {"uv": [1, 10, 2, 13], "texture": "#0"},
				"down": {"uv": [3, 10, 4, 13], "rotation": 180, "texture": "#0"}
			}
		},
		{
			"name": "leg2",
			"from": [3.5, 0, 9],
			"to": [7.5, 4, 15],
			"rotation": {"angle": -22.5, "axis": "y", "origin": [5.5, 2, 10]},
			"faces": {
				"north": {"uv": [2, 10, 1, 8], "texture": "#0"},
				"east": {"uv": [2, 10, 3, 13], "rotation": 90, "texture": "#0"},
				"south": {"uv": [3, 8, 2, 10], "rotation": 180, "texture": "#0"},
				"west": {"uv": [0, 10, 1, 13], "rotation": 270, "texture": "#0"},
				"up": {"uv": [1, 10, 2, 13], "texture": "#0"},
				"down": {"uv": [3, 10, 4, 13], "rotation": 180, "texture": "#0"}
			}
		},
		{
			"name": "leg3",
			"from": [8.5, 0, 1],
			"to": [12.5, 4, 7],
			"rotation": {"angle": -22.5, "axis": "y", "origin": [10.5, 2, 6]},
			"faces": {
				"north": {"uv": [3, 8, 2, 10], "rotation": 180, "texture": "#0"},
				"east": {"uv": [0, 10, 1, 13], "rotation": 270, "texture": "#0"},
				"south": {"uv": [2, 10, 1, 8], "texture": "#0"},
				"west": {"uv": [2, 10, 3, 13], "rotation": 90, "texture": "#0"},
				"up": {"uv": [1, 10, 2, 13], "rotation": 180, "texture": "#0"},
				"down": {"uv": [3, 10, 4, 13], "texture": "#0"}
			}
		},
		{
			"name": "leg4",
			"from": [3.5, 0, 1],
			"to": [7.5, 4, 7],
			"rotation": {"angle": 22.5, "axis": "y", "origin": [5.5, 2, 6]},
			"faces": {
				"north": {"uv": [3, 8, 2, 10], "rotation": 180, "texture": "#0"},
				"east": {"uv": [0, 10, 1, 13], "rotation": 270, "texture": "#0"},
				"south": {"uv": [2, 10, 1, 8], "texture": "#0"},
				"west": {"uv": [2, 10, 3, 13], "rotation": 90, "texture": "#0"},
				"up": {"uv": [1, 10, 2, 13], "rotation": 180, "texture": "#0"},
				"down": {"uv": [3, 10, 4, 13], "texture": "#0"}
			}
		}
	],
	"display": {
		"thirdperson_righthand": {
			"rotation": [70, 45, 0],
			"translation": [-0.25, 0.75, 1],
			"scale": [0.2, 0.2, 0.2]
		},
		"thirdperson_lefthand": {
			"rotation": [75, 45, 0],
			"translation": [0, 2.5, 0],
			"scale": [0.375, 0.375, 0.375]
		},
		"firstperson_righthand": {
			"rotation": [0, 45, 0],
			"translation": [1.25, 1.75, 1.25],
			"scale": [0.2, 0.2, 0.2]
		},
		"firstperson_lefthand": {
			"rotation": [0, 225, 0],
			"translation": [0, 4.5, 0],
			"scale": [0.4, 0.4, 0.4]
		},
		"ground": {
			"scale": [0.2, 0.2, 0.2]
		},
		"gui": {
			"rotation": [30, -135, 0],
			"translation": [0, -2.25, 0],
			"scale": [0.45, 0.45, 0.45]
		},
		"head": {
			"translation": [0, 10.4, 0],
			"scale": [0.5, 0.5, 0.5]
		},
		"fixed": {
			"rotation": [-90, 0, 0],
			"translation": [0, 0, -6.5],
			"scale": [0.8, 0.8, 0.8]
		}
	}
}