{
	"texture_size": [32, 32],
	"textures": {
		"0": "block/texture",
		"particle": "block/texture"
	},
	"elements": [
		{
			"from": [2.005, 0, 9],
			"to": [3.995, 13, 11],
			"rotation": {"angle": -22.5, "axis": "x", "origin": [8, 8.5, 10.75]},
			"faces": {
				"north": {"uv": [1, 1, 2, 7.5], "rotation": 180, "texture": "#0"},
				"east": {"uv": [1, 0.5, 2, 7], "texture": "#0"},
				"south": {"uv": [1, 0.5, 2, 7], "rotation": 180, "texture": "#0"},
				"west": {"uv": [1, 1, 2, 7.5], "texture": "#0"},
				"up": {"uv": [8, 9, 7, 8], "texture": "#0"},
				"down": {"uv": [8, 8, 7, 9], "texture": "#0"}
			}
		},
		{
			"from": [12, 0, 9],
			"to": [13.99, 13, 11],
			"rotation": {"angle": -22.5, "axis": "x", "origin": [8, 8.5, 10.75]},
			"faces": {
				"north": {"uv": [6, 1, 7, 7.5], "rotation": 180, "texture": "#0"},
				"east": {"uv": [6, 0.5, 7, 7], "texture": "#0"},
				"south": {"uv": [6, 0.5, 7, 7], "rotation": 180, "texture": "#0"},
				"west": {"uv": [6, 1, 7, 7.5], "texture": "#0"},
				"up": {"uv": [8, 9, 7, 8], "rotation": 270, "texture": "#0"},
				"down": {"uv": [7, 9, 8, 8], "rotation": 90, "texture": "#0"}
			}
		},
		{
			"from": [0, 8, 11],
			"to": [16, 12, 12],
			"rotation": {"angle": -22.5, "axis": "x", "origin": [8, 8.5, 10.75]},
			"faces": {
				"north": {"uv": [8, 0, 10, 8], "rotation": 270, "texture": "#0"},
				"east": {"uv": [8, 7.5, 10, 8], "rotation": 90, "texture": "#0"},
				"south": {"uv": [8, 0, 10, 8], "rotation": 90, "texture": "#0"},
				"west": {"uv": [8, 0, 10, 0.5], "rotation": 90, "texture": "#0"},
				"up": {"uv": [10, 8, 9.5, 0], "rotation": 90, "texture": "#0"},
				"down": {"uv": [8, 8, 8.5, 0], "rotation": 90, "texture": "#0"}
			}
		},
		{
			"from": [0, 3, 11],
			"to": [16, 7, 12],
			"rotation": {"angle": -22.5, "axis": "x", "origin": [8, 8.5, 10.75]},
			"faces": {
				"north": {"uv": [8, 0, 10, 8], "rotation": 270, "texture": "#0"},
				"east": {"uv": [8, 7.5, 10, 8], "rotation": 90, "texture": "#0"},
				"south": {"uv": [8, 0, 10, 8], "rotation": 90, "texture": "#0"},
				"west": {"uv": [8, 0, 10, 0.5], "rotation": 90, "texture": "#0"},
				"up": {"uv": [8.5, 8, 8, 0], "rotation": 270, "texture": "#0"},
				"down": {"uv": [9.5, 8, 10, 0], "rotation": 270, "texture": "#0"}
			}
		},
		{
			"from": [12.001, -1.4348, 4.82246],
			"to": [13.981, 10.5652, 6.82246],
			"rotation": {"angle": 45, "axis": "x", "origin": [8, 4.36523, 5.82246]},
			"faces": {
				"north": {"uv": [6, 1, 7, 7], "texture": "#0"},
				"east": {"uv": [6, 1, 7, 7], "rotation": 180, "texture": "#0"},
				"south": {"uv": [6, 1, 7, 7], "texture": "#0"},
				"west": {"uv": [6, 1, 7, 7], "rotation": 180, "texture": "#0"},
				"up": {"uv": [1.5, 17, 0.5, 16], "texture": "#0"},
				"down": {"uv": [8, 8, 7, 9], "texture": "#0"}
			}
		},
		{
			"from": [2.013, -1.4348, 4.82246],
			"to": [3.993, 10.5652, 6.82246],
			"rotation": {"angle": 45, "axis": "x", "origin": [8, 4.36523, 5.82246]},
			"faces": {
				"north": {"uv": [1, 1, 2, 7], "texture": "#0"},
				"east": {"uv": [1, 1, 2, 7], "rotation": 180, "texture": "#0"},
				"south": {"uv": [1, 1, 2, 7], "texture": "#0"},
				"west": {"uv": [1, 1, 2, 7], "rotation": 180, "texture": "#0"},
				"up": {"uv": [17, 3, 16, 2], "texture": "#0"},
				"down": {"uv": [7, 9, 8, 8], "rotation": 90, "texture": "#0"}
			}
		},
		{
			"from": [2, 0.25, 0],
			"to": [4, 1, 16],
			"rotation": {"angle": 0, "axis": "y", "origin": [2, 0, 0]},
			"faces": {
				"north": {"uv": [1, 0, 2, 0.5], "texture": "#0"},
				"east": {"uv": [1.5, 0, 2, 8], "rotation": 90, "texture": "#0"},
				"south": {"uv": [2, 7.5, 1, 8], "texture": "#0"},
				"west": {"uv": [1, 0, 1.5, 8], "rotation": 90, "texture": "#0"},
				"up": {"uv": [2, 8, 1, 0], "texture": "#0"},
				"down": {"uv": [2, 0, 1, 8], "texture": "#0"}
			}
		},
		{
			"from": [12, 0.25, 0],
			"to": [14, 1, 16],
			"rotation": {"angle": 0, "axis": "y", "origin": [12, 0, 0]},
			"faces": {
				"north": {"uv": [6, 0, 7, 0.5], "texture": "#0"},
				"east": {"uv": [6.5, 0, 7, 8], "rotation": 90, "texture": "#0"},
				"south": {"uv": [7, 7.5, 6, 8], "texture": "#0"},
				"west": {"uv": [1.5, 0, 2, 8], "rotation": 90, "texture": "#0"},
				"up": {"uv": [7, 8, 6, 0], "texture": "#0"},
				"down": {"uv": [7, 0, 6, 8], "texture": "#0"}
			}
		},
		{
			"from": [1, 0, 1],
			"to": [15, 0.75, 3],
			"rotation": {"angle": 0, "axis": "y", "origin": [0, 0, 3]},
			"faces": {
				"north": {"uv": [0, 8.5, 7, 9], "texture": "#0"},
				"east": {"uv": [7, 0.5, 7.5, 1.5], "rotation": 270, "texture": "#0"},
				"south": {"uv": [0, 8, 7, 8.5], "texture": "#0"},
				"west": {"uv": [0.5, 0.5, 1, 1.5], "rotation": 90, "texture": "#0"},
				"up": {"uv": [7.5, 7.5, 0.5, 6.5], "texture": "#0"},
				"down": {"uv": [7.5, 8, 0.5, 9], "texture": "#0"}
			}
		},
		{
			"from": [1, 0, 5],
			"to": [15, 0.75, 7],
			"rotation": {"angle": 0, "axis": "y", "origin": [0, 0, 7]},
			"faces": {
				"north": {"uv": [0, 8.5, 7, 9], "texture": "#0"},
				"east": {"uv": [7, 2.5, 7.5, 3.5], "rotation": 270, "texture": "#0"},
				"south": {"uv": [0, 8, 7, 8.5], "texture": "#0"},
				"west": {"uv": [0.5, 2.5, 1, 3.5], "rotation": 90, "texture": "#0"},
				"up": {"uv": [7.5, 5.5, 0.5, 4.5], "texture": "#0"},
				"down": {"uv": [7.5, 8, 0.5, 9], "texture": "#0"}
			}
		},
		{
			"from": [1, 0, 9],
			"to": [15, 0.75, 11],
			"rotation": {"angle": 0, "axis": "y", "origin": [0, 0, 11]},
			"faces": {
				"north": {"uv": [0, 8.5, 7, 9], "texture": "#0"},
				"east": {"uv": [7, 4.5, 7.5, 5.5], "rotation": 270, "texture": "#0"},
				"south": {"uv": [0, 8, 7, 8.5], "texture": "#0"},
				"west": {"uv": [0.5, 4.5, 1, 5.5], "rotation": 90, "texture": "#0"},
				"up": {"uv": [7.5, 3.5, 0.5, 2.5], "texture": "#0"},
				"down": {"uv": [7.5, 8, 0.5, 9], "texture": "#0"}
			}
		},
		{
			"from": [1, 0, 13],
			"to": [15, 0.75, 15],
			"rotation": {"angle": 0, "axis": "y", "origin": [0, 0, 15]},
			"faces": {
				"north": {"uv": [0, 8.5, 7, 9], "texture": "#0"},
				"east": {"uv": [7, 7.5, 7.5, 6.5], "rotation": 90, "texture": "#0"},
				"south": {"uv": [0, 8, 7, 8.5], "texture": "#0"},
				"west": {"uv": [0.5, 6.5, 1, 7.5], "rotation": 90, "texture": "#0"},
				"up": {"uv": [7.5, 1.5, 0.5, 0.5], "texture": "#0"},
				"down": {"uv": [7.5, 8, 0.5, 9], "texture": "#0"}
			}
		}
	],
	"display": {
		"thirdperson_righthand": {
			"rotation": [0, -90, 0],
			"translation": [0, 1.5, 0],
			"scale": [0.3, 0.3, 0.3]
		},
		"thirdperson_lefthand": {
			"rotation": [0, -90, 0],
			"translation": [0, 1.75, 0],
			"scale": [0.3, 0.3, 0.3]
		},
		"firstperson_righthand": {
			"rotation": [0, -90, 0],
			"translation": [0, 4.5, 0],
			"scale": [0.6, 0.6, 0.6]
		},
		"firstperson_lefthand": {
			"rotation": [0, -90, 0],
			"translation": [0, 4.5, 0],
			"scale": [0.6, 0.6, 0.6]
		},
		"ground": {
			"translation": [0, 2.5, 0],
			"scale": [0.4, 0.4, 0.4]
		},
		"gui": {
			"rotation": [17, -30, 0],
			"translation": [0.75, 0.75, 0],
			"scale": [0.75, 0.75, 0.75]
		},
		"head": {
			"rotation": [0, 180, 0],
			"translation": [0, 14, 0]
		},
		"fixed": {
			"rotation": [-90, 180, 0],
			"translation": [0, 0, -16],
			"scale": [2, 2, 2]
		}
	},
	"groups": [
		{
			"name": "endpiece",
			"origin": [0, 0, 0],
			"color": 0,
			"children": [0, 1, 2, 3, 4, 5]
		},
		{
			"name": "rail",
			"origin": [8, 8, 8],
			"color": 0,
			"children": [6, 7, 8, 9, 10, 11]
		}
	]
}