{
	"textures": {
		"0": "projecteden/decoration/dyeable/wooden_set_1_oak",
		"particle": "projecteden/decoration/dyeable/wooden_set_1_oak"
	},
	"elements": [
		{
			"from": [-16, 16, -7],
			"to": [32, 18, -1],
			"rotation": {"angle": 0, "axis": "y", "origin": [0, 0, 1]},
			"faces": {
				"north": {"uv": [4.875, 0.25, 5.125, 3.75], "rotation": 90, "texture": "#0"},
				"east": {"uv": [4.875, 3.125, 5.125, 3.75], "rotation": 90, "texture": "#0"},
				"south": {"uv": [0, 0, 16, 2], "texture": "#0"},
				"west": {"uv": [4.875, 3.125, 5.125, 3.75], "rotation": 90, "texture": "#0"},
				"up": {"uv": [5, 0.25, 5.625, 3.75], "rotation": 90, "texture": "#0"},
				"down": {"uv": [5, 0.25, 5.625, 3.75], "rotation": 90, "texture": "#0"}
			}
		},
		{
			"from": [-16, 16, 17],
			"to": [32, 18, 23],
			"rotation": {"angle": 0, "axis": "y", "origin": [0, 0, -1]},
			"faces": {
				"north": {"uv": [0, 0, 16, 2], "texture": "#0"},
				"east": {"uv": [4.875, 3.125, 5.125, 3.75], "rotation": 90, "texture": "#0"},
				"south": {"uv": [4.875, 0.25, 5.125, 3.75], "rotation": 90, "texture": "#0"},
				"west": {"uv": [4.875, 3.125, 5.125, 3.75], "rotation": 90, "texture": "#0"},
				"up": {"uv": [5, 0.25, 5.625, 3.75], "rotation": 90, "texture": "#0"},
				"down": {"uv": [5, 0.25, 5.625, 3.75], "rotation": 90, "texture": "#0"}
			}
		},
		{
			"from": [-16, 16, 11],
			"to": [32, 18, 17],
			"rotation": {"angle": 0, "axis": "y", "origin": [0, 0, -7]},
			"faces": {
				"north": {"uv": [0, 0, 16, 2], "texture": "#0"},
				"east": {"uv": [4.875, 3.125, 5.125, 3.75], "rotation": 90, "texture": "#0"},
				"south": {"uv": [0, 0, 16, 2], "texture": "#0"},
				"west": {"uv": [4.875, 3.125, 5.125, 3.75], "rotation": 90, "texture": "#0"},
				"up": {"uv": [5, 0.25, 5.625, 3.75], "rotation": 90, "texture": "#0"},
				"down": {"uv": [5, 0.25, 5.625, 3.75], "rotation": 90, "texture": "#0"}
			}
		},
		{
			"from": [-16, 16, 5],
			"to": [32, 18, 11],
			"rotation": {"angle": 0, "axis": "y", "origin": [0, 0, -13]},
			"faces": {
				"north": {"uv": [0, 0, 16, 2], "texture": "#0"},
				"east": {"uv": [4.875, 3.125, 5.125, 3.75], "rotation": 90, "texture": "#0"},
				"south": {"uv": [0, 0, 16, 2], "texture": "#0"},
				"west": {"uv": [4.875, 3.125, 5.125, 3.75], "rotation": 90, "texture": "#0"},
				"up": {"uv": [5, 0.25, 5.625, 3.75], "rotation": 90, "texture": "#0"},
				"down": {"uv": [5, 0.25, 5.625, 3.75], "rotation": 90, "texture": "#0"}
			}
		},
		{
			"from": [-16, 16, -1],
			"to": [32, 18, 5],
			"rotation": {"angle": 0, "axis": "y", "origin": [0, 0, -19]},
			"faces": {
				"north": {"uv": [0, 0, 16, 2], "texture": "#0"},
				"east": {"uv": [4.875, 3.125, 5.125, 3.75], "rotation": 90, "texture": "#0"},
				"south": {"uv": [0, 0, 16, 2], "texture": "#0"},
				"west": {"uv": [4.875, 3.125, 5.125, 3.75], "rotation": 90, "texture": "#0"},
				"up": {"uv": [5, 0.25, 5.625, 3.75], "rotation": 90, "texture": "#0"},
				"down": {"uv": [5, 0.25, 5.625, 3.75], "rotation": 90, "texture": "#0"}
			}
		},
		{
			"from": [-16, 8, 22],
			"to": [32, 10, 27],
			"rotation": {"angle": 0, "axis": "y", "origin": [0, -8, 5]},
			"faces": {
				"north": {"uv": [4.875, 0.25, 5.125, 3.75], "rotation": 90, "texture": "#0"},
				"east": {"uv": [4.875, 3.125, 5.125, 3.75], "rotation": 90, "texture": "#0"},
				"south": {"uv": [0, 0, 16, 2], "texture": "#0"},
				"west": {"uv": [4.875, 3.125, 5.125, 3.75], "rotation": 90, "texture": "#0"},
				"up": {"uv": [5, 0.25, 5.625, 3.75], "rotation": 90, "texture": "#0"},
				"down": {"uv": [5, 0.25, 5.625, 3.75], "rotation": 90, "texture": "#0"}
			}
		},
		{
			"from": [-16, 8, 27],
			"to": [32, 10, 32],
			"rotation": {"angle": 0, "axis": "y", "origin": [0, -8, 5]},
			"faces": {
				"north": {"uv": [0, 0, 16, 2], "texture": "#0"},
				"east": {"uv": [4.875, 3.125, 5.125, 3.75], "rotation": 90, "texture": "#0"},
				"south": {"uv": [4.875, 0.25, 5.125, 3.75], "rotation": 90, "texture": "#0"},
				"west": {"uv": [4.875, 3.125, 5.125, 3.75], "rotation": 90, "texture": "#0"},
				"up": {"uv": [5, 0.25, 5.625, 3.75], "rotation": 90, "texture": "#0"},
				"down": {"uv": [5, 0.25, 5.625, 3.75], "rotation": 90, "texture": "#0"}
			}
		},
		{
			"from": [-16, 8, -16],
			"to": [32, 10, -11],
			"rotation": {"angle": 0, "axis": "y", "origin": [0, -8, -33]},
			"faces": {
				"north": {"uv": [4.875, 0.25, 5.125, 3.75], "rotation": 90, "texture": "#0"},
				"east": {"uv": [4.875, 3, 5.125, 3.75], "rotation": 90, "texture": "#0"},
				"south": {"uv": [0, 0, 16, 2], "texture": "#0"},
				"west": {"uv": [4.875, 3.125, 5.125, 3.75], "rotation": 90, "texture": "#0"},
				"up": {"uv": [5, 0.25, 5.625, 3.75], "rotation": 90, "texture": "#0"},
				"down": {"uv": [5, 0.25, 5.625, 3.75], "rotation": 90, "texture": "#0"}
			}
		},
		{
			"from": [-16, 8, -11],
			"to": [32, 10, -6],
			"rotation": {"angle": 0, "axis": "y", "origin": [0, -8, -28]},
			"faces": {
				"north": {"uv": [0, 0, 16, 2], "texture": "#0"},
				"east": {"uv": [4.875, 3.25, 5.125, 3.75], "rotation": 90, "texture": "#0"},
				"south": {"uv": [4.875, 0.25, 5.125, 3.75], "rotation": 90, "texture": "#0"},
				"west": {"uv": [4.875, 3.125, 5.125, 3.75], "rotation": 90, "texture": "#0"},
				"up": {"uv": [5, 0.25, 5.625, 3.75], "rotation": 90, "texture": "#0"},
				"down": {"uv": [5, 0.25, 5.625, 3.75], "rotation": 90, "texture": "#0"}
			}
		},
		{
			"from": [-15, 4, -15],
			"to": [-13, 8, 31],
			"rotation": {"angle": 0, "axis": "y", "origin": [-15, 7, -14]},
			"faces": {
				"north": {"uv": [5, 3.5, 5.625, 3.75], "rotation": 90, "texture": "#0"},
				"east": {"uv": [5, 0.25, 5.625, 3.75], "rotation": 90, "texture": "#0"},
				"south": {"uv": [5, 3.5, 5.625, 3.75], "rotation": 90, "texture": "#0"},
				"west": {"uv": [5, 0.25, 5.625, 3.75], "rotation": 90, "texture": "#0"},
				"up": {"uv": [5.125, 0.25, 5.375, 3.75], "texture": "#0"},
				"down": {"uv": [4.75, 0.25, 5, 3.75], "texture": "#0"}
			}
		},
		{
			"from": [29, 4, -15],
			"to": [31, 8, 31],
			"rotation": {"angle": 0, "axis": "y", "origin": [-15, 7, -14]},
			"faces": {
				"north": {"uv": [5, 3.5, 5.625, 3.75], "rotation": 90, "texture": "#0"},
				"east": {"uv": [5, 0.25, 5.625, 3.75], "rotation": 90, "texture": "#0"},
				"south": {"uv": [5, 3.5, 5.625, 3.75], "rotation": 90, "texture": "#0"},
				"west": {"uv": [5, 0.25, 5.625, 3.75], "rotation": 90, "texture": "#0"},
				"up": {"uv": [5.125, 0.25, 5.375, 3.75], "texture": "#0"},
				"down": {"uv": [4.75, 0.25, 5, 3.75], "texture": "#0"}
			}
		},
		{
			"from": [-13, -2, -5],
			"to": [-11, 18, -1],
			"rotation": {"angle": 22.5, "axis": "x", "origin": [-12.5, 7.5, -3.5]},
			"faces": {
				"north": {"uv": [5.125, 0.25, 5.375, 3.75], "texture": "#0"},
				"east": {"uv": [5, 0.5, 5.625, 3.75], "texture": "#0"},
				"south": {"uv": [5.125, 0.25, 5.375, 3.75], "texture": "#0"},
				"west": {"uv": [5, 0.5, 5.625, 3.75], "texture": "#0"},
				"up": {"uv": [0, 0, 2, 4], "texture": "#0"},
				"down": {"uv": [5, 3.5, 5.625, 3.75], "rotation": 90, "texture": "#0"}
			}
		},
		{
			"from": [-13, -2.2294, 17.15328],
			"to": [-11, 17.7706, 21.15328],
			"rotation": {"angle": -22.5, "axis": "x", "origin": [-12, 7.7706, 19.15328]},
			"faces": {
				"north": {"uv": [5.125, 0.25, 5.375, 3.75], "texture": "#0"},
				"east": {"uv": [5, 0.5, 5.625, 3.75], "texture": "#0"},
				"south": {"uv": [5.125, 0.25, 5.375, 3.75], "texture": "#0"},
				"west": {"uv": [5, 0.5, 5.625, 3.75], "texture": "#0"},
				"up": {"uv": [0, 0, 2, 4], "texture": "#0"},
				"down": {"uv": [5, 3.5, 5.625, 3.75], "rotation": 90, "texture": "#0"}
			}
		},
		{
			"from": [27, -2.2294, 17.15328],
			"to": [29, 17.7706, 21.15328],
			"rotation": {"angle": -22.5, "axis": "x", "origin": [28, 7.7706, 19.15328]},
			"faces": {
				"north": {"uv": [5.125, 0.25, 5.375, 3.75], "texture": "#0"},
				"east": {"uv": [5, 0.5, 5.625, 3.75], "texture": "#0"},
				"south": {"uv": [5.125, 0.25, 5.375, 3.75], "texture": "#0"},
				"west": {"uv": [5, 0.5, 5.625, 3.75], "texture": "#0"},
				"up": {"uv": [0, 0, 2, 4], "texture": "#0"},
				"down": {"uv": [5, 3.5, 5.625, 3.75], "rotation": 90, "texture": "#0"}
			}
		},
		{
			"from": [-14.45776, 8.19867, 7],
			"to": [9.54224, 12.19867, 9],
			"rotation": {"angle": 22.5, "axis": "z", "origin": [-3.45776, 10.19867, 8]},
			"faces": {
				"north": {"uv": [5, 0.25, 5.625, 3.75], "rotation": 90, "texture": "#0"},
				"east": {"uv": [0, 0, 2, 4], "texture": "#0"},
				"south": {"uv": [5, 0.25, 5.625, 3.75], "rotation": 90, "texture": "#0"},
				"west": {"uv": [0, 0, 2, 4], "texture": "#0"},
				"up": {"uv": [5.125, 0.25, 5.375, 3.75], "rotation": 90, "texture": "#0"},
				"down": {"uv": [5.125, 0.25, 5.375, 3.75], "rotation": 90, "texture": "#0"}
			}
		},
		{
			"from": [7, 9.5, 7.1],
			"to": [31, 13.5, 9.1],
			"rotation": {"angle": -22.5, "axis": "z", "origin": [16.5, 12, 8]},
			"faces": {
				"north": {"uv": [5, 0.25, 5.625, 3.75], "rotation": 90, "texture": "#0"},
				"east": {"uv": [0, 0, 2, 4], "texture": "#0"},
				"south": {"uv": [5, 0.25, 5.625, 3.75], "rotation": 90, "texture": "#0"},
				"west": {"uv": [0, 0, 2, 4], "texture": "#0"},
				"up": {"uv": [5.125, 0.25, 5.375, 3.75], "rotation": 90, "texture": "#0"},
				"down": {"uv": [5.125, 0.25, 5.375, 3.75], "rotation": 90, "texture": "#0"}
			}
		},
		{
			"from": [27, -2, -5],
			"to": [29, 18, -1],
			"rotation": {"angle": 22.5, "axis": "x", "origin": [27.5, 7.5, -3.5]},
			"faces": {
				"north": {"uv": [5.125, 0.25, 5.375, 3.75], "texture": "#0"},
				"east": {"uv": [5, 0.25, 5.625, 3.5], "rotation": 180, "texture": "#0"},
				"south": {"uv": [5.125, 0.25, 5.375, 3.75], "texture": "#0"},
				"west": {"uv": [5, 0.5, 5.625, 3.75], "texture": "#0"},
				"up": {"uv": [0, 0, 2, 4], "texture": "#0"},
				"down": {"uv": [5, 3.5, 5.625, 3.75], "rotation": 90, "texture": "#0"}
			}
		},
		{
			"from": [-11, 15, -6],
			"to": [-9, 16, 22],
			"rotation": {"angle": 0, "axis": "y", "origin": [-11, 15, 21]},
			"faces": {
				"north": {"uv": [4, 5.25, 4.25, 5.375], "texture": "#0"},
				"east": {"uv": [4.875, 0.25, 5, 3.75], "rotation": 90, "texture": "#0"},
				"south": {"uv": [4, 5.25, 4.25, 5.375], "texture": "#0"},
				"west": {"uv": [4.875, 0.25, 5, 3.75], "rotation": 90, "texture": "#0"},
				"up": {"uv": [0, 0, 2, 16], "texture": "#0"},
				"down": {"uv": [5, 0.25, 5.25, 3.75], "texture": "#0"}
			}
		},
		{
			"from": [25, 15, -6],
			"to": [27, 16, 22],
			"rotation": {"angle": 0, "axis": "y", "origin": [25, 15, 21]},
			"faces": {
				"north": {"uv": [4, 5.25, 4.25, 5.375], "texture": "#0"},
				"east": {"uv": [4.875, 0.25, 5, 3.75], "rotation": 90, "texture": "#0"},
				"south": {"uv": [4, 5.25, 4.25, 5.375], "texture": "#0"},
				"west": {"uv": [4.875, 0.25, 5, 3.75], "rotation": 90, "texture": "#0"},
				"up": {"uv": [0, 0, 2, 16], "texture": "#0"},
				"down": {"uv": [5, 0.25, 5.25, 3.75], "texture": "#0"}
			}
		},
		{
			"from": [7, 15, -6],
			"to": [9, 16, 22],
			"rotation": {"angle": 0, "axis": "y", "origin": [7, 15, 21]},
			"faces": {
				"north": {"uv": [4, 5.25, 4.25, 5.375], "texture": "#0"},
				"east": {"uv": [4.875, 0.25, 5, 3.75], "rotation": 90, "texture": "#0"},
				"south": {"uv": [4, 5.25, 4.25, 5.375], "texture": "#0"},
				"west": {"uv": [4.875, 0.25, 5, 3.75], "rotation": 90, "texture": "#0"},
				"up": {"uv": [0, 0, 2, 16], "texture": "#0"},
				"down": {"uv": [5, 0.25, 5.25, 3.75], "texture": "#0"}
			}
		},
		{
			"from": [-14, 13, -4],
			"to": [-13, 16, 20],
			"rotation": {"angle": 0, "axis": "y", "origin": [-14, 15, 0]},
			"faces": {
				"north": {"uv": [4.75, 3.625, 5.125, 3.75], "rotation": 90, "texture": "#0"},
				"east": {"uv": [5.25, 0.25, 5.625, 3.75], "rotation": 90, "texture": "#0"},
				"south": {"uv": [4.75, 3.625, 5.125, 3.75], "rotation": 90, "texture": "#0"},
				"west": {"uv": [5.25, 0.25, 5.625, 3.75], "rotation": 90, "texture": "#0"},
				"up": {"uv": [0, 0, 1, 16], "texture": "#0"},
				"down": {"uv": [4.875, 0.25, 5, 3.75], "texture": "#0"}
			}
		},
		{
			"from": [29, 13, -4],
			"to": [30, 16, 20],
			"rotation": {"angle": 0, "axis": "y", "origin": [-14, 15, 0]},
			"faces": {
				"north": {"uv": [4.75, 3.625, 5.125, 3.75], "rotation": 90, "texture": "#0"},
				"east": {"uv": [5.25, 0.25, 5.625, 3.75], "rotation": 90, "texture": "#0"},
				"south": {"uv": [4.75, 3.625, 5.125, 3.75], "rotation": 90, "texture": "#0"},
				"west": {"uv": [5.125, 0.25, 5.625, 3.75], "rotation": 90, "texture": "#0"},
				"up": {"uv": [0, 0, 1, 16], "texture": "#0"},
				"down": {"uv": [4.875, 0.25, 5, 3.75], "texture": "#0"}
			}
		}
	],
	"display": {
		"thirdperson_righthand": {
			"scale": [0.15, 0.15, 0.15]
		},
		"thirdperson_lefthand": {
			"scale": [0.15, 0.15, 0.15]
		},
		"firstperson_righthand": {
			"rotation": [0, 145, 0],
			"translation": [0, 2.5, 0],
			"scale": [0.25, 0.25, 0.25]
		},
		"firstperson_lefthand": {
			"rotation": [0, 145, 0],
			"translation": [0, 2.5, 0],
			"scale": [0.25, 0.25, 0.25]
		},
		"ground": {
			"scale": [0.25, 0.25, 0.25]
		},
		"fixed": {
			"rotation": [-90, 0, 0],
			"translation": [-32, 33, -16],
			"scale": [2, 2, 2]
		}
	},
	"groups": [
		{
			"name": "table",
			"origin": [8, 8, 8],
			"color": 0,
			"children": [0, 1, 2, 3, 4]
		},
		{
			"name": "seats",
			"origin": [8, 8, 8],
			"color": 0,
			"children": [5, 6, 7, 8]
		},
		{
			"name": "supports",
			"origin": [8, 8, 8],
			"color": 0,
			"children": [9, 10, 11, 12, 13, 14, 15, 16, 17, 18, 19, 20, 21]
		}
	]
}