{
	"credit": "Made with Blockbench",
	"texture_size": [64, 64],
	"textures": {
		"0": "./wandering_trader",
		"particle": "./wandering_trader"
	},
	"elements": [
		{
			"name": "arms_flipped",
			"from": [0, 9.1, 8.65],
			"to": [4, 17.1, 12.65],
			"shade": false,
			"rotation": {"angle": 45, "axis": "x", "origin": [2, 16.1, 10.65]},
			"faces": {
				"north": {"uv": [13, 6.5, 12, 8.5], "texture": "#0"},
				"east": {"uv": [14, 6.5, 13, 8.5], "texture": "#0"},
				"south": {"uv": [15, 6.5, 14, 8.5], "texture": "#0"},
				"west": {"uv": [12, 6.5, 11, 8.5], "texture": "#0"},
				"up": {"uv": [12, 6.5, 13, 5.5], "texture": "#0"},
				"down": {"uv": [13, 5.5, 14, 6.5], "texture": "#0"}
			}
		},
		{
			"name": "head",
			"from": [4, 18.5, 7],
			"to": [12, 28.5, 15],
			"rotation": {"angle": 0, "axis": "y", "origin": [8, 27.5, 11]},
			"faces": {
				"north": {"uv": [2, 2, 4, 4.5], "texture": "#0"},
				"east": {"uv": [0, 2, 2, 4.5], "texture": "#0"},
				"south": {"uv": [6, 2, 8, 4.5], "texture": "#0"},
				"west": {"uv": [4, 2, 6, 4.5], "texture": "#0"},
				"up": {"uv": [4, 2, 2, 0], "texture": "#0"},
				"down": {"uv": [6, 0, 4, 2], "texture": "#0"}
			}
		},
		{
			"name": "headwear",
			"from": [3.75, 18, 6.75],
			"to": [12.25, 28.5, 15.25],
			"rotation": {"angle": 0, "axis": "y", "origin": [8, 27.5, 11]},
			"faces": {
				"north": {"uv": [10, 2, 12, 4.5], "texture": "#0"},
				"east": {"uv": [8, 2, 10, 4.5], "texture": "#0"},
				"south": {"uv": [14, 2, 16, 4.5], "texture": "#0"},
				"west": {"uv": [12, 2, 14, 4.5], "texture": "#0"},
				"up": {"uv": [12, 2, 10, 0], "texture": "#0"},
				"down": {"uv": [14, 0, 12, 2], "texture": "#0"}
			}
		},
		{
			"name": "nose",
			"from": [7, 17.5, 5],
			"to": [9, 21.5, 7],
			"rotation": {"angle": 0, "axis": "y", "origin": [8, -5.5, 5]},
			"faces": {
				"north": {"uv": [6.5, 0.5, 7, 1.5], "texture": "#0"},
				"east": {"uv": [6, 0.5, 6.5, 1.5], "texture": "#0"},
				"south": {"uv": [7.5, 0.5, 8, 1.5], "texture": "#0"},
				"west": {"uv": [7, 0.5, 7.5, 1.5], "texture": "#0"},
				"up": {"uv": [7, 0.5, 6.5, 0], "texture": "#0"},
				"down": {"uv": [7.5, 0, 7, 0.5], "texture": "#0"}
			}
		},
		{
			"name": "body",
			"from": [4, 6.5, 8],
			"to": [12, 18.5, 14],
			"rotation": {"angle": 0, "axis": "y", "origin": [8, -5.5, 5]},
			"faces": {
				"north": {"uv": [5.5, 6.5, 7.5, 9.5], "texture": "#0"},
				"east": {"uv": [4, 6.5, 5.5, 9.5], "texture": "#0"},
				"south": {"uv": [9, 6.5, 11, 9.5], "texture": "#0"},
				"west": {"uv": [7.5, 6.5, 9, 9.5], "texture": "#0"},
				"up": {"uv": [7.5, 6.5, 5.5, 5], "texture": "#0"},
				"down": {"uv": [9.5, 5, 7.5, 6.5], "texture": "#0"}
			}
		},
		{
			"name": "bodywear",
			"from": [3.5, 0, 7.5],
			"to": [12.5, 19, 14.5],
			"rotation": {"angle": 0, "axis": "y", "origin": [8, -5.5, 5]},
			"faces": {
				"north": {"uv": [1.5, 11, 3.5, 15.5], "texture": "#0"},
				"east": {"uv": [0, 11, 1.5, 15.5], "texture": "#0"},
				"south": {"uv": [5, 11, 7, 15.5], "texture": "#0"},
				"west": {"uv": [3.5, 11, 5, 15.5], "texture": "#0"},
				"up": {"uv": [3.5, 11, 1.5, 9.5], "texture": "#0"},
				"down": {"uv": [5.5, 9.5, 3.5, 11], "texture": "#0"}
			}
		},
		{
			"name": "arms_rotation",
			"from": [12, 9.1, 8.65],
			"to": [16, 17.1, 12.65],
			"rotation": {"angle": 45, "axis": "x", "origin": [14, 16.1, 10.65]},
			"faces": {
				"north": {"uv": [12, 6.5, 13, 8.5], "texture": "#0"},
				"east": {"uv": [11, 6.5, 12, 8.5], "texture": "#0"},
				"south": {"uv": [14, 6.5, 15, 8.5], "texture": "#0"},
				"west": {"uv": [13, 6.5, 14, 8.5], "texture": "#0"},
				"up": {"uv": [13, 6.5, 12, 5.5], "texture": "#0"},
				"down": {"uv": [14, 5.5, 13, 6.5], "texture": "#0"}
			}
		},
		{
			"name": "arms_rotation",
			"from": [4, 11.9, 3.35],
			"to": [12, 15.9, 7.35],
			"rotation": {"angle": 45, "axis": "x", "origin": [8, 11.1, 4.65]},
			"faces": {
				"north": {"uv": [11, 10.5, 13, 11.5], "texture": "#0"},
				"east": {"uv": [10, 10.5, 11, 11.5], "texture": "#0"},
				"south": {"uv": [14, 10.5, 16, 11.5], "texture": "#0"},
				"west": {"uv": [13, 10.5, 14, 11.5], "texture": "#0"},
				"up": {"uv": [13, 10.5, 11, 9.5], "texture": "#0"},
				"down": {"uv": [15, 9.5, 13, 10.5], "texture": "#0"}
			}
		},
		{
			"name": "right_leg",
			"from": [8, 0, 1.5],
			"to": [12, 4, 13.5],
			"rotation": {"angle": -22.5, "axis": "y", "origin": [10, 0.5, 11]},
			"faces": {
				"north": {"uv": [3, 5.5, 2, 6.5], "rotation": 180, "texture": "#0"},
				"east": {"uv": [0, 6.5, 1, 9.5], "rotation": 270, "texture": "#0"},
				"south": {"uv": [2, 6.5, 1, 5.5], "texture": "#0"},
				"west": {"uv": [2, 6.5, 3, 9.5], "rotation": 90, "texture": "#0"},
				"up": {"uv": [1, 6.5, 2, 9.5], "rotation": 180, "texture": "#0"},
				"down": {"uv": [3, 6.5, 4, 9.5], "texture": "#0"}
			}
		},
		{
			"name": "left_leg",
			"from": [4, 0, 1.5],
			"to": [8, 4, 13.5],
			"rotation": {"angle": 22.5, "axis": "y", "origin": [6, 0.5, 11]},
			"faces": {
				"north": {"uv": [3, 5.5, 2, 6.5], "rotation": 180, "texture": "#0"},
				"east": {"uv": [0, 6.5, 1, 9.5], "rotation": 270, "texture": "#0"},
				"south": {"uv": [2, 6.5, 1, 5.5], "texture": "#0"},
				"west": {"uv": [2, 6.5, 3, 9.5], "rotation": 90, "texture": "#0"},
				"up": {"uv": [1, 6.5, 2, 9.5], "rotation": 180, "texture": "#0"},
				"down": {"uv": [3, 6.5, 4, 9.5], "texture": "#0"}
			}
		},
		{
			"name": "left_leg",
			"from": [4, 0, 8],
			"to": [12, 6.5, 12],
			"rotation": {"angle": 0, "axis": "x", "origin": [6, 0.5, 11]},
			"faces": {
				"north": {"uv": [1, 6.5, 3, 8], "texture": "#0"},
				"east": {"uv": [0, 6.5, 1, 8.25], "texture": "#0"},
				"south": {"uv": [3, 6.5, 4, 8.25], "texture": "#0"},
				"west": {"uv": [2, 6.5, 3, 8], "texture": "#0"},
				"up": {"uv": [2, 6.5, 1, 5.5], "texture": "#0"},
				"down": {"uv": [3, 5.5, 2, 6.5], "texture": "#0"}
			}
		},
		{
			"name": "rotation",
			"from": [0, 23.5, 2.5],
			"to": [16, 24.5, 18.5],
			"rotation": {"angle": 0, "axis": "x", "origin": [0, 24, 8]},
			"faces": {
				"north": {"uv": [15.75, 11.75, 11.75, 12], "rotation": 180, "texture": "#0"},
				"east": {"uv": [7.5, 12, 7.75, 16], "rotation": 270, "texture": "#0"},
				"south": {"uv": [11.75, 12, 7.75, 11.75], "texture": "#0"},
				"west": {"uv": [11.75, 12, 12, 16], "rotation": 90, "texture": "#0"},
				"up": {"uv": [7.75, 12, 11.75, 16], "rotation": 180, "texture": "#0"},
				"down": {"uv": [12, 12, 16, 16], "texture": "#0"}
			}
		}
	],
	"display": {
		"thirdperson_righthand": {
			"rotation": [70, 45, 0],
			"translation": [-0.25, 0.75, 1],
			"scale": [0.2, 0.2, 0.2]
		},
		"thirdperson_lefthand": {
			"rotation": [75, 45, 0],
			"translation": [0, 2.5, 0],
			"scale": [0.375, 0.375, 0.375]
		},
		"firstperson_righthand": {
			"rotation": [0, 45, 0],
			"translation": [0.5, 1.75, 1.25],
			"scale": [0.2, 0.2, 0.2]
		},
		"firstperson_lefthand": {
			"rotation": [0, 225, 0],
			"translation": [0, 4.5, 0],
			"scale": [0.4, 0.4, 0.4]
		},
		"ground": {
			"scale": [0.2, 0.2, 0.2]
		},
		"gui": {
			"rotation": [30, 225, 0],
			"translation": [0.5, -2.25, 0],
			"scale": [0.45, 0.45, 0.45]
		},
		"head": {
			"translation": [0, 10.4, 0],
			"scale": [0.5, 0.5, 0.5]
		},
		"fixed": {
			"rotation": [-90, 0, 0],
			"translation": [0, 0, -6.5],
			"scale": [0.8, 0.8, 0.8]
		}
	}
}