{
	"credit": "Made with Blockbench",
	"texture_size": [64, 32],
	"textures": {
		"0": "./rabbit_salt",
		"particle": "./rabbit_salt"
	},
	"elements": [
		{
			"name": "head",
			"from": [5.5, 7.5, 0.5],
			"to": [10.5, 11.5, 5.5],
			"rotation": {"angle": 0, "axis": "y", "origin": [8, 0, 8.5]},
			"faces": {
				"north": {"uv": [9.25, 2.5, 10.5, 4.5], "texture": "#0"},
				"east": {"uv": [8, 2.5, 9.25, 4.5], "texture": "#0"},
				"south": {"uv": [11.75, 2.5, 13, 4.5], "texture": "#0"},
				"west": {"uv": [10.5, 2.5, 11.75, 4.5], "texture": "#0"},
				"up": {"uv": [10.5, 2.5, 9.25, 0], "texture": "#0"},
				"down": {"uv": [11.75, 0, 10.5, 2.5], "texture": "#0"}
			}
		},
		{
			"name": "nose",
			"from": [7.5, 9, 0],
			"to": [8.5, 10, 1],
			"rotation": {"angle": 0, "axis": "y", "origin": [8, 0, 8.5]},
			"faces": {
				"north": {"uv": [8.25, 5, 8.5, 5.5], "texture": "#0"},
				"east": {"uv": [8, 5, 8.25, 5.5], "texture": "#0"},
				"south": {"uv": [8.75, 5, 9, 5.5], "texture": "#0"},
				"west": {"uv": [8.5, 5, 8.75, 5.5], "texture": "#0"},
				"up": {"uv": [8.5, 5, 8.25, 4.5], "texture": "#0"},
				"down": {"uv": [8.75, 4.5, 8.5, 5], "texture": "#0"}
			}
		},
		{
			"name": "left_ear",
			"from": [5.5, 11.5, 4.5],
			"to": [7.5, 16.5, 5.5],
			"rotation": {"angle": 0, "axis": "y", "origin": [8, 0, 8.5]},
			"faces": {
				"north": {"uv": [14.75, 0.5, 15.25, 3], "texture": "#0"},
				"east": {"uv": [14.5, 0.5, 14.75, 3], "texture": "#0"},
				"south": {"uv": [15.5, 0.5, 16, 3], "texture": "#0"},
				"west": {"uv": [15.25, 0.5, 15.5, 3], "texture": "#0"},
				"up": {"uv": [15.25, 0.5, 14.75, 0], "texture": "#0"},
				"down": {"uv": [15.75, 0, 15.25, 0.5], "texture": "#0"}
			}
		},
		{
			"name": "right_ear",
			"from": [8.5, 11.5, 4.5],
			"to": [10.5, 16.5, 5.5],
			"rotation": {"angle": 0, "axis": "y", "origin": [8, 0, 8.5]},
			"faces": {
				"north": {"uv": [13.25, 0.5, 13.75, 3], "texture": "#0"},
				"east": {"uv": [13, 0.5, 13.25, 3], "texture": "#0"},
				"south": {"uv": [14, 0.5, 14.5, 3], "texture": "#0"},
				"west": {"uv": [13.75, 0.5, 14, 3], "texture": "#0"},
				"up": {"uv": [13.75, 0.5, 13.25, 0], "texture": "#0"},
				"down": {"uv": [14.25, 0, 13.75, 0.5], "texture": "#0"}
			}
		},
		{
			"name": "body",
			"from": [5, 3.5, 2.3],
			"to": [11, 8.5, 12.3],
			"rotation": {"angle": 22.5, "axis": "x", "origin": [8, 0, 8.5]},
			"faces": {
				"north": {"uv": [2.5, 5, 4, 7.5], "texture": "#0"},
				"east": {"uv": [0, 5, 2.5, 7.5], "texture": "#0"},
				"south": {"uv": [6.5, 5, 8, 7.5], "texture": "#0"},
				"west": {"uv": [4, 5, 6.5, 7.5], "texture": "#0"},
				"up": {"uv": [4, 5, 2.5, 0], "texture": "#0"},
				"down": {"uv": [5.5, 0, 4, 5], "texture": "#0"}
			}
		},
		{
			"name": "left_arm",
			"from": [4, -2, 2.5],
			"to": [6, 5, 4.5],
			"rotation": {"angle": 22.5, "axis": "x", "origin": [8, 0, 8.5]},
			"faces": {
				"north": {"uv": [2.5, 8.5, 3, 12], "texture": "#0"},
				"east": {"uv": [2, 8.5, 2.5, 12], "texture": "#0"},
				"south": {"uv": [3.5, 8.5, 4, 12], "texture": "#0"},
				"west": {"uv": [3, 8.5, 3.5, 12], "texture": "#0"},
				"up": {"uv": [3, 8.5, 2.5, 7.5], "texture": "#0"},
				"down": {"uv": [3.5, 7.5, 3, 8.5], "texture": "#0"}
			}
		},
		{
			"name": "right_arm",
			"from": [10, -2, 2.5],
			"to": [12, 5, 4.5],
			"rotation": {"angle": 22.5, "axis": "x", "origin": [8, 0, 8.5]},
			"faces": {
				"north": {"uv": [0.5, 8.5, 1, 12], "texture": "#0"},
				"east": {"uv": [0, 8.5, 0.5, 12], "texture": "#0"},
				"south": {"uv": [1.5, 8.5, 2, 12], "texture": "#0"},
				"west": {"uv": [1, 8.5, 1.5, 12], "texture": "#0"},
				"up": {"uv": [1, 8.5, 0.5, 7.5], "texture": "#0"},
				"down": {"uv": [1.5, 7.5, 1, 8.5], "texture": "#0"}
			}
		},
		{
			"name": "left_thigh",
			"from": [4, 2.5, 7.8],
			"to": [6, 6.5, 12.8],
			"rotation": {"angle": 22.5, "axis": "x", "origin": [8, 0, 8.5]},
			"faces": {
				"north": {"uv": [5.25, 10, 5.75, 12], "texture": "#0"},
				"east": {"uv": [4, 10, 5.25, 12], "texture": "#0"},
				"south": {"uv": [7, 10, 7.5, 12], "texture": "#0"},
				"west": {"uv": [5.75, 10, 7, 12], "texture": "#0"},
				"up": {"uv": [5.75, 10, 5.25, 7.5], "texture": "#0"},
				"down": {"uv": [6.25, 7.5, 5.75, 10], "texture": "#0"}
			}
		},
		{
			"name": "right_thigh",
			"from": [10, 2.5, 7.8],
			"to": [12, 6.5, 12.8],
			"rotation": {"angle": 22.5, "axis": "x", "origin": [8, 0, 8.5]},
			"faces": {
				"north": {"uv": [8.75, 10, 9.25, 12], "texture": "#0"},
				"east": {"uv": [7.5, 10, 8.75, 12], "texture": "#0"},
				"south": {"uv": [10.5, 10, 11, 12], "texture": "#0"},
				"west": {"uv": [9.25, 10, 10.5, 12], "texture": "#0"},
				"up": {"uv": [9.25, 10, 8.75, 7.5], "texture": "#0"},
				"down": {"uv": [9.75, 7.5, 9.25, 10], "texture": "#0"}
			}
		},
		{
			"name": "left_foot",
			"from": [4, -0.25, 6.45],
			"to": [6, 0.75, 13.45],
			"rotation": {"angle": 0, "axis": "y", "origin": [8, 0, 8.5]},
			"faces": {
				"north": {"uv": [8.25, 15.5, 8.75, 16], "texture": "#0"},
				"east": {"uv": [6.5, 15.5, 8.25, 16], "texture": "#0"},
				"south": {"uv": [10.5, 15.5, 11, 16], "texture": "#0"},
				"west": {"uv": [8.75, 15.5, 10.5, 16], "texture": "#0"},
				"up": {"uv": [8.75, 15.5, 8.25, 12], "texture": "#0"},
				"down": {"uv": [9.25, 12, 8.75, 15.5], "texture": "#0"}
			}
		},
		{
			"name": "right_foot",
			"from": [10, -0.25, 6.45],
			"to": [12, 0.75, 13.45],
			"rotation": {"angle": 0, "axis": "y", "origin": [8, 0, 8.5]},
			"faces": {
				"north": {"uv": [3.75, 15.5, 4.25, 16], "texture": "#0"},
				"east": {"uv": [2, 15.5, 3.75, 16], "texture": "#0"},
				"south": {"uv": [6, 15.5, 6.5, 16], "texture": "#0"},
				"west": {"uv": [4.25, 15.5, 6, 16], "texture": "#0"},
				"up": {"uv": [4.25, 15.5, 3.75, 12], "texture": "#0"},
				"down": {"uv": [4.75, 12, 4.25, 15.5], "texture": "#0"}
			}
		},
		{
			"name": "tail",
			"from": [6.5, 3.75, 11.8],
			"to": [9.5, 6.75, 13.8],
			"rotation": {"angle": 22.5, "axis": "x", "origin": [8, 0, 8.5]},
			"faces": {
				"north": {"uv": [13.5, 4, 14.25, 5.5], "texture": "#0"},
				"east": {"uv": [13, 4, 13.5, 5.5], "texture": "#0"},
				"south": {"uv": [14.75, 4, 15.5, 5.5], "texture": "#0"},
				"west": {"uv": [14.25, 4, 14.75, 5.5], "texture": "#0"},
				"up": {"uv": [14.25, 4, 13.5, 3], "texture": "#0"},
				"down": {"uv": [15, 3, 14.25, 4], "texture": "#0"}
			}
		}
	],
	"display": {
		"thirdperson_righthand": {
			"rotation": [75, 45, 0],
			"translation": [0, 0.75, 2.25],
			"scale": [0.3, 0.3, 0.3]
		},
		"thirdperson_lefthand": {
			"rotation": [75, 45, 0],
			"translation": [0, 2.5, 0],
			"scale": [0.375, 0.375, 0.375]
		},
		"firstperson_righthand": {
			"rotation": [0, 45, 0],
			"translation": [0, 2.25, 1.25],
			"scale": [0.3, 0.3, 0.3]
		},
		"firstperson_lefthand": {
			"rotation": [0, 225, 0],
			"translation": [0, 4.5, 0],
			"scale": [0.4, 0.4, 0.4]
		},
		"ground": {
			"translation": [0, 1.25, 0],
			"scale": [0.3, 0.3, 0.3]
		},
		"gui": {
			"rotation": [30, 225, 0],
			"translation": [0, 1.5, 0],
			"scale": [0.6, 0.6, 0.6]
		},
		"head": {
			"translation": [0, 12.25, -0.25],
			"scale": [0.7, 0.7, 0.7]
		},
		"fixed": {
			"rotation": [-90, 0, 0],
			"translation": [0, 0, -8.35]
		}
	}
}