{
	"credit": "Made with Blockbench",
	"texture_size": [128, 64],
	"textures": {
		"0": "./polar_bear",
		"particle": "./polar_bear"
	},
	"elements": [
		{
			"name": "body_sub_1",
			"from": [1, 0, 11.5],
			"to": [15, 11, 25.5],
			"faces": {
				"north": {"uv": [3.125, 4.75, 1.375, 7.5], "texture": "#0"},
				"east": {"uv": [3.125, 7.5, 4.5, 11], "rotation": 270, "texture": "#0"},
				"south": {"uv": [4.875, 7.5, 3.125, 4.75], "rotation": 180, "texture": "#0"},
				"west": {"uv": [0, 7.5, 1.375, 11], "rotation": 90, "texture": "#0"},
				"up": {"uv": [4.5, 7.5, 6.25, 11], "rotation": 180, "texture": "#0"},
				"down": {"uv": [1.375, 7.5, 3.125, 11], "texture": "#0"}
			}
		},
		{
			"name": "body_sub_2",
			"from": [2, 0, -0.5],
			"to": [14, 10, 11.5],
			"faces": {
				"north": {"uv": [7.625, 2.5, 6.125, 0], "rotation": 180, "texture": "#0"},
				"east": {"uv": [4.875, 2.5, 6.125, 5.5], "rotation": 90, "texture": "#0"},
				"south": {"uv": [9.125, 2.5, 7.625, 0], "rotation": 180, "texture": "#0"},
				"west": {"uv": [7.625, 2.5, 8.875, 5.5], "rotation": 270, "texture": "#0"},
				"up": {"uv": [9, 2.5, 10.375, 5.5], "rotation": 180, "texture": "#0"},
				"down": {"uv": [6.125, 2.5, 7.625, 5.5], "rotation": 180, "texture": "#0"}
			}
		},
		{
			"name": "body_sub_3",
			"from": [5.5, 2, -10.5],
			"to": [10.5, 5, -7.5],
			"faces": {
				"north": {"uv": [0.375, 11.75, 1, 12.5], "texture": "#0"},
				"east": {"uv": [0, 11.75, 0.375, 12.5], "texture": "#0"},
				"south": {"uv": [1.375, 11.75, 2, 12.5], "texture": "#0"},
				"west": {"uv": [1, 11.75, 1.375, 12.5], "texture": "#0"},
				"up": {"uv": [1, 11.75, 0.375, 11], "texture": "#0"},
				"down": {"uv": [1.625, 11, 1, 11.75], "texture": "#0"}
			}
		},
		{
			"name": "body_sub_4",
			"from": [10.5, 8, -5.5],
			"to": [12.5, 10, -4.5],
			"faces": {
				"north": {"uv": [3.375, 0.25, 3.625, 0.75], "texture": "#0"},
				"east": {"uv": [3.25, 0.25, 3.375, 0.75], "texture": "#0"},
				"south": {"uv": [3.75, 0.25, 4, 0.75], "texture": "#0"},
				"west": {"uv": [3.625, 0.25, 3.75, 0.75], "texture": "#0"},
				"up": {"uv": [3.625, 0.25, 3.375, 0], "texture": "#0"},
				"down": {"uv": [3.875, 0, 3.625, 0.25], "texture": "#0"}
			}
		},
		{
			"name": "body_sub_5",
			"from": [3.5, 8, -5.5],
			"to": [5.5, 10, -4.5],
			"faces": {
				"north": {"uv": [3.375, 0.25, 3.625, 0.75], "texture": "#0"},
				"east": {"uv": [3.25, 0.25, 3.375, 0.75], "texture": "#0"},
				"south": {"uv": [3.75, 0.25, 4, 0.75], "texture": "#0"},
				"west": {"uv": [3.625, 0.25, 3.75, 0.75], "texture": "#0"},
				"up": {"uv": [3.625, 0.25, 3.375, 0], "texture": "#0"},
				"down": {"uv": [3.875, 0, 3.625, 0.25], "texture": "#0"}
			}
		},
		{
			"name": "body_sub_4",
			"from": [4.5, 2, -7.5],
			"to": [11.5, 9, -0.5],
			"faces": {
				"north": {"uv": [0.875, 1.75, 1.75, 3.5], "texture": "#0"},
				"east": {"uv": [0, 1.75, 0.875, 3.5], "texture": "#0"},
				"south": {"uv": [2.625, 1.75, 3.5, 3.5], "texture": "#0"},
				"west": {"uv": [1.75, 1.75, 2.625, 3.5], "texture": "#0"},
				"up": {"uv": [1.75, 1.75, 0.875, 0], "texture": "#0"},
				"down": {"uv": [2.625, 0, 1.75, 1.75], "texture": "#0"}
			}
		},
		{
			"name": "leg1",
			"from": [-7.3, 0.1, 15.5],
			"to": [2.7, 4.1, 23.5],
			"rotation": {"angle": 22.5, "axis": "y", "origin": [1.7, 2.1, 19.5]},
			"faces": {
				"north": {"uv": [7.25, 7.5, 7.75, 10], "rotation": 270, "texture": "#0"},
				"east": {"uv": [7.75, 7.5, 7.25, 5.5], "rotation": 90, "texture": "#0"},
				"south": {"uv": [8.75, 7.5, 9.25, 10], "rotation": 90, "texture": "#0"},
				"west": {"uv": [8.25, 5.5, 7.75, 7.5], "rotation": 90, "texture": "#0"},
				"up": {"uv": [7.75, 7.5, 8.75, 10], "rotation": 90, "texture": "#0"},
				"down": {"uv": [6.25, 7.5, 7.25, 10], "rotation": 90, "texture": "#0"}
			}
		},
		{
			"name": "leg2",
			"from": [13.3, 0.1, 15.5],
			"to": [23.3, 4.1, 23.5],
			"rotation": {"angle": -22.5, "axis": "y", "origin": [14.3, 2.1, 19.5]},
			"faces": {
				"north": {"uv": [7.25, 7.5, 7.75, 10], "rotation": 90, "texture": "#0"},
				"east": {"uv": [8.25, 5.5, 7.75, 7.5], "rotation": 270, "texture": "#0"},
				"south": {"uv": [8.75, 7.5, 9.25, 10], "rotation": 270, "texture": "#0"},
				"west": {"uv": [7.75, 7.5, 7.25, 5.5], "rotation": 270, "texture": "#0"},
				"up": {"uv": [6.25, 7.5, 7.25, 10], "rotation": 270, "texture": "#0"},
				"down": {"uv": [7.75, 7.5, 8.75, 10], "rotation": 270, "texture": "#0"}
			}
		},
		{
			"name": "leg3",
			"from": [-6.8, 0, 1.5],
			"to": [3.2, 4, 7.5],
			"rotation": {"angle": -22.5, "axis": "y", "origin": [3.2, 2, 4.5]},
			"faces": {
				"north": {"uv": [7, 11.5, 7.5, 14], "rotation": 270, "texture": "#0"},
				"east": {"uv": [7.5, 11.5, 7, 10], "rotation": 90, "texture": "#0"},
				"south": {"uv": [8.25, 11.5, 8.75, 14], "rotation": 90, "texture": "#0"},
				"west": {"uv": [8, 10, 7.5, 11.5], "rotation": 90, "texture": "#0"},
				"up": {"uv": [7.5, 11.5, 8.25, 14], "rotation": 90, "texture": "#0"},
				"down": {"uv": [6.25, 11.5, 7, 14], "rotation": 90, "texture": "#0"}
			}
		},
		{
			"name": "leg4",
			"from": [12.8, 0, 1.5],
			"to": [22.8, 4, 7.5],
			"rotation": {"angle": 22.5, "axis": "y", "origin": [12.8, 2, 4.5]},
			"faces": {
				"north": {"uv": [7, 11.5, 7.5, 14], "rotation": 90, "texture": "#0"},
				"east": {"uv": [8, 10, 7.5, 11.5], "rotation": 270, "texture": "#0"},
				"south": {"uv": [8.25, 11.5, 8.75, 14], "rotation": 270, "texture": "#0"},
				"west": {"uv": [7.5, 11.5, 7, 10], "rotation": 270, "texture": "#0"},
				"up": {"uv": [6.25, 11.5, 7, 14], "rotation": 270, "texture": "#0"},
				"down": {"uv": [7.5, 11.5, 8.25, 14], "rotation": 270, "texture": "#0"}
			}
		}
	],
	"display": {
		"thirdperson_righthand": {
			"rotation": [75, 45, 0],
			"translation": [-0.75, 1.25, 1.5],
			"scale": [0.2, 0.2, 0.2]
		},
		"thirdperson_lefthand": {
			"rotation": [75, 45, 0],
			"translation": [0, 2.5, 0],
			"scale": [0.375, 0.375, 0.375]
		},
		"firstperson_righthand": {
			"rotation": [0, 45, 0],
			"translation": [-0.25, 3, 1.25],
			"scale": [0.2, 0.2, 0.2]
		},
		"firstperson_lefthand": {
			"rotation": [0, 225, 0],
			"translation": [0, 4.5, 0],
			"scale": [0.4, 0.4, 0.4]
		},
		"ground": {
			"scale": [0.2, 0.2, 0.2]
		},
		"gui": {
			"rotation": [30, 225, 0],
			"translation": [1, 0.5, 0],
			"scale": [0.35, 0.35, 0.35]
		},
		"head": {
			"translation": [0, 10.375, -1],
			"scale": [0.5, 0.5, 0.5]
		},
		"fixed": {
			"rotation": [-90, 0, 0],
			"translation": [0, 0, -4],
			"scale": [0.5, 0.5, 0.5]
		}
	}
}