{
	"credit": "Made with Blockbench",
	"texture_size": [64, 64],
	"textures": {
		"0": "./bee",
		"particle": "./bee"
	},
	"elements": [
		{
			"name": "left_wing",
			"from": [-2.5, 7.1, 4.5],
			"to": [6.5, 7.1, 10.5],
			"shade": false,
			"faces": {
				"north": {"uv": [3.75, 6, 1.5, 6], "texture": "#0"},
				"east": {"uv": [5.25, 6, 3.75, 6], "texture": "#0"},
				"south": {"uv": [7.5, 6, 5.25, 6], "texture": "#0"},
				"west": {"uv": [1.5, 6, 0, 6], "texture": "#0"},
				"up": {"uv": [1.5, 6, 3.75, 4.5], "texture": "#0"},
				"down": {"uv": [1.5, 4.5, 3.75, 6], "texture": "#0"}
			}
		},
		{
			"name": "right_wing",
			"from": [9.5, 7.1, 4.5],
			"to": [18.5, 7.1, 10.5],
			"faces": {
				"north": {"uv": [1.5, 6, 3.75, 6], "texture": "#0"},
				"east": {"uv": [0, 6, 1.5, 6], "texture": "#0"},
				"south": {"uv": [5.25, 6, 7.5, 6], "texture": "#0"},
				"west": {"uv": [3.75, 6, 5.25, 6], "texture": "#0"},
				"up": {"uv": [3.75, 6, 1.5, 4.5], "texture": "#0"},
				"down": {"uv": [3.75, 4.5, 1.5, 6], "texture": "#0"}
			}
		},
		{
			"name": "back_legs",
			"from": [2.5, 0, 9],
			"to": [4.5, 0, 10],
			"faces": {
				"north": {"uv": [6.75, 1.25, 6.75, 1.75], "rotation": 270, "texture": "#0"},
				"east": {"uv": [8, 1.25, 6.75, 1.25], "texture": "#0"},
				"south": {"uv": [8, 1.25, 8, 1.75], "rotation": 90, "texture": "#0"},
				"west": {"uv": [9.25, 1.25, 8, 1.25], "rotation": 180, "texture": "#0"},
				"up": {"uv": [6.75, 1.25, 7, 1.75], "rotation": 90, "texture": "#0"},
				"down": {"uv": [7.75, 1.25, 8, 1.75], "rotation": 90, "texture": "#0"}
			}
		},
		{
			"name": "back_legs",
			"from": [2.5, 0, 7],
			"to": [4.5, 0, 8],
			"faces": {
				"north": {"uv": [6.75, 1.25, 6.75, 1.75], "rotation": 270, "texture": "#0"},
				"east": {"uv": [8, 1.25, 6.75, 1.25], "texture": "#0"},
				"south": {"uv": [8, 1.25, 8, 1.75], "rotation": 90, "texture": "#0"},
				"west": {"uv": [9.25, 1.25, 8, 1.25], "rotation": 180, "texture": "#0"},
				"up": {"uv": [6.75, 1.25, 7, 1.75], "rotation": 90, "texture": "#0"},
				"down": {"uv": [7.75, 1.25, 8, 1.75], "rotation": 90, "texture": "#0"}
			}
		},
		{
			"name": "back_legs",
			"from": [2.5, 0, 5],
			"to": [4.5, 0, 6],
			"faces": {
				"north": {"uv": [6.75, 1.25, 6.75, 1.75], "rotation": 270, "texture": "#0"},
				"east": {"uv": [8, 1.25, 6.75, 1.25], "texture": "#0"},
				"south": {"uv": [8, 1.25, 8, 1.75], "rotation": 90, "texture": "#0"},
				"west": {"uv": [9.25, 1.25, 8, 1.25], "rotation": 180, "texture": "#0"},
				"up": {"uv": [6.75, 1.25, 7, 1.75], "rotation": 90, "texture": "#0"},
				"down": {"uv": [7.75, 1.25, 8, 1.75], "rotation": 90, "texture": "#0"}
			}
		},
		{
			"name": "back_legs",
			"from": [11.5, 0, 5],
			"to": [13.5, 0, 6],
			"faces": {
				"north": {"uv": [6.75, 1.25, 6.75, 1.75], "rotation": 90, "texture": "#0"},
				"east": {"uv": [9.25, 1.25, 8, 1.25], "texture": "#0"},
				"south": {"uv": [8, 1.25, 8, 1.75], "rotation": 270, "texture": "#0"},
				"west": {"uv": [8, 1.25, 6.75, 1.25], "rotation": 180, "texture": "#0"},
				"up": {"uv": [7.75, 1.25, 8, 1.75], "rotation": 270, "texture": "#0"},
				"down": {"uv": [6.75, 1.25, 7, 1.75], "rotation": 270, "texture": "#0"}
			}
		},
		{
			"name": "back_legs",
			"from": [11.5, 0, 9],
			"to": [13.5, 0, 10],
			"faces": {
				"north": {"uv": [6.75, 1.25, 6.75, 1.75], "rotation": 90, "texture": "#0"},
				"east": {"uv": [9.25, 1.25, 8, 1.25], "texture": "#0"},
				"south": {"uv": [8, 1.25, 8, 1.75], "rotation": 270, "texture": "#0"},
				"west": {"uv": [8, 1.25, 6.75, 1.25], "rotation": 180, "texture": "#0"},
				"up": {"uv": [7.75, 1.25, 8, 1.75], "rotation": 270, "texture": "#0"},
				"down": {"uv": [6.75, 1.25, 7, 1.75], "rotation": 270, "texture": "#0"}
			}
		},
		{
			"name": "back_legs",
			"from": [11.5, 0, 7],
			"to": [13.5, 0, 8],
			"faces": {
				"north": {"uv": [6.75, 1.25, 6.75, 1.75], "rotation": 90, "texture": "#0"},
				"east": {"uv": [9.25, 1.25, 8, 1.25], "texture": "#0"},
				"south": {"uv": [8, 1.25, 8, 1.75], "rotation": 270, "texture": "#0"},
				"west": {"uv": [8, 1.25, 6.75, 1.25], "rotation": 180, "texture": "#0"},
				"up": {"uv": [7.75, 1.25, 8, 1.75], "rotation": 270, "texture": "#0"},
				"down": {"uv": [6.75, 1.25, 7, 1.75], "rotation": 270, "texture": "#0"}
			}
		},
		{
			"name": "left_antenna",
			"from": [6.5, 5, -0.5],
			"to": [6.5, 7, 2.5],
			"faces": {
				"north": {"uv": [0.75, 0.75, 1, 1.25], "texture": "#0"},
				"east": {"uv": [0.5, 0.75, 1.25, 1.25], "texture": "#0"},
				"south": {"uv": [2.25, 0.75, 2.5, 1.25], "texture": "#0"},
				"west": {"uv": [1.5, 1.5, 2.25, 2], "texture": "#0"},
				"up": {"uv": [1.5, 0.75, 1.25, 0], "texture": "#0"},
				"down": {"uv": [1.75, 0, 1.5, 0.75], "texture": "#0"}
			}
		},
		{
			"name": "stinger",
			"from": [8, 3, 12.5],
			"to": [8, 4, 14.5],
			"faces": {
				"north": {"uv": [6.5, 2.25, 6.5, 2.5], "texture": "#0"},
				"east": {"uv": [6.5, 2.25, 7, 2.5], "texture": "#0"},
				"south": {"uv": [7, 2.25, 7, 2.5], "texture": "#0"},
				"west": {"uv": [6.5, 2.25, 7, 2.5], "texture": "#0"},
				"up": {"uv": [6.5, 2.25, 6.5, 1.75], "texture": "#0"},
				"down": {"uv": [6.5, 1.75, 6.5, 2.25], "texture": "#0"}
			}
		},
		{
			"name": "right_antenna",
			"from": [9.5, 5, -0.5],
			"to": [9.5, 7, 2.5],
			"faces": {
				"north": {"uv": [1.25, 1.5, 1.5, 2], "texture": "#0"},
				"east": {"uv": [0.5, 0.75, 1.25, 1.25], "texture": "#0"},
				"south": {"uv": [2.25, 1.5, 2.5, 2], "texture": "#0"},
				"west": {"uv": [1.5, 1.5, 2.25, 2], "texture": "#0"},
				"up": {"uv": [1.5, 1.5, 1.25, 0.75], "texture": "#0"},
				"down": {"uv": [1.75, 0.75, 1.5, 1.5], "texture": "#0"}
			}
		},
		{
			"name": "torso",
			"from": [4.5, 0, 2.5],
			"to": [11.5, 7, 12.5],
			"faces": {
				"north": {"uv": [2.5, 2.5, 4.25, 4.25], "texture": "#0"},
				"east": {"uv": [0, 2.5, 2.5, 4.25], "texture": "#0"},
				"south": {"uv": [6.75, 2.5, 8.5, 4.25], "texture": "#0"},
				"west": {"uv": [4.25, 2.5, 6.75, 4.25], "texture": "#0"},
				"up": {"uv": [4.25, 2.5, 2.5, 0], "texture": "#0"},
				"down": {"uv": [6, 0, 4.25, 2.5], "texture": "#0"}
			}
		}
	],
	"display": {
		"thirdperson_righthand": {
			"rotation": [75, 45, 0],
			"translation": [0.25, 0.75, 3.5],
			"scale": [0.4, 0.4, 0.4]
		},
		"thirdperson_lefthand": {
			"rotation": [75, 45, 0],
			"translation": [0, 2.5, 0],
			"scale": [0.375, 0.375, 0.375]
		},
		"firstperson_righthand": {
			"rotation": [0, 45, 0],
			"translation": [0, 3.25, 1.25],
			"scale": [0.4, 0.4, 0.4]
		},
		"firstperson_lefthand": {
			"rotation": [0, 225, 0],
			"translation": [0, 4.5, 0],
			"scale": [0.4, 0.4, 0.4]
		},
		"ground": {
			"translation": [0, 3, 0],
			"scale": [0.4, 0.4, 0.4]
		},
		"gui": {
			"rotation": [30, 225, 0],
			"translation": [0, 3, 0],
			"scale": [0.8, 0.8, 0.8]
		},
		"head": {
			"translation": [0, 13, 0],
			"scale": [0.8, 0.8, 0.8]
		},
		"fixed": {
			"rotation": [-90, 0, 0],
			"translation": [0, 0, -8.25]
		}
	}
}