{
	"credit": "Made with Blockbench",
	"textures": {
		"2": "quiver_texture",
		"particle": "quiver_texture"
	},
	"elements": [
		{
			"from": [6, 0, 7],
			"to": [10, 11, 9],
			"rotation": {"angle": 0, "axis": "y", "origin": [7, 0, 7]},
			"faces": {
				"north": {"uv": [0, 0, 4, 11], "texture": "#2"},
				"east": {"uv": [4, 0, 6, 11], "texture": "#2"},
				"south": {"uv": [4, 0, 0, 11], "texture": "#2"},
				"west": {"uv": [8, 0, 6, 11], "texture": "#2"},
				"up": {"uv": [4, 13, 0, 11], "texture": "#2"},
				"down": {"uv": [4, 13, 0, 15], "texture": "#2"}
			}
		},
		{
			"from": [3, 0, 8],
			"to": [6, 11, 8],
			"rotation": {"angle": 0, "axis": "y", "origin": [3, 0, 7]},
			"faces": {
				"north": {"uv": [12, 0, 9, 11], "texture": "#2"},
				"south": {"uv": [9, 0, 12, 11], "texture": "#2"}
			}
		},
		{
			"from": [7, 1, 6],
			"to": [10, 5, 7],
			"rotation": {"angle": 0, "axis": "y", "origin": [7, 0, 6]},
			"faces": {
				"north": {"uv": [4, 11, 7, 15], "texture": "#2"},
				"east": {"uv": [8, 11, 9, 15], "texture": "#2"},
				"west": {"uv": [7, 11, 8, 15], "texture": "#2"},
				"up": {"uv": [0, 15, 3, 16], "texture": "#2"},
				"down": {"uv": [3, 15, 6, 16], "texture": "#2"}
			}
		},
		{
			"from": [6.6, 11, 8],
			"to": [10.6, 15, 8],
			"rotation": {"angle": 22.5, "axis": "y", "origin": [8.6, 13, 8]},
			"faces": {
				"north": {"uv": [10, 10, 16, 16], "texture": "#2"},
				"south": {"uv": [10, 10, 16, 16], "texture": "#2"}
			}
		},
		{
			"from": [5.4, 10, 7.6],
			"to": [9.4, 14, 7.6],
			"rotation": {"angle": -22.5, "axis": "y", "origin": [7.4, 12, 7.6]},
			"faces": {
				"north": {"uv": [10, 10, 16, 16], "texture": "#2"},
				"south": {"uv": [10, 10, 16, 16], "texture": "#2"}
			}
		}
	],
	"display": {
		"thirdperson_righthand": {
			"rotation": [67.5, 67.5, -12.5],
			"translation": [0.75, 3, 2.25]
		},
		"thirdperson_lefthand": {
			"rotation": [67.5, 67.5, -12.5],
			"translation": [0.75, 3, 2.25]
		},
		"firstperson_righthand": {
			"rotation": [-180, 75.5, -180],
			"translation": [0, 3, 0]
		},
		"firstperson_lefthand": {
			"rotation": [-180, 75.5, -180],
			"translation": [0, 3, 0]
		},
		"ground": {
			"translation": [0, 4.75, 0]
		},
		"gui": {
			"rotation": [177.47, 16.78, -165.88],
			"translation": [0, 1, 0]
		},
		"fixed": {
			"translation": [0, 0, -2],
			"scale": [2, 2, 2]
		}
	},
	"groups": [
		{
			"name": "quiver",
			"origin": [8, 13, 8],
			"color": 0,
			"children": [0, 1, 2, 3, 4]
		}
	]
}