{
	"credit": "Made with Blockbench",
	"texture_size": [128, 64],
	"textures": {
		"0": "./turtle",
		"particle": "./turtle"
	},
	"elements": [
		{
			"name": "body_rotation",
			"from": [3.5, 1.5, 2],
			"to": [13, 4.5, 12],
			"rotation": {"angle": 0, "axis": "x", "origin": [8.1875, 1.28125, 6.875]},
			"faces": {
				"north": {"uv": [4, 9.25, 1.625, 10.75], "texture": "#0"},
				"east": {"uv": [4, 10.75, 4.75, 15.75], "rotation": 270, "texture": "#0"},
				"south": {"uv": [6.375, 10.75, 4, 9.25], "rotation": 180, "texture": "#0"},
				"west": {"uv": [0.875, 10.75, 1.625, 15.75], "rotation": 90, "texture": "#0"},
				"up": {"uv": [4.75, 10.75, 7.125, 15.75], "rotation": 180, "texture": "#0"},
				"down": {"uv": [1.625, 10.75, 4, 15.75], "texture": "#0"}
			}
		},
		{
			"name": "head",
			"from": [6.75, 0.5, -1],
			"to": [9.75, 3, 2],
			"rotation": {"angle": 0, "axis": "y", "origin": [8.1875, 1.28125, 6.875]},
			"faces": {
				"north": {"uv": [1.125, 1.5, 1.875, 2.75], "texture": "#0"},
				"east": {"uv": [0.375, 1.5, 1.125, 2.75], "texture": "#0"},
				"south": {"uv": [2.625, 1.5, 3.375, 2.75], "texture": "#0"},
				"west": {"uv": [1.875, 1.5, 2.625, 2.75], "texture": "#0"},
				"up": {"uv": [1.875, 1.5, 1.125, 0], "texture": "#0"},
				"down": {"uv": [2.625, 0, 1.875, 1.5], "texture": "#0"}
			}
		},
		{
			"name": "body_rotation",
			"from": [5.5, 0, 2],
			"to": [11, 1.5, 11],
			"rotation": {"angle": 0, "axis": "x", "origin": [8.1875, 1.28125, 6.875]},
			"faces": {
				"north": {"uv": [5.625, 0.25, 4.25, 1], "texture": "#0"},
				"east": {"uv": [3.875, 1, 4.25, 5.5], "rotation": 90, "texture": "#0"},
				"south": {"uv": [7, 1, 5.625, 0.25], "texture": "#0"},
				"west": {"uv": [5.625, 1, 6, 5.5], "rotation": 270, "texture": "#0"},
				"up": {"uv": [4.25, 1, 5.625, 5.5], "rotation": 180, "texture": "#0"},
				"down": {"uv": [6, 1, 7.375, 5.5], "texture": "#0"}
			}
		},
		{
			"name": "body2_rotation",
			"from": [6, -0.5, 2],
			"to": [10.5, 0, 11],
			"rotation": {"angle": 0, "axis": "x", "origin": [8.1875, 1.28125, 6.875]},
			"faces": {
				"north": {"uv": [10, 8.25, 8.875, 8.5], "rotation": 180, "texture": "#0"},
				"east": {"uv": [8.75, 8.5, 8.875, 13], "rotation": 90, "texture": "#0"},
				"south": {"uv": [11.125, 8.5, 10, 8.25], "texture": "#0"},
				"west": {"uv": [10, 8.5, 10.125, 13], "rotation": 270, "texture": "#0"},
				"up": {"uv": [10.125, 8.5, 11.25, 13], "rotation": 180, "texture": "#0"},
				"down": {"uv": [8.875, 8.5, 10, 13], "texture": "#0"}
			}
		},
		{
			"name": "leg1",
			"from": [9, 1, 10.6],
			"to": [11, 1.5, 15.6],
			"rotation": {"angle": 22.5, "axis": "y", "origin": [10, 1.25, 10.6]},
			"faces": {
				"north": {"uv": [1.375, 8.25, 1.875, 8.5], "texture": "#0"},
				"east": {"uv": [0.125, 8.25, 1.375, 8.5], "texture": "#0"},
				"south": {"uv": [3.125, 8.25, 3.625, 8.5], "texture": "#0"},
				"west": {"uv": [1.875, 8.25, 3.125, 8.5], "texture": "#0"},
				"up": {"uv": [1.875, 8.25, 1.375, 5.75], "texture": "#0"},
				"down": {"uv": [2.375, 5.75, 1.875, 8.25], "texture": "#0"}
			}
		},
		{
			"name": "leg2",
			"from": [5.5, 1, 10.6],
			"to": [7.5, 1.5, 15.6],
			"rotation": {"angle": -22.5, "axis": "y", "origin": [6.5, 1.25, 10.6]},
			"faces": {
				"north": {"uv": [1.375, 5.5, 1.875, 5.75], "texture": "#0"},
				"east": {"uv": [0.125, 5.5, 1.375, 5.75], "texture": "#0"},
				"south": {"uv": [3.125, 5.5, 3.625, 5.75], "texture": "#0"},
				"west": {"uv": [1.875, 5.5, 3.125, 5.75], "texture": "#0"},
				"up": {"uv": [1.875, 5.5, 1.375, 3], "texture": "#0"},
				"down": {"uv": [2.375, 3, 1.875, 5.5], "texture": "#0"}
			}
		},
		{
			"name": "leg3",
			"from": [10.5, 1, 2.5],
			"to": [17, 1.5, 5],
			"rotation": {"angle": -22.5, "axis": "y", "origin": [10.75, 1.25, 3.75]},
			"faces": {
				"north": {"uv": [4, 8.75, 5.625, 9], "texture": "#0"},
				"east": {"uv": [3.375, 8.75, 4, 9], "texture": "#0"},
				"south": {"uv": [6.25, 8.75, 7.875, 9], "texture": "#0"},
				"west": {"uv": [5.625, 8.75, 6.25, 9], "texture": "#0"},
				"up": {"uv": [5.625, 8.75, 4, 7.5], "texture": "#0"},
				"down": {"uv": [7.25, 7.5, 5.625, 8.75], "texture": "#0"}
			}
		},
		{
			"name": "leg4",
			"from": [-0.5, 1, 2.5],
			"to": [6, 1.5, 5],
			"rotation": {"angle": 22.5, "axis": "y", "origin": [6.25, 1.25, 3.75]},
			"faces": {
				"north": {"uv": [4, 7.25, 5.625, 7.5], "texture": "#0"},
				"east": {"uv": [3.375, 7.25, 4, 7.5], "texture": "#0"},
				"south": {"uv": [6.25, 7.25, 7.875, 7.5], "texture": "#0"},
				"west": {"uv": [5.625, 7.25, 6.25, 7.5], "texture": "#0"},
				"up": {"uv": [5.625, 7.25, 4, 6], "texture": "#0"},
				"down": {"uv": [7.25, 6, 5.625, 7.25], "texture": "#0"}
			}
		}
	],
	"display": {
		"thirdperson_righthand": {
			"rotation": [75, 45, 0],
			"translation": [0.25, 1, 2.5],
			"scale": [0.4, 0.4, 0.4]
		},
		"thirdperson_lefthand": {
			"rotation": [75, 45, 0],
			"translation": [0, 2.5, 0],
			"scale": [0.375, 0.375, 0.375]
		},
		"firstperson_righthand": {
			"rotation": [0, 45, 0],
			"translation": [1, 3.75, 1.5],
			"scale": [0.4, 0.4, 0.4]
		},
		"firstperson_lefthand": {
			"rotation": [0, 225, 0],
			"translation": [0, 4.5, 0],
			"scale": [0.4, 0.4, 0.4]
		},
		"ground": {
			"scale": [0.4, 0.4, 0.4]
		},
		"gui": {
			"rotation": [30, 225, 0],
			"translation": [-0.75, 3.5, 0],
			"scale": [0.8, 0.8, 0.8]
		},
		"head": {
			"translation": [-0.25, 13.4, -0.39]
		},
		"fixed": {
			"rotation": [-90, 0, 0],
			"translation": [0, 0, -10],
			"scale": [1.3, 1.3, 1.3]
		}
	}
}