{
	"format_version": "1.21.6",
	"textures": {
		"0": "horns",
		"particle": "horns"
	},
	"elements": [
		{
			"from": [0, 6, 5],
			"to": [6, 9, 8],
			"rotation": {"angle": -45, "axis": "y", "origin": [6, 6, 6]},
			"faces": {
				"north": {"uv": [0, 6, 3, 0], "rotation": 90, "texture": "#0"},
				"east": {"uv": [0, 7, 3, 10], "texture": "#0"},
				"south": {"uv": [0, 0, 3, 6], "rotation": 90, "texture": "#0"},
				"west": {"uv": [0, 7, 3, 10], "texture": "#0"},
				"up": {"uv": [6, 0, 3, 6], "rotation": 90, "texture": "#0"},
				"down": {"uv": [0, 6, 3, 0], "rotation": 90, "texture": "#0"}
			}
		},
		{
			"from": [12, 14, 6],
			"to": [16, 15, 7.5],
			"rotation": {"angle": 45, "axis": "y", "origin": [10, 6, 7]},
			"faces": {
				"north": {"uv": [8, 0, 9, 4], "rotation": 90, "texture": "#0"},
				"east": {"uv": [8, 3, 10, 4], "texture": "#0"},
				"south": {"uv": [8, 4, 9, 0], "rotation": 90, "texture": "#0"},
				"west": {"uv": [8, 0, 10, 1], "texture": "#0"},
				"up": {"uv": [10, 4, 8, 0], "rotation": 90, "texture": "#0"},
				"down": {"uv": [8, 4, 10, 0], "rotation": 90, "texture": "#0"}
			}
		},
		{
			"from": [-1, 7, 5.5],
			"to": [2, 14, 7.5],
			"rotation": {"angle": -45, "axis": "y", "origin": [6, 6, 6]},
			"faces": {
				"north": {"uv": [0, 0, 3, 7], "texture": "#0"},
				"east": {"uv": [0, 0, 2, 7], "texture": "#0"},
				"south": {"uv": [3, 0, 0, 7], "texture": "#0"},
				"west": {"uv": [6, 0, 8, 7], "texture": "#0"},
				"up": {"uv": [3, 9, 6, 7], "texture": "#0"},
				"down": {"uv": [6, 7, 3, 9], "texture": "#0"}
			}
		},
		{
			"from": [10, 6, 5],
			"to": [16, 9, 8],
			"rotation": {"angle": 45, "axis": "y", "origin": [10, 6, 6]},
			"faces": {
				"north": {"uv": [0, 0, 3, 6], "rotation": 90, "texture": "#0"},
				"east": {"uv": [0, 7, 3, 10], "texture": "#0"},
				"south": {"uv": [0, 6, 3, 0], "rotation": 90, "texture": "#0"},
				"west": {"uv": [0, 7, 3, 10], "texture": "#0"},
				"up": {"uv": [6, 6, 3, 0], "rotation": 90, "texture": "#0"},
				"down": {"uv": [3, 6, 6, 0], "rotation": 90, "texture": "#0"}
			}
		},
		{
			"from": [0, 14, 6],
			"to": [4, 15, 7.5],
			"rotation": {"angle": -45, "axis": "y", "origin": [6, 6, 7]},
			"faces": {
				"north": {"uv": [8, 4, 9, 0], "rotation": 90, "texture": "#0"},
				"east": {"uv": [8, 0, 10, 1], "texture": "#0"},
				"south": {"uv": [8, 0, 9, 4], "rotation": 90, "texture": "#0"},
				"west": {"uv": [8, 3, 10, 4], "texture": "#0"},
				"up": {"uv": [10, 0, 8, 4], "rotation": 90, "texture": "#0"},
				"down": {"uv": [8, 0, 10, 4], "rotation": 90, "texture": "#0"}
			}
		},
		{
			"from": [13, 9, 5.5],
			"to": [14, 10, 7.5],
			"rotation": {"angle": 45, "axis": "y", "origin": [10, 6, 6]},
			"faces": {
				"north": {"uv": [2, 0, 3, 1], "texture": "#0"},
				"south": {"uv": [2, 0, 3, 1], "texture": "#0"},
				"west": {"uv": [0, 1, 2, 2], "texture": "#0"},
				"up": {"uv": [2, 2, 0, 1], "rotation": 90, "texture": "#0"}
			}
		},
		{
			"from": [2, 9, 5.5],
			"to": [3, 10, 7.5],
			"rotation": {"angle": -45, "axis": "y", "origin": [6, 6, 6]},
			"faces": {
				"north": {"uv": [2, 0, 3, 1], "texture": "#0"},
				"east": {"uv": [0, 1, 2, 2], "texture": "#0"},
				"south": {"uv": [2, 0, 3, 1], "texture": "#0"},
				"up": {"uv": [2, 2, 0, 1], "rotation": 90, "texture": "#0"}
			}
		},
		{
			"from": [14, 7, 5.5],
			"to": [17, 14, 7.5],
			"rotation": {"angle": 45, "axis": "y", "origin": [10, 6, 6]},
			"faces": {
				"north": {"uv": [3, 0, 0, 7], "texture": "#0"},
				"east": {"uv": [6, 0, 8, 7], "texture": "#0"},
				"south": {"uv": [0, 0, 3, 7], "texture": "#0"},
				"west": {"uv": [0, 0, 2, 7], "texture": "#0"},
				"up": {"uv": [6, 9, 3, 7], "texture": "#0"},
				"down": {"uv": [3, 7, 6, 9], "texture": "#0"}
			}
		}
	],
	"display": {
		"gui": {
			"rotation": [30, 150, 0],
			"translation": [3, -0.5, 0]
		},
		"head": {
			"translation": [0, 6.5, 0],
			"scale": [1.6, 1.6, 1.6]
		}
	}
}