{
	"format_version": "1.21.6",
	"textures": {
		"0": "candle_chandelier",
		"1": "dyable",
		"2": "flame",
		"particle": "candle_chandelier"
	},
	"elements": [
		{
			"name": "dyable",
			"from": [4, 22, 4],
			"to": [12, 24, 12],
			"rotation": {"angle": 0, "axis": "y", "origin": [5, 8, 5]},
			"faces": {
				"north": {"uv": [0, 4, 4, 5], "texture": "#1"},
				"east": {"uv": [0, 4, 4, 5], "texture": "#1"},
				"south": {"uv": [0, 4, 4, 5], "texture": "#1"},
				"west": {"uv": [0, 4, 4, 5], "texture": "#1"},
				"up": {"uv": [4, 4, 0, 0], "texture": "#1"},
				"down": {"uv": [0, 0, 4, 4], "texture": "#1"}
			}
		},
		{
			"name": "dyable",
			"from": [6, 0, -7],
			"to": [10, 8, -3],
			"rotation": {"angle": 0, "axis": "y", "origin": [6, 0, -7]},
			"faces": {
				"north": {"uv": [7, 0, 9, 4], "texture": "#1"},
				"east": {"uv": [7, 0, 9, 4], "texture": "#1"},
				"south": {"uv": [7, 0, 9, 4], "texture": "#1"},
				"west": {"uv": [7, 0, 9, 4], "texture": "#1"},
				"up": {"uv": [7, 4, 9, 6], "texture": "#1"},
				"down": {"uv": [9, 0, 11, 2], "texture": "#1"}
			}
		},
		{
			"name": "dyable",
			"from": [6, 0, 19],
			"to": [10, 8, 23],
			"rotation": {"angle": 0, "axis": "y", "origin": [8, 3, 21]},
			"faces": {
				"north": {"uv": [7, 0, 9, 4], "texture": "#1"},
				"east": {"uv": [7, 0, 9, 4], "texture": "#1"},
				"south": {"uv": [7, 0, 9, 4], "texture": "#1"},
				"west": {"uv": [7, 0, 9, 4], "texture": "#1"},
				"up": {"uv": [7, 4, 9, 6], "texture": "#1"},
				"down": {"uv": [9, 0, 11, 2], "texture": "#1"}
			}
		},
		{
			"name": "dyable",
			"from": [-7, 0, 6],
			"to": [-3, 8, 10],
			"rotation": {"angle": 0, "axis": "y", "origin": [-5, 3, 8]},
			"faces": {
				"north": {"uv": [7, 0, 9, 4], "texture": "#1"},
				"east": {"uv": [7, 0, 9, 4], "texture": "#1"},
				"south": {"uv": [7, 0, 9, 4], "texture": "#1"},
				"west": {"uv": [7, 0, 9, 4], "texture": "#1"},
				"up": {"uv": [7, 4, 9, 6], "texture": "#1"},
				"down": {"uv": [9, 0, 11, 2], "texture": "#1"}
			}
		},
		{
			"name": "dyable",
			"from": [19, 0, 6],
			"to": [23, 8, 10],
			"rotation": {"angle": 0, "axis": "y", "origin": [21, 3, 8]},
			"faces": {
				"north": {"uv": [7, 0, 9, 4], "texture": "#1"},
				"east": {"uv": [7, 0, 9, 4], "texture": "#1"},
				"south": {"uv": [7, 0, 9, 4], "texture": "#1"},
				"west": {"uv": [7, 0, 9, 4], "texture": "#1"},
				"up": {"uv": [7, 4, 9, 6], "texture": "#1"},
				"down": {"uv": [9, 0, 11, 2], "texture": "#1"}
			}
		},
		{
			"name": "dyable",
			"from": [18, 0, -6],
			"to": [22, 8, -2],
			"rotation": {"angle": 45, "axis": "y", "origin": [20, 3.5, -4]},
			"faces": {
				"north": {"uv": [7, 0, 9, 4], "texture": "#1"},
				"east": {"uv": [7, 0, 9, 4], "texture": "#1"},
				"south": {"uv": [7, 0, 9, 4], "texture": "#1"},
				"west": {"uv": [7, 0, 9, 4], "texture": "#1"},
				"up": {"uv": [7, 4, 9, 6], "texture": "#1"},
				"down": {"uv": [9, 0, 11, 2], "texture": "#1"}
			}
		},
		{
			"name": "dyable",
			"from": [-6, 0, -6],
			"to": [-2, 8, -2],
			"rotation": {"angle": 45, "axis": "y", "origin": [-4, 3.5, -4]},
			"faces": {
				"north": {"uv": [7, 0, 9, 4], "texture": "#1"},
				"east": {"uv": [7, 0, 9, 4], "texture": "#1"},
				"south": {"uv": [7, 0, 9, 4], "texture": "#1"},
				"west": {"uv": [7, 0, 9, 4], "texture": "#1"},
				"up": {"uv": [7, 4, 9, 6], "texture": "#1"},
				"down": {"uv": [9, 0, 11, 2], "texture": "#1"}
			}
		},
		{
			"name": "dyable",
			"from": [-6, 0, 18],
			"to": [-2, 8, 22],
			"rotation": {"angle": 45, "axis": "y", "origin": [-4, 3.5, 20]},
			"faces": {
				"north": {"uv": [7, 0, 9, 4], "texture": "#1"},
				"east": {"uv": [7, 0, 9, 4], "texture": "#1"},
				"south": {"uv": [7, 0, 9, 4], "texture": "#1"},
				"west": {"uv": [7, 0, 9, 4], "texture": "#1"},
				"up": {"uv": [7, 4, 9, 6], "texture": "#1"},
				"down": {"uv": [9, 0, 11, 2], "texture": "#1"}
			}
		},
		{
			"name": "dyable",
			"from": [18, 0, 18],
			"to": [22, 8, 22],
			"rotation": {"angle": 45, "axis": "y", "origin": [20, 3.5, 20]},
			"faces": {
				"north": {"uv": [7, 0, 9, 4], "texture": "#1"},
				"east": {"uv": [7, 0, 9, 4], "texture": "#1"},
				"south": {"uv": [7, 0, 9, 4], "texture": "#1"},
				"west": {"uv": [7, 0, 9, 4], "texture": "#1"},
				"up": {"uv": [7, 4, 9, 6], "texture": "#1"},
				"down": {"uv": [9, 0, 11, 2], "texture": "#1"}
			}
		},
		{
			"name": "dyable",
			"from": [7, 18, 7],
			"to": [9, 20, 9],
			"rotation": {"angle": 0, "axis": "y", "origin": [5, 6, 5]},
			"faces": {
				"north": {"uv": [4, 3.5, 5, 4.5], "texture": "#1"},
				"east": {"uv": [4, 3.5, 5, 4.5], "texture": "#1"},
				"south": {"uv": [4, 3.5, 5, 4.5], "texture": "#1"},
				"west": {"uv": [4, 3.5, 5, 4.5], "texture": "#1"}
			}
		},
		{
			"from": [7, 8, -6],
			"to": [9, 13, -4],
			"rotation": {"angle": 0, "axis": "y", "origin": [7, 8, -6]},
			"faces": {
				"north": {"uv": [4, 4, 6, 9], "texture": "#0"},
				"east": {"uv": [6, 4, 4, 9], "texture": "#0"},
				"south": {"uv": [4, 4, 6, 9], "texture": "#0"},
				"west": {"uv": [6, 4, 4, 9], "texture": "#0"},
				"up": {"uv": [6, 6, 4, 4], "texture": "#0"}
			}
		},
		{
			"from": [6.5, 13, -5],
			"to": [9.5, 17, -5],
			"rotation": {"angle": -45, "axis": "y", "origin": [8, 15, -5]},
			"faces": {
				"north": {"uv": [0, 0, 12, 16], "texture": "#2"},
				"east": {"uv": [0, 0, 0, 4], "texture": "#0"},
				"south": {"uv": [0, 0, 12, 16], "texture": "#2"},
				"west": {"uv": [0, 0, 0, 4], "texture": "#0"},
				"up": {"uv": [3, 0, 0, 0], "texture": "#0"},
				"down": {"uv": [3, 0, 0, 0], "texture": "#0"}
			}
		},
		{
			"from": [6.5, 13, -5],
			"to": [9.5, 17, -5],
			"rotation": {"angle": 45, "axis": "y", "origin": [8, 15, -5]},
			"faces": {
				"north": {"uv": [0, 0, 12, 16], "texture": "#2"},
				"east": {"uv": [0, 0, 0, 4], "texture": "#0"},
				"south": {"uv": [0, 0, 12, 16], "texture": "#2"},
				"west": {"uv": [0, 0, 0, 4], "texture": "#0"},
				"up": {"uv": [3, 0, 0, 0], "texture": "#0"},
				"down": {"uv": [3, 0, 0, 0], "texture": "#0"}
			}
		},
		{
			"from": [19.5, 13, 8],
			"to": [22.5, 17, 8],
			"rotation": {"angle": 45, "axis": "y", "origin": [21, 15, 8]},
			"faces": {
				"north": {"uv": [0, 0, 12, 16], "texture": "#2"},
				"east": {"uv": [0, 0, 0, 4], "texture": "#0"},
				"south": {"uv": [0, 0, 12, 16], "texture": "#2"},
				"west": {"uv": [0, 0, 0, 4], "texture": "#0"},
				"up": {"uv": [3, 0, 0, 0], "texture": "#0"},
				"down": {"uv": [3, 0, 0, 0], "texture": "#0"}
			}
		},
		{
			"from": [19.5, 13, 8],
			"to": [22.5, 17, 8],
			"rotation": {"angle": -45, "axis": "y", "origin": [21, 15, 8]},
			"faces": {
				"north": {"uv": [0, 0, 12, 16], "texture": "#2"},
				"east": {"uv": [0, 0, 0, 4], "texture": "#0"},
				"south": {"uv": [0, 0, 12, 16], "texture": "#2"},
				"west": {"uv": [0, 0, 0, 4], "texture": "#0"},
				"up": {"uv": [3, 0, 0, 0], "texture": "#0"},
				"down": {"uv": [3, 0, 0, 0], "texture": "#0"}
			}
		},
		{
			"from": [20, 8, 7],
			"to": [22, 13, 9],
			"rotation": {"angle": 0, "axis": "y", "origin": [20, 8, 7]},
			"faces": {
				"north": {"uv": [6, 4, 4, 9], "texture": "#0"},
				"east": {"uv": [4, 4, 6, 9], "texture": "#0"},
				"south": {"uv": [6, 4, 4, 9], "texture": "#0"},
				"west": {"uv": [4, 4, 6, 9], "texture": "#0"},
				"up": {"uv": [6, 6, 4, 4], "texture": "#0"}
			}
		},
		{
			"from": [-6.5, 13, 8],
			"to": [-3.5, 17, 8],
			"rotation": {"angle": 45, "axis": "y", "origin": [-5, 15, 8]},
			"faces": {
				"north": {"uv": [0, 0, 12, 16], "texture": "#2"},
				"east": {"uv": [0, 0, 0, 4], "texture": "#0"},
				"south": {"uv": [0, 0, 12, 16], "texture": "#2"},
				"west": {"uv": [0, 0, 0, 4], "texture": "#0"},
				"up": {"uv": [3, 0, 0, 0], "texture": "#0"},
				"down": {"uv": [3, 0, 0, 0], "texture": "#0"}
			}
		},
		{
			"from": [-6.5, 13, 8],
			"to": [-3.5, 17, 8],
			"rotation": {"angle": -45, "axis": "y", "origin": [-5, 15, 8]},
			"faces": {
				"north": {"uv": [0, 0, 12, 16], "texture": "#2"},
				"east": {"uv": [0, 0, 0, 4], "texture": "#0"},
				"south": {"uv": [0, 0, 12, 16], "texture": "#2"},
				"west": {"uv": [0, 0, 0, 4], "texture": "#0"},
				"up": {"uv": [3, 0, 0, 0], "texture": "#0"},
				"down": {"uv": [3, 0, 0, 0], "texture": "#0"}
			}
		},
		{
			"from": [-6, 8, 7],
			"to": [-4, 13, 9],
			"rotation": {"angle": 0, "axis": "y", "origin": [-6, 8, 7]},
			"faces": {
				"north": {"uv": [6, 4, 4, 9], "texture": "#0"},
				"east": {"uv": [4, 4, 6, 9], "texture": "#0"},
				"south": {"uv": [6, 4, 4, 9], "texture": "#0"},
				"west": {"uv": [4, 4, 6, 9], "texture": "#0"},
				"up": {"uv": [6, 6, 4, 4], "texture": "#0"}
			}
		},
		{
			"from": [6.5, 13, 21],
			"to": [9.5, 17, 21],
			"rotation": {"angle": 45, "axis": "y", "origin": [8, 15, 21]},
			"faces": {
				"north": {"uv": [0, 0, 12, 16], "texture": "#2"},
				"east": {"uv": [0, 0, 0, 4], "texture": "#0"},
				"south": {"uv": [0, 0, 12, 16], "texture": "#2"},
				"west": {"uv": [0, 0, 0, 4], "texture": "#0"},
				"up": {"uv": [3, 0, 0, 0], "texture": "#0"},
				"down": {"uv": [3, 0, 0, 0], "texture": "#0"}
			}
		},
		{
			"from": [6.5, 13, 21],
			"to": [9.5, 17, 21],
			"rotation": {"angle": -45, "axis": "y", "origin": [8, 15, 21]},
			"faces": {
				"north": {"uv": [0, 0, 12, 16], "texture": "#2"},
				"east": {"uv": [0, 0, 0, 4], "texture": "#0"},
				"south": {"uv": [0, 0, 12, 16], "texture": "#2"},
				"west": {"uv": [0, 0, 0, 4], "texture": "#0"},
				"up": {"uv": [3, 0, 0, 0], "texture": "#0"},
				"down": {"uv": [3, 0, 0, 0], "texture": "#0"}
			}
		},
		{
			"from": [7, 8, 20],
			"to": [9, 13, 22],
			"rotation": {"angle": 0, "axis": "y", "origin": [7, 8, 20]},
			"faces": {
				"north": {"uv": [4, 4, 6, 9], "texture": "#0"},
				"east": {"uv": [6, 4, 4, 9], "texture": "#0"},
				"south": {"uv": [4, 4, 6, 9], "texture": "#0"},
				"west": {"uv": [6, 4, 4, 9], "texture": "#0"},
				"up": {"uv": [6, 6, 4, 4], "texture": "#0"}
			}
		},
		{
			"from": [-5.5, 13, 20],
			"to": [-2.5, 17, 20],
			"rotation": {"angle": 0, "axis": "y", "origin": [-4, 12.75, 20]},
			"faces": {
				"north": {"uv": [0, 0, 12, 16], "texture": "#2"},
				"east": {"uv": [0, 0, 0, 4], "texture": "#0"},
				"south": {"uv": [0, 0, 12, 16], "texture": "#2"},
				"west": {"uv": [0, 0, 0, 4], "texture": "#0"},
				"up": {"uv": [3, 0, 0, 0], "texture": "#0"},
				"down": {"uv": [3, 0, 0, 0], "texture": "#0"}
			}
		},
		{
			"from": [-4, 13, 18.5],
			"to": [-4, 17, 21.5],
			"rotation": {"angle": 0, "axis": "y", "origin": [-4, 12.75, 20]},
			"faces": {
				"north": {"uv": [0, 0, 0, 4], "texture": "#0"},
				"east": {"uv": [0, 0, 12, 16], "texture": "#2"},
				"south": {"uv": [0, 0, 0, 4], "texture": "#0"},
				"west": {"uv": [0, 0, 12, 16], "texture": "#2"},
				"up": {"uv": [0, 3, 0, 0], "texture": "#0"},
				"down": {"uv": [0, 0, 0, 3], "texture": "#0"}
			}
		},
		{
			"from": [-5, 8, 19],
			"to": [-3, 13, 21],
			"rotation": {"angle": 45, "axis": "y", "origin": [-4, 12.75, 20]},
			"faces": {
				"north": {"uv": [6, 4, 4, 9], "texture": "#0"},
				"east": {"uv": [4, 4, 6, 9], "texture": "#0"},
				"south": {"uv": [6, 4, 4, 9], "texture": "#0"},
				"west": {"uv": [4, 4, 6, 9], "texture": "#0"},
				"up": {"uv": [6, 6, 4, 4], "texture": "#0"}
			}
		},
		{
			"from": [-5.5, 13, -4],
			"to": [-2.5, 17, -4],
			"rotation": {"angle": 0, "axis": "y", "origin": [-4, 12.75, -4]},
			"faces": {
				"north": {"uv": [0, 0, 12, 16], "texture": "#2"},
				"east": {"uv": [0, 0, 0, 4], "texture": "#0"},
				"south": {"uv": [0, 0, 12, 16], "texture": "#2"},
				"west": {"uv": [0, 0, 0, 4], "texture": "#0"},
				"up": {"uv": [3, 0, 0, 0], "texture": "#0"},
				"down": {"uv": [3, 0, 0, 0], "texture": "#0"}
			}
		},
		{
			"from": [-4, 13, -5.5],
			"to": [-4, 17, -2.5],
			"rotation": {"angle": 0, "axis": "y", "origin": [-4, 12.75, -4]},
			"faces": {
				"north": {"uv": [0, 0, 0, 4], "texture": "#0"},
				"east": {"uv": [0, 0, 12, 16], "texture": "#2"},
				"south": {"uv": [0, 0, 0, 4], "texture": "#0"},
				"west": {"uv": [0, 0, 12, 16], "texture": "#2"},
				"up": {"uv": [0, 3, 0, 0], "texture": "#0"},
				"down": {"uv": [0, 0, 0, 3], "texture": "#0"}
			}
		},
		{
			"from": [-5, 8, -5],
			"to": [-3, 13, -3],
			"rotation": {"angle": 45, "axis": "y", "origin": [-4, 12.75, -4]},
			"faces": {
				"north": {"uv": [4, 4, 6, 9], "texture": "#0"},
				"east": {"uv": [6, 4, 4, 9], "texture": "#0"},
				"south": {"uv": [4, 4, 6, 9], "texture": "#0"},
				"west": {"uv": [6, 4, 4, 9], "texture": "#0"},
				"up": {"uv": [6, 6, 4, 4], "texture": "#0"}
			}
		},
		{
			"from": [18.5, 13, -4],
			"to": [21.5, 17, -4],
			"rotation": {"angle": 0, "axis": "y", "origin": [20, 12.75, -4]},
			"faces": {
				"north": {"uv": [0, 0, 12, 16], "texture": "#2"},
				"east": {"uv": [0, 0, 0, 4], "texture": "#0"},
				"south": {"uv": [0, 0, 12, 16], "texture": "#2"},
				"west": {"uv": [0, 0, 0, 4], "texture": "#0"},
				"up": {"uv": [3, 0, 0, 0], "texture": "#0"},
				"down": {"uv": [3, 0, 0, 0], "texture": "#0"}
			}
		},
		{
			"from": [20, 13, -5.5],
			"to": [20, 17, -2.5],
			"rotation": {"angle": 0, "axis": "y", "origin": [20, 12.75, -4]},
			"faces": {
				"north": {"uv": [0, 0, 0, 4], "texture": "#0"},
				"east": {"uv": [0, 0, 12, 16], "texture": "#2"},
				"south": {"uv": [0, 0, 0, 4], "texture": "#0"},
				"west": {"uv": [0, 0, 12, 16], "texture": "#2"},
				"up": {"uv": [0, 3, 0, 0], "texture": "#0"},
				"down": {"uv": [0, 0, 0, 3], "texture": "#0"}
			}
		},
		{
			"from": [19, 8, -5],
			"to": [21, 13, -3],
			"rotation": {"angle": 45, "axis": "y", "origin": [20, 12.75, -4]},
			"faces": {
				"north": {"uv": [6, 4, 4, 9], "texture": "#0"},
				"east": {"uv": [4, 4, 6, 9], "texture": "#0"},
				"south": {"uv": [6, 4, 4, 9], "texture": "#0"},
				"west": {"uv": [4, 4, 6, 9], "texture": "#0"},
				"up": {"uv": [6, 6, 4, 4], "texture": "#0"}
			}
		},
		{
			"from": [18.5, 13, 20],
			"to": [21.5, 17, 20],
			"rotation": {"angle": 0, "axis": "y", "origin": [20, 12.75, 20]},
			"faces": {
				"north": {"uv": [0, 0, 12, 16], "texture": "#2"},
				"east": {"uv": [0, 0, 0, 4], "texture": "#0"},
				"south": {"uv": [0, 0, 12, 16], "texture": "#2"},
				"west": {"uv": [0, 0, 0, 4], "texture": "#0"},
				"up": {"uv": [3, 0, 0, 0], "texture": "#0"},
				"down": {"uv": [3, 0, 0, 0], "texture": "#0"}
			}
		},
		{
			"from": [20, 13, 18.5],
			"to": [20, 17, 21.5],
			"rotation": {"angle": 0, "axis": "y", "origin": [20, 12.75, 20]},
			"faces": {
				"north": {"uv": [0, 0, 0, 4], "texture": "#0"},
				"east": {"uv": [0, 0, 12, 16], "texture": "#2"},
				"south": {"uv": [0, 0, 0, 4], "texture": "#0"},
				"west": {"uv": [0, 0, 12, 16], "texture": "#2"},
				"up": {"uv": [0, 3, 0, 0], "texture": "#0"},
				"down": {"uv": [0, 0, 0, 3], "texture": "#0"}
			}
		},
		{
			"from": [19, 8, 19],
			"to": [21, 13, 21],
			"rotation": {"angle": 45, "axis": "y", "origin": [20, 12.75, 20]},
			"faces": {
				"north": {"uv": [4, 4, 6, 9], "texture": "#0"},
				"east": {"uv": [6, 4, 4, 9], "texture": "#0"},
				"south": {"uv": [4, 4, 6, 9], "texture": "#0"},
				"west": {"uv": [6, 4, 4, 9], "texture": "#0"},
				"up": {"uv": [6, 6, 4, 4], "texture": "#0"}
			}
		},
		{
			"name": "dyable",
			"from": [12, 1, -6],
			"to": [18, 6, -4],
			"rotation": {"angle": 0, "axis": "y", "origin": [-4, 1, -6]},
			"faces": {
				"north": {"uv": [4, 0, 7, 2.5], "texture": "#1"},
				"south": {"uv": [4, 0, 7, 2.5], "texture": "#1"},
				"up": {"uv": [4, 2.5, 7, 3.5], "texture": "#1"},
				"down": {"uv": [4, 2.5, 7, 3.5], "texture": "#1"}
			}
		},
		{
			"name": "dyable",
			"from": [-2, 1, -6],
			"to": [4, 6, -4],
			"rotation": {"angle": 0, "axis": "y", "origin": [-18, 1, -6]},
			"faces": {
				"north": {"uv": [4, 0, 7, 2.5], "texture": "#1"},
				"south": {"uv": [4, 0, 7, 2.5], "texture": "#1"},
				"up": {"uv": [4, 2.5, 7, 3.5], "texture": "#1"},
				"down": {"uv": [4, 2.5, 7, 3.5], "texture": "#1"}
			}
		},
		{
			"name": "dyable",
			"from": [-2, 1, 20],
			"to": [4, 6, 22],
			"rotation": {"angle": 0, "axis": "y", "origin": [8, 4, 21]},
			"faces": {
				"north": {"uv": [4, 0, 7, 2.5], "texture": "#1"},
				"south": {"uv": [4, 0, 7, 2.5], "texture": "#1"},
				"up": {"uv": [4, 2.5, 7, 3.5], "texture": "#1"},
				"down": {"uv": [4, 2.5, 7, 3.5], "texture": "#1"}
			}
		},
		{
			"name": "dyable",
			"from": [12, 1, 20],
			"to": [18, 6, 22],
			"rotation": {"angle": 0, "axis": "y", "origin": [8, 4, 21]},
			"faces": {
				"north": {"uv": [4, 0, 7, 2.5], "texture": "#1"},
				"south": {"uv": [4, 0, 7, 2.5], "texture": "#1"},
				"up": {"uv": [4, 2.5, 7, 3.5], "texture": "#1"},
				"down": {"uv": [4, 2.5, 7, 3.5], "texture": "#1"}
			}
		},
		{
			"name": "dyable",
			"from": [-6, 1, -2],
			"to": [-4, 6, 4],
			"rotation": {"angle": 0, "axis": "y", "origin": [-5, 4, 8]},
			"faces": {
				"east": {"uv": [4, 0, 7, 2.5], "texture": "#1"},
				"west": {"uv": [4, 0, 7, 2.5], "texture": "#1"},
				"up": {"uv": [4, 2.5, 7, 3.5], "rotation": 90, "texture": "#1"},
				"down": {"uv": [4, 2.5, 7, 3.5], "rotation": 90, "texture": "#1"}
			}
		},
		{
			"name": "dyable",
			"from": [-6, 1, 12],
			"to": [-4, 6, 18],
			"rotation": {"angle": 0, "axis": "y", "origin": [-5, 4, 8]},
			"faces": {
				"east": {"uv": [4, 0, 7, 2.5], "texture": "#1"},
				"west": {"uv": [4, 0, 7, 2.5], "texture": "#1"},
				"up": {"uv": [4, 2.5, 7, 3.5], "rotation": 90, "texture": "#1"},
				"down": {"uv": [4, 2.5, 7, 3.5], "rotation": 90, "texture": "#1"}
			}
		},
		{
			"name": "dyable",
			"from": [20, 1, 12],
			"to": [22, 6, 18],
			"rotation": {"angle": 0, "axis": "y", "origin": [21, 4, 8]},
			"faces": {
				"east": {"uv": [4, 0, 7, 2.5], "texture": "#1"},
				"west": {"uv": [4, 0, 7, 2.5], "texture": "#1"},
				"up": {"uv": [4, 2.5, 7, 3.5], "rotation": 90, "texture": "#1"},
				"down": {"uv": [4, 2.5, 7, 3.5], "rotation": 90, "texture": "#1"}
			}
		},
		{
			"name": "dyable",
			"from": [20, 1, -2],
			"to": [22, 6, 4],
			"rotation": {"angle": 0, "axis": "y", "origin": [21, 4, 8]},
			"faces": {
				"east": {"uv": [4, 0, 7, 2.5], "texture": "#1"},
				"west": {"uv": [4, 0, 7, 2.5], "texture": "#1"},
				"up": {"uv": [4, 2.5, 7, 3.5], "rotation": 90, "texture": "#1"},
				"down": {"uv": [4, 2.5, 7, 3.5], "rotation": 90, "texture": "#1"}
			}
		},
		{
			"from": [10, 1, -6],
			"to": [12, 6, -4],
			"rotation": {"angle": 0, "axis": "y", "origin": [-4, 1, -6]},
			"faces": {
				"north": {"uv": [2, 0, 0, 5], "texture": "#0"},
				"south": {"uv": [0, 0, 2, 5], "texture": "#0"},
				"up": {"uv": [2, 7, 0, 5], "texture": "#0"},
				"down": {"uv": [2, 7, 0, 9], "texture": "#0"}
			}
		},
		{
			"from": [18, 1, -6],
			"to": [20, 6, -4],
			"rotation": {"angle": 0, "axis": "y", "origin": [4, 1, -6]},
			"faces": {
				"north": {"uv": [0, 0, 2, 5], "texture": "#0"},
				"south": {"uv": [46, 57, 48, 62], "texture": "#0"},
				"up": {"uv": [2, 7, 0, 5], "texture": "#0"},
				"down": {"uv": [2, 7, 0, 9], "texture": "#0"}
			}
		},
		{
			"from": [-4, 1, -6],
			"to": [-2, 6, -4],
			"rotation": {"angle": 0, "axis": "y", "origin": [-18, 1, -6]},
			"faces": {
				"north": {"uv": [2, 0, 0, 5], "texture": "#0"},
				"south": {"uv": [0, 58, 2, 63], "texture": "#0"},
				"up": {"uv": [2, 7, 0, 5], "texture": "#0"},
				"down": {"uv": [2, 7, 0, 9], "texture": "#0"}
			}
		},
		{
			"from": [4, 1, -6],
			"to": [6, 6, -4],
			"rotation": {"angle": 0, "axis": "y", "origin": [-10, 1, -6]},
			"faces": {
				"north": {"uv": [0, 0, 2, 5], "texture": "#0"},
				"south": {"uv": [2, 0, 0, 5], "texture": "#0"},
				"up": {"uv": [2, 7, 0, 5], "texture": "#0"},
				"down": {"uv": [2, 7, 0, 9], "texture": "#0"}
			}
		},
		{
			"from": [-4, 1, 20],
			"to": [-2, 6, 22],
			"rotation": {"angle": 0, "axis": "y", "origin": [8, 4, 21]},
			"faces": {
				"north": {"uv": [12, 58, 14, 63], "texture": "#0"},
				"south": {"uv": [0, 0, 2, 5], "texture": "#0"},
				"up": {"uv": [2, 7, 0, 5], "texture": "#0"},
				"down": {"uv": [2, 7, 0, 9], "texture": "#0"}
			}
		},
		{
			"from": [18, 1, 20],
			"to": [20, 6, 22],
			"rotation": {"angle": 0, "axis": "y", "origin": [8, 4, 21]},
			"faces": {
				"north": {"uv": [20, 58, 22, 63], "texture": "#0"},
				"south": {"uv": [2, 0, 0, 5], "texture": "#0"},
				"up": {"uv": [2, 7, 0, 5], "texture": "#0"},
				"down": {"uv": [2, 7, 0, 9], "texture": "#0"}
			}
		},
		{
			"from": [10, 1, 20],
			"to": [12, 6, 22],
			"rotation": {"angle": 0, "axis": "y", "origin": [8, 4, 21]},
			"faces": {
				"north": {"uv": [2, 0, 0, 5], "texture": "#0"},
				"south": {"uv": [0, 0, 2, 5], "texture": "#0"},
				"up": {"uv": [2, 7, 0, 5], "texture": "#0"},
				"down": {"uv": [2, 7, 0, 9], "texture": "#0"}
			}
		},
		{
			"from": [4, 1, 20],
			"to": [6, 6, 22],
			"rotation": {"angle": 0, "axis": "y", "origin": [8, 4, 21]},
			"faces": {
				"north": {"uv": [0, 0, 2, 5], "texture": "#0"},
				"south": {"uv": [2, 0, 0, 5], "texture": "#0"},
				"up": {"uv": [2, 7, 0, 5], "texture": "#0"},
				"down": {"uv": [2, 7, 0, 9], "texture": "#0"}
			}
		},
		{
			"from": [-6, 1, -4],
			"to": [-4, 6, -2],
			"rotation": {"angle": 0, "axis": "y", "origin": [-5, 4, 8]},
			"faces": {
				"east": {"uv": [59, 40, 61, 45], "texture": "#0"},
				"west": {"uv": [2, 0, 0, 5], "texture": "#0"},
				"up": {"uv": [2, 7, 0, 5], "texture": "#0"},
				"down": {"uv": [2, 7, 0, 9], "texture": "#0"}
			}
		},
		{
			"from": [-6, 1, 18],
			"to": [-4, 6, 20],
			"rotation": {"angle": 0, "axis": "y", "origin": [-5, 3.5, 19]},
			"faces": {
				"east": {"uv": [56, 59, 58, 64], "texture": "#0"},
				"west": {"uv": [0, 0, 2, 5], "texture": "#0"},
				"up": {"uv": [2, 7, 0, 5], "texture": "#0"},
				"down": {"uv": [2, 7, 0, 9], "texture": "#0"}
			}
		},
		{
			"from": [-6, 1, 10],
			"to": [-4, 6, 12],
			"rotation": {"angle": 0, "axis": "y", "origin": [-5, 4, 8]},
			"faces": {
				"east": {"uv": [2, 0, 0, 5], "texture": "#0"},
				"west": {"uv": [0, 0, 2, 5], "texture": "#0"},
				"up": {"uv": [2, 7, 0, 5], "texture": "#0"},
				"down": {"uv": [2, 7, 0, 9], "texture": "#0"}
			}
		},
		{
			"from": [-6, 1, 4],
			"to": [-4, 6, 6],
			"rotation": {"angle": 0, "axis": "y", "origin": [-5, 4, 8]},
			"faces": {
				"east": {"uv": [0, 0, 2, 5], "texture": "#0"},
				"west": {"uv": [2, 0, 0, 5], "texture": "#0"},
				"up": {"uv": [2, 7, 0, 5], "texture": "#0"},
				"down": {"uv": [2, 7, 0, 9], "texture": "#0"}
			}
		},
		{
			"from": [20, 1, 18],
			"to": [22, 6, 20],
			"rotation": {"angle": 0, "axis": "y", "origin": [21, 3.5, 19]},
			"faces": {
				"east": {"uv": [0, 0, 2, 5], "texture": "#0"},
				"west": {"uv": [61, 50, 63, 55], "texture": "#0"},
				"up": {"uv": [2, 7, 0, 5], "texture": "#0"},
				"down": {"uv": [2, 7, 0, 9], "texture": "#0"}
			}
		},
		{
			"from": [20, 1, 10],
			"to": [22, 6, 12],
			"rotation": {"angle": 0, "axis": "y", "origin": [21, 4, 8]},
			"faces": {
				"east": {"uv": [2, 0, 0, 5], "texture": "#0"},
				"west": {"uv": [0, 0, 2, 5], "texture": "#0"},
				"up": {"uv": [2, 7, 0, 5], "texture": "#0"},
				"down": {"uv": [2, 7, 0, 9], "texture": "#0"}
			}
		},
		{
			"from": [20, 1, 4],
			"to": [22, 6, 6],
			"rotation": {"angle": 0, "axis": "y", "origin": [21, 4, 8]},
			"faces": {
				"east": {"uv": [0, 0, 2, 5], "texture": "#0"},
				"west": {"uv": [2, 0, 0, 5], "texture": "#0"},
				"up": {"uv": [2, 7, 0, 5], "texture": "#0"},
				"down": {"uv": [2, 7, 0, 9], "texture": "#0"}
			}
		},
		{
			"from": [20, 1, -4],
			"to": [22, 6, -2],
			"rotation": {"angle": 0, "axis": "y", "origin": [21, 4, 8]},
			"faces": {
				"east": {"uv": [2, 0, 0, 5], "texture": "#0"},
				"west": {"uv": [38, 62, 40, 67], "texture": "#0"},
				"up": {"uv": [2, 7, 0, 5], "texture": "#0"},
				"down": {"uv": [2, 7, 0, 9], "texture": "#0"}
			}
		},
		{
			"from": [6, 20, 6],
			"to": [10, 22, 10],
			"rotation": {"angle": 0, "axis": "y", "origin": [5, 6, 5]},
			"faces": {
				"north": {"uv": [0, 9, 2, 13], "rotation": 90, "texture": "#0"},
				"east": {"uv": [0, 9, 2, 13], "rotation": 90, "texture": "#0"},
				"south": {"uv": [0, 9, 2, 13], "rotation": 90, "texture": "#0"},
				"west": {"uv": [0, 9, 2, 13], "rotation": 90, "texture": "#0"},
				"down": {"uv": [8, 0, 4, 4], "texture": "#0"}
			}
		},
		{
			"from": [7, 8.66, -6],
			"to": [9, 8.66, 10],
			"rotation": {"angle": -45, "axis": "x", "origin": [8, 9, -0.5]},
			"faces": {
				"north": {"uv": [0, 0, 2, 0], "texture": "#0"},
				"east": {"uv": [0, 0, 16, 0], "texture": "#0"},
				"south": {"uv": [0, 0, 2, 0], "texture": "#0"},
				"west": {"uv": [0, 0, 16, 0], "texture": "#0"},
				"up": {"uv": [2, 16, 4, 0], "texture": "#0"},
				"down": {"uv": [2, 0, 4, 16], "texture": "#0"}
			}
		},
		{
			"from": [7, 3.5, 15.84],
			"to": [9, 19.5, 15.84],
			"rotation": {"angle": -45, "axis": "x", "origin": [8, 9, 15.5]},
			"faces": {
				"north": {"uv": [2, 0, 4, 16], "texture": "#0"},
				"east": {"uv": [0, 0, 0, 16], "texture": "#0"},
				"south": {"uv": [4, 0, 2, 16], "texture": "#0"},
				"west": {"uv": [0, 0, 0, 16], "texture": "#0"},
				"up": {"uv": [2, 0, 0, 0], "texture": "#0"},
				"down": {"uv": [2, 0, 0, 0], "texture": "#0"}
			}
		},
		{
			"from": [-6, 10.206, 7],
			"to": [10, 10.206, 9],
			"rotation": {"angle": 45, "axis": "z", "origin": [1, 10.66, 7.5]},
			"faces": {
				"north": {"uv": [0, 0, 16, 0], "texture": "#0"},
				"east": {"uv": [0, 0, 2, 0], "texture": "#0"},
				"south": {"uv": [0, 0, 16, 0], "texture": "#0"},
				"west": {"uv": [0, 0, 2, 0], "texture": "#0"},
				"up": {"uv": [4, 16, 2, 0], "rotation": 90, "texture": "#0"},
				"down": {"uv": [2, 16, 4, 0], "rotation": 90, "texture": "#0"}
			}
		},
		{
			"from": [6, 9.915, 7],
			"to": [22, 9.915, 9],
			"rotation": {"angle": -45, "axis": "z", "origin": [15, 9.66, 7.5]},
			"faces": {
				"north": {"uv": [0, 0, 16, 0], "texture": "#0"},
				"east": {"uv": [0, 0, 2, 0], "texture": "#0"},
				"south": {"uv": [0, 0, 16, 0], "texture": "#0"},
				"west": {"uv": [0, 0, 2, 0], "texture": "#0"},
				"up": {"uv": [2, 16, 4, 0], "rotation": 90, "texture": "#0"},
				"down": {"uv": [4, 16, 2, 0], "rotation": 90, "texture": "#0"}
			}
		},
		{
			"from": [7, 16, 7],
			"to": [9, 18, 9],
			"rotation": {"angle": 0, "axis": "y", "origin": [5, 4, 5]},
			"faces": {
				"north": {"uv": [2, 2, 4, 4], "rotation": 270, "texture": "#0"},
				"east": {"uv": [2, 9, 4, 11], "rotation": 270, "texture": "#0"},
				"south": {"uv": [2, 13, 4, 15], "rotation": 270, "texture": "#0"},
				"west": {"uv": [2, 12, 4, 14], "rotation": 270, "texture": "#0"},
				"down": {"uv": [2, 13, 0, 15], "texture": "#0"}
			}
		}
	],
	"display": {
		"thirdperson_righthand": {
			"rotation": [90, 0, 0],
			"scale": [0.35, 0.35, 0.35]
		},
		"thirdperson_lefthand": {
			"rotation": [90, 0, 0],
			"scale": [0.35, 0.35, 0.35]
		},
		"firstperson_righthand": {
			"scale": [0.35, 0.35, 0.35]
		},
		"firstperson_lefthand": {
			"scale": [0.35, 0.35, 0.35]
		},
		"ground": {
			"translation": [0, 1, 0],
			"scale": [0.25, 0.25, 0.25]
		},
		"gui": {
			"rotation": [20, 25, 0],
			"translation": [0, -1, 0],
			"scale": [0.37, 0.37, 0.37]
		},
		"head": {
			"translation": [0, -9.75, 0]
		},
		"fixed": {
			"rotation": [90, 0, 0],
			"translation": [0, 0, -32],
			"scale": [2, 2, 2]
		},
		"on_shelf": {
			"scale": [0.55, 0.55, 0.55]
		}
	},
	"groups": [
		{
			"name": "dyable",
			"origin": [8, 8, 8],
			"color": 0,
			"children": [0, 1, 2, 3, 4, 5, 6, 7, 8, 9]
		},
		{
			"name": "candles",
			"origin": [8, 8, 8],
			"color": 0,
			"children": [10, 11, 12, 13, 14, 15, 16, 17, 18, 19, 20, 21, 22, 23, 24, 25, 26, 27, 28, 29, 30, 31, 32, 33]
		},
		{
			"name": "frame",
			"origin": [8, 8, 8],
			"color": 0,
			"children": [34, 35, 36, 37, 38, 39, 40, 41, 42, 43, 44, 45, 46, 47, 48, 49, 50, 51, 52, 53, 54, 55, 56, 57, 58]
		},
		{
			"name": "rope",
			"origin": [8, 8, 8],
			"color": 0,
			"children": [59, 60, 61, 62, 63]
		}
	]
}