{
	"credit": "Made with Blockbench",
	"texture_size": [48, 32],
	"textures": {
		"0": "./fox",
		"particle": "./fox"
	},
	"elements": [
		{
			"name": "head",
			"from": [4, 0, -3.5],
			"to": [12, 6, 2.5],
			"faces": {
				"north": {"uv": [2.33333, 5.5, 5, 8.5], "texture": "#0"},
				"east": {"uv": [0.33333, 5.5, 2.33333, 8.5], "texture": "#0"},
				"south": {"uv": [7, 5.5, 9.66667, 8.5], "texture": "#0"},
				"west": {"uv": [5, 5.5, 7, 8.5], "texture": "#0"},
				"up": {"uv": [5, 5.5, 2.33333, 2.5], "texture": "#0"},
				"down": {"uv": [7.66667, 2.5, 5, 5.5], "texture": "#0"}
			}
		},
		{
			"name": "head",
			"from": [4, 6, -2.5],
			"to": [6, 8, -1.5],
			"faces": {
				"north": {"uv": [5.33333, 1, 6, 2], "texture": "#0"},
				"east": {"uv": [3.75, 1, 4.08333, 2], "texture": "#0"},
				"south": {"uv": [6, 1, 6.66667, 2], "texture": "#0"},
				"west": {"uv": [5, 1, 5.33333, 2], "texture": "#0"},
				"up": {"uv": [5.33333, 1, 6, 0.5], "texture": "#0"},
				"down": {"uv": [5.83333, 0.5, 6.5, 1], "texture": "#0"}
			}
		},
		{
			"name": "head",
			"from": [10, 6, -2.5],
			"to": [12, 8, -1.5],
			"faces": {
				"north": {"uv": [3, 1, 3.66667, 2], "texture": "#0"},
				"east": {"uv": [3.66667, 1, 4, 2], "texture": "#0"},
				"south": {"uv": [3.66667, 1, 4.33333, 2], "texture": "#0"},
				"west": {"uv": [2.75, 1, 3, 2], "texture": "#0"},
				"up": {"uv": [3, 1, 3.66667, 0.5], "texture": "#0"},
				"down": {"uv": [3, 0.5, 3.66667, 1], "texture": "#0"}
			}
		},
		{
			"name": "head",
			"from": [6, 0, -6.5],
			"to": [10, 2, -3.5],
			"faces": {
				"north": {"uv": [3, 10.5, 4.33333, 11.5], "texture": "#0"},
				"east": {"uv": [2, 10.5, 3, 11.5], "texture": "#0"},
				"south": {"uv": [5.33333, 10.5, 6.66667, 11.5], "texture": "#0"},
				"west": {"uv": [4.33333, 10.5, 5.33333, 11.5], "texture": "#0"},
				"up": {"uv": [4.33333, 10.5, 3, 9], "texture": "#0"},
				"down": {"uv": [5.66667, 9, 4.33333, 10.5], "texture": "#0"}
			}
		},
		{
			"name": "body_rotation",
			"from": [5, 0, 2.5],
			"to": [11, 6, 13.5],
			"faces": {
				"north": {"uv": [12, 10.5, 10, 7.5], "rotation": 180, "texture": "#0"},
				"east": {"uv": [8, 10.5, 10, 16], "rotation": 90, "texture": "#0"},
				"south": {"uv": [14, 7.5, 12, 10.5], "texture": "#0"},
				"west": {"uv": [12, 10.5, 14, 16], "rotation": 270, "texture": "#0"},
				"up": {"uv": [14, 10.5, 16, 16], "texture": "#0"},
				"down": {"uv": [10, 10.5, 12, 16], "rotation": 180, "texture": "#0"}
			}
		},
		{
			"name": "leg1",
			"from": [10.5, 0.001, 10.5],
			"to": [16.5, 2.001, 12.5],
			"rotation": {"angle": -22.5, "axis": "y", "origin": [10.5, 1.001, 11.5]},
			"faces": {
				"north": {"uv": [5, 13, 5.66667, 16], "rotation": 90, "texture": "#0"},
				"east": {"uv": [6.33333, 12, 5.66667, 13], "rotation": 270, "texture": "#0"},
				"south": {"uv": [6.33333, 13, 7, 16], "rotation": 270, "texture": "#0"},
				"west": {"uv": [5, 13, 5.66667, 12], "rotation": 270, "texture": "#0"},
				"up": {"uv": [4.33333, 13, 5, 16], "rotation": 270, "texture": "#0"},
				"down": {"uv": [5.66667, 13, 6.33333, 16], "rotation": 270, "texture": "#0"}
			}
		},
		{
			"name": "leg2",
			"from": [-0.5, 0.001, 10.5],
			"to": [5.5, 2.001, 12.5],
			"rotation": {"angle": 22.5, "axis": "y", "origin": [5.5, 1.001, 11.5]},
			"faces": {
				"north": {"uv": [2, 13, 2.66667, 16], "rotation": 270, "texture": "#0"},
				"east": {"uv": [2, 13, 2.66667, 12], "rotation": 90, "texture": "#0"},
				"south": {"uv": [3.33333, 13, 4, 16], "rotation": 90, "texture": "#0"},
				"west": {"uv": [3.33333, 12, 2.66667, 13], "rotation": 90, "texture": "#0"},
				"up": {"uv": [2.66667, 13, 3.33333, 16], "rotation": 90, "texture": "#0"},
				"down": {"uv": [1.33333, 13, 2, 16], "rotation": 90, "texture": "#0"}
			}
		},
		{
			"name": "leg3",
			"from": [10.5, 0.001, 3.5],
			"to": [16.5, 2.001, 5.5],
			"rotation": {"angle": 22.5, "axis": "y", "origin": [10.5, 1.001, 4.5]},
			"faces": {
				"north": {"uv": [5, 13, 5.66667, 16], "rotation": 90, "texture": "#0"},
				"east": {"uv": [6.33333, 12, 5.66667, 13], "rotation": 270, "texture": "#0"},
				"south": {"uv": [6.33333, 13, 7, 16], "rotation": 270, "texture": "#0"},
				"west": {"uv": [5, 13, 5.66667, 12], "rotation": 270, "texture": "#0"},
				"up": {"uv": [4.33333, 13, 5, 16], "rotation": 270, "texture": "#0"},
				"down": {"uv": [5.66667, 13, 6.33333, 16], "rotation": 270, "texture": "#0"}
			}
		},
		{
			"name": "leg4",
			"from": [-0.5, 0.001, 3.5],
			"to": [5.5, 2.001, 5.5],
			"rotation": {"angle": -22.5, "axis": "y", "origin": [5.5, 1.001, 4.5]},
			"faces": {
				"north": {"uv": [2, 13, 2.66667, 16], "rotation": 270, "texture": "#0"},
				"east": {"uv": [2, 13, 2.66667, 12], "rotation": 90, "texture": "#0"},
				"south": {"uv": [3.33333, 13, 4, 16], "rotation": 90, "texture": "#0"},
				"west": {"uv": [3.33333, 12, 2.66667, 13], "rotation": 90, "texture": "#0"},
				"up": {"uv": [2.66667, 13, 3.33333, 16], "rotation": 90, "texture": "#0"},
				"down": {"uv": [1.33333, 13, 2, 16], "rotation": 90, "texture": "#0"}
			}
		},
		{
			"name": "tail_rotation",
			"from": [6, 2, 13.5],
			"to": [10, 7, 22.5],
			"faces": {
				"north": {"uv": [13, 2.5, 11.66667, 0], "rotation": 180, "texture": "#0"},
				"east": {"uv": [10, 2.5, 11.66667, 7], "rotation": 90, "texture": "#0"},
				"south": {"uv": [14.33333, 0, 13, 2.5], "texture": "#0"},
				"west": {"uv": [13, 2.5, 14.66667, 7], "rotation": 270, "texture": "#0"},
				"up": {"uv": [14.66667, 2.5, 16, 7], "texture": "#0"},
				"down": {"uv": [11.66667, 2.5, 13, 7], "rotation": 180, "texture": "#0"}
			}
		}
	],
	"display": {
		"thirdperson_righthand": {
			"rotation": [75, 45, 0],
			"translation": [0.25, 0.5, 2.25],
			"scale": [0.4, 0.4, 0.4]
		},
		"thirdperson_lefthand": {
			"rotation": [75, 45, 0],
			"translation": [0, 2.5, 0],
			"scale": [0.375, 0.375, 0.375]
		},
		"firstperson_righthand": {
			"rotation": [0, 45, 0],
			"translation": [-0.5, 3, 1.25],
			"scale": [0.4, 0.4, 0.4]
		},
		"firstperson_lefthand": {
			"rotation": [0, 225, 0],
			"translation": [3, 2, 0],
			"scale": [0.3, 0.3, 0.3]
		},
		"ground": {
			"translation": [0, 3, 0],
			"scale": [0.3, 0.3, 0.3]
		},
		"gui": {
			"rotation": [30, 225, 0],
			"translation": [0, 2.75, 0],
			"scale": [0.7, 0.7, 0.7]
		},
		"head": {
			"translation": [0, 12.75, 0],
			"scale": [0.8, 0.8, 0.8]
		},
		"fixed": {
			"rotation": [-90, 0, 0],
			"translation": [0, 0.5, -14.75],
			"scale": [1.73, 1.73, 1.73]
		}
	}
}