{
	"credit": "Made with Blockbench",
	"texture_size": [128, 128],
	"textures": {
		"0": "./iron_golem",
		"particle": "./iron_golem"
	},
	"elements": [
		{
			"name": "body",
			"from": [-1, 10, 7],
			"to": [17, 22, 18],
			"rotation": {"angle": 0, "axis": "y", "origin": [0, -7, 4.5]},
			"faces": {
				"north": {"uv": [1.375, 6.375, 3.625, 7.875], "texture": "#0"},
				"east": {"uv": [0, 6.375, 1.375, 7.875], "texture": "#0"},
				"south": {"uv": [5, 6.375, 7.25, 7.875], "texture": "#0"},
				"west": {"uv": [3.625, 6.375, 5, 7.875], "texture": "#0"},
				"up": {"uv": [3.625, 6.375, 1.375, 5], "texture": "#0"},
				"down": {"uv": [5.875, 5, 3.625, 6.375], "texture": "#0"}
			}
		},
		{
			"name": "body",
			"from": [3, 4.5, 9.5],
			"to": [13, 10.5, 16.5],
			"rotation": {"angle": 0, "axis": "y", "origin": [0, -11, 4.5]},
			"faces": {
				"north": {"uv": [0.75, 9.5, 1.875, 10.125], "texture": "#0"},
				"east": {"uv": [0, 9.5, 0.75, 10.125], "texture": "#0"},
				"south": {"uv": [2.625, 9.5, 3.75, 10.125], "texture": "#0"},
				"west": {"uv": [1.875, 9.5, 2.625, 10.125], "texture": "#0"},
				"up": {"uv": [1.875, 9.5, 0.75, 8.75], "texture": "#0"},
				"down": {"uv": [3, 8.75, 1.875, 9.5], "texture": "#0"}
			}
		},
		{
			"name": "right_arm",
			"from": [17, -7.5, 10],
			"to": [21, 22.5, 16],
			"rotation": {"angle": 45, "axis": "x", "origin": [19, 20.5, 13]},
			"faces": {
				"north": {"uv": [8.25, 3.375, 8.75, 7.125], "texture": "#0"},
				"east": {"uv": [7.5, 3.375, 8.25, 7.125], "texture": "#0"},
				"south": {"uv": [9.5, 3.375, 10, 7.125], "texture": "#0"},
				"west": {"uv": [8.75, 3.375, 9.5, 7.125], "texture": "#0"},
				"up": {"uv": [8.75, 3.375, 8.25, 2.625], "texture": "#0"},
				"down": {"uv": [9.25, 2.625, 8.75, 3.375], "texture": "#0"}
			}
		},
		{
			"name": "left_arm",
			"from": [-5, -7.5, 10],
			"to": [-1, 22.5, 16],
			"rotation": {"angle": 45, "axis": "x", "origin": [-3, 20.5, 13]},
			"faces": {
				"north": {"uv": [8.25, 8, 8.75, 11.75], "texture": "#0"},
				"east": {"uv": [7.5, 8, 8.25, 11.75], "texture": "#0"},
				"south": {"uv": [9.5, 8, 10, 11.75], "texture": "#0"},
				"west": {"uv": [8.75, 8, 9.5, 11.75], "texture": "#0"},
				"up": {"uv": [8.75, 8, 8.25, 7.25], "texture": "#0"},
				"down": {"uv": [9.25, 7.25, 8.75, 8], "texture": "#0"}
			}
		},
		{
			"name": "right_leg",
			"from": [9.5, 0, -1],
			"to": [15.5, 5, 15],
			"rotation": {"angle": -22.5, "axis": "y", "origin": [12.5, 3.5, 13]},
			"faces": {
				"north": {"uv": [6.75, 0, 6, 0.625], "rotation": 180, "texture": "#0"},
				"east": {"uv": [4.625, 0.625, 5.25, 2.625], "rotation": 270, "texture": "#0"},
				"south": {"uv": [6, 0.625, 5.25, 0], "texture": "#0"},
				"west": {"uv": [6, 0.625, 6.625, 2.625], "rotation": 90, "texture": "#0"},
				"up": {"uv": [5.25, 0.625, 6, 2.625], "rotation": 180, "texture": "#0"},
				"down": {"uv": [6.625, 0.625, 7.375, 2.625], "texture": "#0"}
			}
		},
		{
			"name": "left_leg",
			"from": [0.5, 0, -1],
			"to": [6.5, 5, 15],
			"rotation": {"angle": 22.5, "axis": "y", "origin": [3.5, 3.5, 13]},
			"faces": {
				"north": {"uv": [9.625, 0, 8.875, 0.625], "rotation": 180, "texture": "#0"},
				"east": {"uv": [7.5, 0.625, 8.125, 2.625], "rotation": 270, "texture": "#0"},
				"south": {"uv": [8.875, 0.625, 8.125, 0], "texture": "#0"},
				"west": {"uv": [8.875, 0.625, 9.5, 2.625], "rotation": 90, "texture": "#0"},
				"up": {"uv": [8.125, 0.625, 8.875, 2.625], "rotation": 180, "texture": "#0"},
				"down": {"uv": [9.5, 0.625, 10.25, 2.625], "texture": "#0"}
			}
		},
		{
			"name": "left_leg",
			"from": [4, 22, 5.5],
			"to": [12, 32, 13.5],
			"rotation": {"angle": 0, "axis": "y", "origin": [3.5, 3.5, 13]},
			"faces": {
				"north": {"uv": [1, 1, 2, 2.25], "texture": "#0"},
				"east": {"uv": [0, 1, 1, 2.25], "texture": "#0"},
				"south": {"uv": [3, 1, 4, 2.25], "texture": "#0"},
				"west": {"uv": [2, 1, 3.25, 2], "texture": "#0"},
				"up": {"uv": [2, 1, 1, 0], "rotation": 180, "texture": "#0"},
				"down": {"uv": [3, 0, 2, 1], "texture": "#0"}
			}
		},
		{
			"name": "left_leg",
			"from": [7, 21, 3.5],
			"to": [9, 25, 5.5],
			"rotation": {"angle": 0, "axis": "y", "origin": [3.5, 3.5, 13]},
			"faces": {
				"north": {"uv": [3.25, 0.25, 3.5, 0.75], "texture": "#0"},
				"east": {"uv": [3, 0.25, 3.25, 0.75], "texture": "#0"},
				"south": {"uv": [3.75, 0.25, 4, 0.75], "texture": "#0"},
				"west": {"uv": [3.5, 0.25, 3.75, 0.75], "texture": "#0"},
				"up": {"uv": [3.5, 0.25, 3.25, 0], "texture": "#0"},
				"down": {"uv": [3.75, 0, 3.5, 0.25], "texture": "#0"}
			}
		}
	],
	"display": {
		"thirdperson_righthand": {
			"rotation": [70, 45, 0],
			"translation": [-0.5, 0.75, 1],
			"scale": [0.2, 0.2, 0.2]
		},
		"thirdperson_lefthand": {
			"rotation": [75, 45, 0],
			"translation": [0, 2.5, 0],
			"scale": [0.375, 0.375, 0.375]
		},
		"firstperson_righthand": {
			"rotation": [0, 45, 0],
			"translation": [1.25, 1.75, 1.25],
			"scale": [0.2, 0.2, 0.2]
		},
		"firstperson_lefthand": {
			"rotation": [0, 225, 0],
			"translation": [0, 4.5, 0],
			"scale": [0.4, 0.4, 0.4]
		},
		"ground": {
			"scale": [0.2, 0.2, 0.2]
		},
		"gui": {
			"rotation": [30, -135, 0],
			"translation": [-0.5, -1.25, 0],
			"scale": [0.38, 0.38, 0.38]
		},
		"head": {
			"translation": [0, 10.4, 0.75],
			"scale": [0.5, 0.5, 0.5]
		},
		"fixed": {
			"rotation": [-90, 0, 0],
			"translation": [0, 0, -6.5],
			"scale": [0.8, 0.8, 0.8]
		}
	}
}