{
	"credit": "Made with Blockbench",
	"texture_size": [64, 32],
	"textures": {
		"0": "./slime_big",
		"particle": "./slime_big"
	},
	"elements": [
		{
			"name": "body",
			"from": [5, 1, 5],
			"to": [11, 7, 11],
			"rotation": {"angle": 0, "axis": "y", "origin": [8.1, 4.1, 6.4]},
			"faces": {
				"north": {"uv": [1.5, 11, 3, 14], "texture": "#0"},
				"east": {"uv": [0, 11, 1.5, 14], "texture": "#0"},
				"south": {"uv": [4.5, 11, 6, 14], "texture": "#0"},
				"west": {"uv": [3, 11, 4.5, 14], "texture": "#0"},
				"up": {"uv": [3, 11, 1.5, 8], "texture": "#0"},
				"down": {"uv": [4.5, 8, 3, 11], "texture": "#0"}
			}
		},
		{
			"name": "right_eye",
			"from": [4.7, 4, 4.5],
			"to": [6.7, 6, 6.5],
			"rotation": {"angle": 0, "axis": "y", "origin": [8.1, 4.1, 6.4]},
			"faces": {
				"north": {"uv": [8.5, 1, 9, 2], "texture": "#0"},
				"east": {"uv": [8, 1, 8.5, 2], "texture": "#0"},
				"south": {"uv": [9.5, 1, 10, 2], "texture": "#0"},
				"west": {"uv": [9, 1, 9.5, 2], "texture": "#0"},
				"up": {"uv": [9, 1, 8.5, 0], "texture": "#0"},
				"down": {"uv": [9.5, 0, 9, 1], "texture": "#0"}
			}
		},
		{
			"name": "left_eye",
			"from": [9.3, 4, 4.5],
			"to": [11.3, 6, 6.5],
			"rotation": {"angle": 0, "axis": "y", "origin": [8.1, 4.1, 6.4]},
			"faces": {
				"north": {"uv": [8.5, 3, 9, 4], "texture": "#0"},
				"east": {"uv": [8, 3, 8.5, 4], "texture": "#0"},
				"south": {"uv": [9.5, 3, 10, 4], "texture": "#0"},
				"west": {"uv": [9, 3, 9.5, 4], "texture": "#0"},
				"up": {"uv": [9, 3, 8.5, 2], "texture": "#0"},
				"down": {"uv": [9.5, 2, 9, 3], "texture": "#0"}
			}
		},
		{
			"name": "mouth",
			"from": [8, 2, 4.5],
			"to": [9, 3, 5.5],
			"rotation": {"angle": 0, "axis": "y", "origin": [8.1, 4.1, 6.4]},
			"faces": {
				"north": {"uv": [8.25, 4.5, 8.5, 5], "texture": "#0"},
				"east": {"uv": [8, 4.5, 8.25, 5], "texture": "#0"},
				"south": {"uv": [8.75, 4.5, 9, 5], "texture": "#0"},
				"west": {"uv": [8.5, 4.5, 8.75, 5], "texture": "#0"},
				"up": {"uv": [8.5, 4.5, 8.25, 4], "texture": "#0"},
				"down": {"uv": [8.75, 4, 8.5, 4.5], "texture": "#0"}
			}
		},
		{
			"name": "gel",
			"from": [4, 0, 4],
			"to": [12, 8, 12],
			"rotation": {"angle": 0, "axis": "y", "origin": [8.1, 4.1, 6.4]},
			"faces": {
				"north": {"uv": [2, 4, 4, 8], "texture": "#0"},
				"east": {"uv": [0, 4, 2, 8], "texture": "#0"},
				"south": {"uv": [6, 4, 8, 8], "texture": "#0"},
				"west": {"uv": [4, 4, 6, 8], "texture": "#0"},
				"up": {"uv": [4, 4, 2, 0], "texture": "#0"},
				"down": {"uv": [6, 0, 4, 4], "texture": "#0"}
			}
		}
	],
	"display": {
		"thirdperson_righthand": {
			"rotation": [75, 45, 0],
			"translation": [0.25, 1, 4],
			"scale": [0.8, 0.8, 0.8]
		},
		"thirdperson_lefthand": {
			"rotation": [75, 45, 0],
			"translation": [0, 2.5, 0],
			"scale": [0.375, 0.375, 0.375]
		},
		"firstperson_righthand": {
			"rotation": [0, 45, 0],
			"translation": [0, 4.5, 1.25],
			"scale": [0.8, 0.8, 0.8]
		},
		"firstperson_lefthand": {
			"rotation": [0, 225, 0],
			"translation": [0, 4.5, 0],
			"scale": [0.4, 0.4, 0.4]
		},
		"ground": {
			"rotation": [0, -108, 0],
			"translation": [0, 9.5, -0.25],
			"scale": [1.6, 1.6, 1.6]
		},
		"gui": {
			"rotation": [30, 225, 0],
			"translation": [0, 4.5, 0],
			"scale": [1.3, 1.3, 1.3]
		},
		"head": {
			"translation": [0, 22.25, 0],
			"scale": [2, 2, 2]
		},
		"fixed": {
			"rotation": [-90, 0, 0],
			"translation": [0, 0, -32.1],
			"scale": [4, 4, 4]
		}
	}
}