{
	"texture_size": [64, 64],
	"textures": {
		"0": "block/texture",
		"particle": "block/texture"
	},
	"elements": [
		{
			"from": [5, -6, 5],
			"to": [11, -4, 11],
			"rotation": {"angle": 0, "axis": "y", "origin": [10, -6, 5]},
			"faces": {
				"north": {"uv": [5, 3.25, 6.5, 3.75], "texture": "#0"},
				"east": {"uv": [5, 3.25, 6.5, 3.75], "texture": "#0"},
				"south": {"uv": [5, 3.25, 6.5, 3.75], "texture": "#0"},
				"west": {"uv": [5, 3.25, 6.5, 3.75], "texture": "#0"},
				"up": {"uv": [5, 4.75, 3.5, 3.25], "texture": "#0"},
				"down": {"uv": [5, 3.25, 3.5, 4.75], "texture": "#0"}
			}
		},
		{
			"from": [1, 19, 1],
			"to": [15, 32, 1],
			"rotation": {"angle": 0, "axis": "y", "origin": [3, 22, 1]},
			"faces": {
				"north": {"uv": [3.5, 0, 7, 3.25], "texture": "#0"},
				"east": {"uv": [0, 0, 0, 3.25], "texture": "#0"},
				"south": {"uv": [3.5, 0, 7, 3.25], "texture": "#0"},
				"west": {"uv": [0, 0, 0, 3.25], "texture": "#0"},
				"up": {"uv": [3.5, 0, 0, 0], "texture": "#0"},
				"down": {"uv": [3.5, 0, 0, 0], "texture": "#0"}
			}
		},
		{
			"from": [1, 19, 1],
			"to": [1, 32, 15],
			"rotation": {"angle": 0, "axis": "y", "origin": [1, 22, 3]},
			"faces": {
				"north": {"uv": [0, 0, 0, 3.25], "texture": "#0"},
				"east": {"uv": [3.5, 0, 7, 3.25], "texture": "#0"},
				"south": {"uv": [0, 0, 0, 3.25], "texture": "#0"},
				"west": {"uv": [3.5, 0, 7, 3.25], "texture": "#0"},
				"up": {"uv": [0, 3.5, 0, 0], "texture": "#0"},
				"down": {"uv": [0, 0, 0, 3.5], "texture": "#0"}
			}
		},
		{
			"from": [1, 32, 1],
			"to": [15, 32, 15],
			"rotation": {"angle": 0, "axis": "y", "origin": [13, 22, 3]},
			"faces": {
				"north": {"uv": [0, 0, 3.5, 0], "texture": "#0"},
				"east": {"uv": [0, 0, 3.5, 0], "texture": "#0"},
				"south": {"uv": [0, 0, 3.5, 0], "texture": "#0"},
				"west": {"uv": [0, 0, 3.5, 0], "texture": "#0"},
				"up": {"uv": [3.5, 3.5, 0, 0], "texture": "#0"},
				"down": {"uv": [3.5, 0, 0, 3.5], "texture": "#0"}
			}
		},
		{
			"from": [1, 19, 15],
			"to": [15, 32, 15],
			"rotation": {"angle": 0, "axis": "y", "origin": [3, 22, 15]},
			"faces": {
				"north": {"uv": [3.5, 0, 7, 3.25], "texture": "#0"},
				"east": {"uv": [0, 0, 0, 3.25], "texture": "#0"},
				"south": {"uv": [3.5, 0, 7, 3.25], "texture": "#0"},
				"west": {"uv": [0, 0, 0, 3.25], "texture": "#0"},
				"up": {"uv": [3.5, 0, 0, 0], "texture": "#0"},
				"down": {"uv": [3.5, 0, 0, 0], "texture": "#0"}
			}
		},
		{
			"from": [15, 19, 1],
			"to": [15, 32, 15],
			"rotation": {"angle": 0, "axis": "y", "origin": [15, 22, 3]},
			"faces": {
				"north": {"uv": [0, 0, 0, 3.25], "texture": "#0"},
				"east": {"uv": [3.5, 0, 7, 3.25], "texture": "#0"},
				"south": {"uv": [0, 0, 0, 3.25], "texture": "#0"},
				"west": {"uv": [3.5, 0, 7, 3.25], "texture": "#0"},
				"up": {"uv": [0, 3.5, 0, 0], "texture": "#0"},
				"down": {"uv": [0, 0, 0, 3.5], "texture": "#0"}
			}
		},
		{
			"from": [1, 19, 1],
			"to": [15, 19, 15],
			"rotation": {"angle": 0, "axis": "y", "origin": [13, 9, 3]},
			"faces": {
				"north": {"uv": [0, 0, 3.5, 0], "texture": "#0"},
				"east": {"uv": [0, 0, 3.5, 0], "texture": "#0"},
				"south": {"uv": [0, 0, 3.5, 0], "texture": "#0"},
				"west": {"uv": [0, 0, 3.5, 0], "texture": "#0"},
				"up": {"uv": [3.5, 3.5, 0, 0], "texture": "#0"},
				"down": {"uv": [3.5, 0, 0, 3.5], "texture": "#0"}
			}
		},
		{
			"from": [1, 31, 1],
			"to": [15, 31, 15],
			"rotation": {"angle": 0, "axis": "y", "origin": [13, 21, 3]},
			"faces": {
				"north": {"uv": [0, 0, 3.5, 0], "texture": "#0"},
				"east": {"uv": [0, 0, 3.5, 0], "texture": "#0"},
				"south": {"uv": [0, 0, 3.5, 0], "texture": "#0"},
				"west": {"uv": [0, 0, 3.5, 0], "texture": "#0"},
				"up": {"uv": [3.5, 7, 0, 3.5], "texture": "#0"},
				"down": {"uv": [3.5, 3.5, 0, 7], "texture": "#0"}
			}
		},
		{
			"from": [7, -4, 7],
			"to": [9, 29, 9],
			"rotation": {"angle": 0, "axis": "y", "origin": [7, 17, 7]},
			"faces": {
				"north": {"uv": [7, 0, 7.5, 8.25], "texture": "#0"},
				"east": {"uv": [7, 0, 7.5, 8.25], "texture": "#0"},
				"south": {"uv": [7, 0, 7.5, 8.25], "texture": "#0"},
				"west": {"uv": [7, 0, 7.5, 8.25], "texture": "#0"},
				"up": {"uv": [7.5, 0.5, 7, 0], "texture": "#0"},
				"down": {"uv": [7.5, 7.75, 7, 8.25], "texture": "#0"}
			}
		}
	],
	"display": {
		"thirdperson_righthand": {
			"scale": [0.3, 0.3, 0.3]
		},
		"thirdperson_lefthand": {
			"scale": [0.3, 0.3, 0.3]
		},
		"firstperson_righthand": {
			"scale": [0.35, 0.35, 0.35]
		},
		"firstperson_lefthand": {
			"scale": [0.35, 0.35, 0.35]
		},
		"ground": {
			"translation": [0, 3, 0],
			"scale": [0.25, 0.25, 0.25]
		},
		"gui": {
			"rotation": [25, -25, 0],
			"translation": [0, -2, 0],
			"scale": [0.35, 0.35, 0.35]
		},
		"fixed": {
			"rotation": [-90, 0, 0],
			"translation": [0, 0, -28],
			"scale": [2, 2, 2]
		}
	}
}