{
	"texture_size": [32, 32],
	"textures": {
		"0": "antique_lamp",
		"particle": "antique_lamp"
	},
	"elements": [
		{
			"from": [6, 0, 6],
			"to": [10, 2, 10],
			"rotation": {"angle": 0, "axis": "y", "origin": [6, 0, 6]},
			"faces": {
				"north": {"uv": [5.25, 3.25, 6.25, 3.75], "texture": "#0"},
				"east": {"uv": [5.25, 3.25, 6.25, 3.75], "texture": "#0"},
				"south": {"uv": [5.25, 3.25, 6.25, 3.75], "texture": "#0"},
				"west": {"uv": [5.25, 3.25, 6.25, 3.75], "texture": "#0"},
				"up": {"uv": [4.75, 4.5, 3.75, 3.5], "texture": "#0"},
				"down": {"uv": [4.75, 3.5, 3.75, 4.5], "texture": "#0"}
			}
		},
		{
			"from": [7, 2, 7],
			"to": [9, 14, 9],
			"rotation": {"angle": 0, "axis": "y", "origin": [7, 2, 7]},
			"faces": {
				"north": {"uv": [7, 0, 7.5, 3], "texture": "#0"},
				"east": {"uv": [7, 0, 7.5, 3], "texture": "#0"},
				"south": {"uv": [7, 0, 7.5, 3], "texture": "#0"},
				"west": {"uv": [7, 0, 7.5, 3], "texture": "#0"},
				"up": {"uv": [7.5, 0.5, 7, 0], "texture": "#0"},
				"down": {"uv": [7.5, 7.75, 7, 8.25], "texture": "#0"}
			}
		},
		{
			"from": [3, 7, 3],
			"to": [13, 17, 3],
			"rotation": {"angle": 0, "axis": "y", "origin": [3, 7, 3]},
			"faces": {
				"north": {"uv": [7.5, 0, 10, 2.5], "texture": "#0"},
				"east": {"uv": [0, 0, 0, 5], "texture": "#0"},
				"south": {"uv": [7.5, 0, 10, 2.5], "texture": "#0"},
				"west": {"uv": [0, 0, 0, 5], "texture": "#0"},
				"up": {"uv": [5, 0, 0, 0], "texture": "#0"},
				"down": {"uv": [5, 0, 0, 0], "texture": "#0"}
			}
		},
		{
			"from": [3, 7, 13],
			"to": [13, 17, 13],
			"rotation": {"angle": 0, "axis": "y", "origin": [3, 7, 13]},
			"faces": {
				"north": {"uv": [7.5, 0, 10, 2.5], "texture": "#0"},
				"east": {"uv": [0, 0, 0, 5], "texture": "#0"},
				"south": {"uv": [7.5, 0, 10, 2.5], "texture": "#0"},
				"west": {"uv": [0, 0, 0, 5], "texture": "#0"},
				"up": {"uv": [5, 0, 0, 0], "texture": "#0"},
				"down": {"uv": [5, 0, 0, 0], "texture": "#0"}
			}
		},
		{
			"from": [3, 7, 3],
			"to": [3, 17, 13],
			"rotation": {"angle": 0, "axis": "y", "origin": [3, 7, 3]},
			"faces": {
				"north": {"uv": [0, 0, 0, 5], "texture": "#0"},
				"east": {"uv": [7.5, 0, 10, 2.5], "texture": "#0"},
				"south": {"uv": [0, 0, 0, 5], "texture": "#0"},
				"west": {"uv": [7.5, 0, 10, 2.5], "texture": "#0"},
				"up": {"uv": [0, 5, 0, 0], "texture": "#0"},
				"down": {"uv": [0, 0, 0, 5], "texture": "#0"}
			}
		},
		{
			"from": [13, 7, 3],
			"to": [13, 17, 13],
			"rotation": {"angle": 0, "axis": "y", "origin": [13, 7, 3]},
			"faces": {
				"north": {"uv": [0, 0, 0, 5], "texture": "#0"},
				"east": {"uv": [7.5, 0, 10, 2.5], "texture": "#0"},
				"south": {"uv": [0, 0, 0, 5], "texture": "#0"},
				"west": {"uv": [7.5, 0, 10, 2.5], "texture": "#0"},
				"up": {"uv": [0, 5, 0, 0], "texture": "#0"},
				"down": {"uv": [0, 0, 0, 5], "texture": "#0"}
			}
		},
		{
			"from": [3, 17, 3],
			"to": [13, 17, 13],
			"rotation": {"angle": 0, "axis": "y", "origin": [13, 7, 3]},
			"faces": {
				"north": {"uv": [0, 0, 5, 0], "texture": "#0"},
				"east": {"uv": [0, 0, 5, 0], "texture": "#0"},
				"south": {"uv": [0, 0, 5, 0], "texture": "#0"},
				"west": {"uv": [0, 0, 5, 0], "texture": "#0"},
				"up": {"uv": [12.5, 2.5, 10, 0], "texture": "#0"},
				"down": {"uv": [12.5, 0, 10, 2.5], "texture": "#0"}
			}
		},
		{
			"from": [3, 16, 3],
			"to": [13, 16, 13],
			"rotation": {"angle": 0, "axis": "y", "origin": [13, 6, 3]},
			"faces": {
				"north": {"uv": [0, 0, 5, 0], "texture": "#0"},
				"east": {"uv": [0, 0, 5, 0], "texture": "#0"},
				"south": {"uv": [0, 0, 5, 0], "texture": "#0"},
				"west": {"uv": [0, 0, 5, 0], "texture": "#0"},
				"up": {"uv": [10, 5, 7.5, 2.5], "texture": "#0"},
				"down": {"uv": [10, 2.5, 7.5, 5], "texture": "#0"}
			}
		},
		{
			"from": [3, 7, 3],
			"to": [13, 7, 13],
			"rotation": {"angle": 0, "axis": "y", "origin": [13, -3, 3]},
			"faces": {
				"north": {"uv": [0, 0, 5, 0], "texture": "#0"},
				"east": {"uv": [0, 0, 5, 0], "texture": "#0"},
				"south": {"uv": [0, 0, 5, 0], "texture": "#0"},
				"west": {"uv": [0, 0, 5, 0], "texture": "#0"},
				"up": {"uv": [12.5, 5, 10, 2.5], "texture": "#0"},
				"down": {"uv": [12.5, 2.5, 10, 5], "texture": "#0"}
			}
		}
	],
	"display": {
		"thirdperson_righthand": {
			"scale": [0.4, 0.4, 0.4]
		},
		"thirdperson_lefthand": {
			"scale": [0.4, 0.4, 0.4]
		},
		"firstperson_righthand": {
			"scale": [0.45, 0.45, 0.45]
		},
		"firstperson_lefthand": {
			"scale": [0.45, 0.45, 0.45]
		},
		"ground": {
			"translation": [0, 2.25, 0],
			"scale": [0.35, 0.35, 0.35]
		},
		"gui": {
			"rotation": [25, -25, 0],
			"translation": [0, -1, 0],
			"scale": [0.5, 0.5, 0.5]
		},
		"fixed": {
			"rotation": [-90, 0, 0],
			"translation": [0, 0, -16],
			"scale": [2, 2, 2]
		}
	}
}