{
	"format_version": "1.21.6",
	"textures": {
		"0": "spirit_halloween",
		"particle": "spirit_halloween"
	},
	"elements": [
		{
			"from": [-16, 0, 0],
			"to": [16, 16, 1],
			"rotation": {"angle": 0, "axis": "y", "origin": [-16, 0, 0]},
			"faces": {
				"north": {"uv": [0, 0, 8, 16], "texture": "#0"},
				"east": {"uv": [0, 0, 0.25, 16], "texture": "#0"},
				"south": {"uv": [8, 0, 0, 16], "texture": "#0"},
				"up": {"uv": [8, 0, 0, 0], "texture": "#0"},
				"down": {"uv": [8, 0, 0, 0.25], "texture": "#0"}
			}
		}
	],
	"display": {
		"firstperson_righthand": {
			"scale": [0.5, 0.5, 0.5]
		},
		"firstperson_lefthand": {
			"scale": [0.5, 0.5, 0.5]
		},
		"ground": {
			"translation": [2.25, 2.25, 2.25],
			"scale": [0.3, 0.3, 0.3]
		},
		"gui": {
			"rotation": [0, -180, 0],
			"translation": [-3.25, 0, 0],
			"scale": [0.42, 0.42, 0.42]
		},
		"fixed": {
			"translation": [0, 0, 14],
			"scale": [2, 2, 2]
		}
	}
}