{
	"format_version": "1.21.6",
	"texture_size": [32, 32],
	"textures": {
		"0": "helmet",
		"particle": "helmet"
	},
	"elements": [
		{
			"from": [3, 7, 11],
			"to": [5, 9, 18],
			"rotation": {"angle": 0, "axis": "y", "origin": [5, 6, 11]},
			"faces": {
				"north": {"uv": [9, 5, 8, 6], "texture": "#0"},
				"east": {"uv": [8, 4, 11.5, 5], "texture": "#0"},
				"south": {"uv": [9, 5, 10, 6], "texture": "#0"},
				"west": {"uv": [8, 4, 11.5, 5], "texture": "#0"},
				"up": {"uv": [11.5, 5, 8, 4], "rotation": 90, "texture": "#0"},
				"down": {"uv": [8, 5, 11.5, 4], "rotation": 90, "texture": "#0"}
			}
		},
		{
			"from": [3, 3, 11],
			"to": [5, 5, 18],
			"rotation": {"angle": 0, "axis": "y", "origin": [5, 6, 11]},
			"faces": {
				"north": {"uv": [9, 6, 8, 5], "texture": "#0"},
				"east": {"uv": [8, 4, 11.5, 5], "texture": "#0"},
				"south": {"uv": [9, 5, 10, 6], "texture": "#0"},
				"west": {"uv": [8, 4, 11.5, 5], "texture": "#0"},
				"up": {"uv": [11.5, 5, 8, 4], "rotation": 90, "texture": "#0"},
				"down": {"uv": [8, 5, 11.5, 4], "rotation": 90, "texture": "#0"}
			}
		},
		{
			"from": [11, 3, 11],
			"to": [13, 5, 18],
			"rotation": {"angle": 0, "axis": "y", "origin": [11, 6, 11]},
			"faces": {
				"north": {"uv": [8, 6, 9, 5], "texture": "#0"},
				"east": {"uv": [8, 4, 11.5, 5], "texture": "#0"},
				"south": {"uv": [9, 5, 10, 6], "texture": "#0"},
				"west": {"uv": [8, 4, 11.5, 5], "texture": "#0"},
				"up": {"uv": [11.5, 5, 8, 4], "rotation": 90, "texture": "#0"},
				"down": {"uv": [8, 5, 11.5, 4], "rotation": 90, "texture": "#0"}
			}
		},
		{
			"from": [11, 7, 11],
			"to": [13, 9, 18],
			"rotation": {"angle": 0, "axis": "y", "origin": [11, 6, 11]},
			"faces": {
				"north": {"uv": [8, 5, 9, 6], "texture": "#0"},
				"east": {"uv": [8, 4, 11.5, 5], "texture": "#0"},
				"south": {"uv": [9, 5, 10, 6], "texture": "#0"},
				"west": {"uv": [8, 4, 11.5, 5], "texture": "#0"},
				"up": {"uv": [11.5, 5, 8, 4], "rotation": 90, "texture": "#0"},
				"down": {"uv": [8, 5, 11.5, 4], "rotation": 90, "texture": "#0"}
			}
		},
		{
			"from": [4, 0, 2],
			"to": [4, 3, 4],
			"rotation": {"angle": 0, "axis": "y", "origin": [4, 0, 3]},
			"faces": {
				"north": {"uv": [0, 0, 0, 1.5], "texture": "#0"},
				"east": {"uv": [4, 9.5, 5, 11], "texture": "#0"},
				"south": {"uv": [0, 0, 0, 1.5], "texture": "#0"},
				"west": {"uv": [5, 9.5, 4, 11], "texture": "#0"},
				"up": {"uv": [0, 0, 0, 1.5], "texture": "#0"},
				"down": {"uv": [0, 0, 0, 1.5], "texture": "#0"}
			}
		},
		{
			"from": [12, 0, 2],
			"to": [12, 3, 4],
			"rotation": {"angle": 0, "axis": "y", "origin": [12, 0, 3]},
			"faces": {
				"north": {"uv": [0, 0, 0, 1.5], "texture": "#0"},
				"east": {"uv": [4, 9.5, 5, 11], "texture": "#0"},
				"south": {"uv": [0, 0, 0, 1.5], "texture": "#0"},
				"west": {"uv": [5, 9.5, 4, 11], "texture": "#0"},
				"up": {"uv": [0, 0, 0, 1.5], "texture": "#0"},
				"down": {"uv": [0, 0, 0, 1.5], "texture": "#0"}
			}
		},
		{
			"from": [4, 0, 4],
			"to": [4, 8, 12],
			"rotation": {"angle": 0, "axis": "y", "origin": [4, 0, 4]},
			"faces": {
				"north": {"uv": [0, 0, 4, 4], "texture": "#0"},
				"east": {"uv": [0, 4, 4, 8], "texture": "#0"},
				"south": {"uv": [4, 0, 8, 4], "texture": "#0"},
				"west": {"uv": [4, 4, 0, 8], "texture": "#0"},
				"up": {"uv": [8, 4, 4, 0], "texture": "#0"},
				"down": {"uv": [8, 4, 4, 8], "texture": "#0"}
			}
		},
		{
			"from": [4, 8, 4],
			"to": [12, 8, 12],
			"rotation": {"angle": 0, "axis": "y", "origin": [4, 0, 4]},
			"faces": {
				"north": {"uv": [0, 0, 4, 4], "texture": "#0"},
				"east": {"uv": [0, 4, 4, 8], "texture": "#0"},
				"south": {"uv": [4, 0, 8, 4], "texture": "#0"},
				"west": {"uv": [4, 4, 0, 8], "texture": "#0"},
				"up": {"uv": [8, 4, 4, 0], "texture": "#0"},
				"down": {"uv": [8, 0, 4, 4], "texture": "#0"}
			}
		},
		{
			"from": [12, 0, 4],
			"to": [12, 8, 12],
			"rotation": {"angle": 0, "axis": "y", "origin": [4, 0, 4]},
			"faces": {
				"north": {"uv": [0, 0, 4, 4], "texture": "#0"},
				"east": {"uv": [0, 4, 4, 8], "texture": "#0"},
				"south": {"uv": [4, 0, 8, 4], "texture": "#0"},
				"west": {"uv": [4, 4, 0, 8], "texture": "#0"},
				"up": {"uv": [8, 4, 4, 0], "texture": "#0"},
				"down": {"uv": [8, 4, 4, 8], "texture": "#0"}
			}
		},
		{
			"from": [4, 0, 12],
			"to": [12, 8, 12],
			"rotation": {"angle": 0, "axis": "y", "origin": [4, 0, 4]},
			"faces": {
				"north": {"uv": [8, 0, 12, 4], "texture": "#0"},
				"east": {"uv": [0, 4, 4, 8], "texture": "#0"},
				"south": {"uv": [8, 0, 12, 4], "texture": "#0"},
				"west": {"uv": [4, 4, 0, 8], "texture": "#0"},
				"up": {"uv": [8, 4, 4, 0], "texture": "#0"},
				"down": {"uv": [8, 4, 4, 8], "texture": "#0"}
			}
		},
		{
			"from": [4, 0, 4],
			"to": [12, 0, 12],
			"rotation": {"angle": 0, "axis": "y", "origin": [4, 0, 4]},
			"faces": {
				"north": {"uv": [0, 0, 4, 4], "texture": "#0"},
				"east": {"uv": [0, 4, 4, 8], "texture": "#0"},
				"south": {"uv": [4, 0, 8, 4], "texture": "#0"},
				"west": {"uv": [4, 4, 0, 8], "texture": "#0"},
				"up": {"uv": [8, 8, 4, 4], "texture": "#0"},
				"down": {"uv": [8, 4, 4, 8], "texture": "#0"}
			}
		},
		{
			"from": [4, 0, 4],
			"to": [12, 8, 4],
			"rotation": {"angle": 0, "axis": "y", "origin": [4, 0, -4]},
			"faces": {
				"north": {"uv": [0, 0, 4, 4], "texture": "#0"},
				"east": {"uv": [0, 4, 4, 8], "texture": "#0"},
				"south": {"uv": [0, 0, 4, 4], "texture": "#0"},
				"west": {"uv": [4, 4, 0, 8], "texture": "#0"},
				"up": {"uv": [8, 4, 4, 0], "texture": "#0"},
				"down": {"uv": [8, 4, 4, 8], "texture": "#0"}
			}
		},
		{
			"from": [6, 2, 1],
			"to": [10, 8, 1],
			"rotation": {"angle": 0, "axis": "y", "origin": [-2, 2, 1]},
			"faces": {
				"north": {"uv": [0, 8, 2, 11], "texture": "#0"},
				"east": {"uv": [2, 8, 3.5, 11], "texture": "#0"},
				"south": {"uv": [0, 8, 2, 11], "texture": "#0"},
				"west": {"uv": [3.5, 8, 2, 11], "texture": "#0"},
				"up": {"uv": [5.5, 9.5, 3.5, 8], "texture": "#0"}
			}
		},
		{
			"from": [6, 2, 1],
			"to": [6, 8, 4],
			"rotation": {"angle": 0, "axis": "y", "origin": [-2, 2, 1]},
			"faces": {
				"north": {"uv": [0, 8, 2, 11], "texture": "#0"},
				"east": {"uv": [2, 8, 3.5, 11], "texture": "#0"},
				"south": {"uv": [0, 8, 2, 11], "texture": "#0"},
				"west": {"uv": [3.5, 8, 2, 11], "texture": "#0"},
				"up": {"uv": [5.5, 9.5, 3.5, 8], "texture": "#0"}
			}
		},
		{
			"from": [10, 2, 1],
			"to": [10, 8, 4],
			"rotation": {"angle": 0, "axis": "y", "origin": [-2, 2, 1]},
			"faces": {
				"north": {"uv": [0, 8, 2, 11], "texture": "#0"},
				"east": {"uv": [2, 8, 3.5, 11], "texture": "#0"},
				"south": {"uv": [0, 8, 2, 11], "texture": "#0"},
				"west": {"uv": [3.5, 8, 2, 11], "texture": "#0"},
				"up": {"uv": [5.5, 9.5, 3.5, 8], "texture": "#0"}
			}
		},
		{
			"from": [6, 8, 1],
			"to": [10, 8, 4],
			"rotation": {"angle": 0, "axis": "y", "origin": [-2, 2, 1]},
			"faces": {
				"north": {"uv": [0, 8, 2, 11], "texture": "#0"},
				"east": {"uv": [2, 8, 3.5, 11], "texture": "#0"},
				"south": {"uv": [0, 8, 2, 11], "texture": "#0"},
				"west": {"uv": [3.5, 8, 2, 11], "texture": "#0"},
				"up": {"uv": [5.5, 9.5, 3.5, 8], "texture": "#0"},
				"down": {"uv": [3.5, 8, 5.5, 9.5], "texture": "#0"}
			}
		},
		{
			"from": [4, 0, 2],
			"to": [5, 2, 2],
			"faces": {
				"north": {"uv": [4.5, 10, 5, 11], "texture": "#0"},
				"east": {"uv": [0, 0, 0, 1], "texture": "#0"},
				"south": {"uv": [4.5, 10, 5, 11], "texture": "#0"},
				"west": {"uv": [0, 0, 0, 1], "texture": "#0"},
				"up": {"uv": [0, 0, 0.5, 0], "texture": "#0"},
				"down": {"uv": [0, 0, 0.5, 0], "texture": "#0"}
			}
		},
		{
			"from": [11, 0, 2],
			"to": [12, 2, 2],
			"rotation": {"angle": 0, "axis": "y", "origin": [16, 0, 0]},
			"faces": {
				"north": {"uv": [5, 10, 4.5, 11], "texture": "#0"},
				"east": {"uv": [0, 0, 0, 1], "texture": "#0"},
				"south": {"uv": [5, 10, 4.5, 11], "texture": "#0"},
				"west": {"uv": [0, 0, 0, 1], "texture": "#0"},
				"up": {"uv": [0.5, 0, 0, 0], "texture": "#0"},
				"down": {"uv": [0.5, 0, 0, 0], "texture": "#0"}
			}
		}
	],
	"display": {
		"gui": {
			"rotation": [20, -145, 0],
			"translation": [1.25, 1.75, 0],
			"scale": [0.8, 0.8, 0.8]
		},
		"head": {
			"translation": [0, 8, 0],
			"scale": [2, 2, 2]
		}
	}
}