{
	"credit": "Made KotVoltaz2",
	"textures": {
		"1": "vill/nitwit",
		"2": "vill/desert",
		"3": "vill/villager",
		"particle": "vill/desert"
	},
	"elements": [
		{
			"from": [3, 14, 6],
			"to": [12, 24, 15],
			"faces": {
				"north": {"uv": [2, 2, 4, 4.5], "texture": "#2"},
				"east": {"uv": [0, 2, 2, 4.5], "texture": "#2"},
				"south": {"uv": [6, 2, 8, 4.5], "texture": "#2"},
				"west": {"uv": [4, 2, 6, 4.5], "texture": "#2"},
				"up": {"uv": [2, 0, 3.99928, 1.99927], "rotation": 180, "texture": "#2"},
				"down": {"uv": [4, 0, 5.99928, 1.99927], "texture": "#2"}
			}
		},
		{
			"from": [6.4, 13.1, 3.9],
			"to": [8.6, 17.1, 6],
			"faces": {
				"north": {"uv": [6.5, 0.5, 7, 1.5], "texture": "#3"},
				"east": {"uv": [6.5, 0.5, 7, 1.5], "texture": "#3"},
				"south": {"uv": [6.5, 0.5, 7, 1.5], "texture": "#3"},
				"west": {"uv": [6.5, 0.5, 7, 1.5], "texture": "#3"},
				"up": {"uv": [6.5, 0.5, 7, 1.5], "texture": "#3"},
				"down": {"uv": [6.5, 0.5, 7, 1.5], "texture": "#3"}
			}
		},
		{
			"from": [2.5, 13.8, 5.6],
			"to": [12.3, 24.3, 15.3],
			"faces": {
				"north": {"uv": [10, 2, 12, 4.5], "texture": "#2"},
				"east": {"uv": [8, 2, 9.99851, 4.49852], "texture": "#2"},
				"south": {"uv": [14, 2, 15.99783, 4.49817], "texture": "#2"},
				"west": {"uv": [12, 2, 13.99851, 4.49852], "texture": "#2"},
				"up": {"uv": [10, 0, 11.99851, 1.99851], "rotation": 180, "texture": "#1"},
				"down": {"uv": [14, 0, 16, 2], "texture": "#2"}
			}
		},
		{
			"from": [2.6, 13.8, 5.7],
			"to": [12.2, 24.8, 15.2],
			"faces": {
				"north": {"uv": [2, 2, 4, 4.5], "texture": "#1"},
				"east": {"uv": [0, 2, 2, 4.5], "texture": "#1"},
				"south": {"uv": [6, 2, 8, 4.5], "texture": "#1"},
				"west": {"uv": [4, 2, 6, 4.5], "texture": "#1"},
				"up": {"uv": [2, 0, 3.99851, 1.99851], "rotation": 180, "texture": "#1"},
				"down": {"uv": [12, 0, 14, 2], "texture": "#2"}
			}
		},
		{
			"from": [-1.2, 19.3, 1.7],
			"to": [16.2, 19.3, 19.1],
			"faces": {
				"north": {"uv": [10, 5, 11.99776, 6.99852], "texture": "#1"},
				"east": {"uv": [7.75, 3.25, 9.74851, 5.24852], "texture": "#1"},
				"south": {"uv": [14, 3.25, 15.99783, 5.24817], "texture": "#1"},
				"west": {"uv": [14, 3.25, 15.99851, 5.24852], "texture": "#1"},
				"up": {"uv": [12, 12, 16, 16], "rotation": 180, "texture": "#1"},
				"down": {"uv": [12, 16, 16, 12], "rotation": 180, "texture": "#1"}
			}
		},
		{
			"from": [5, 7, 9],
			"to": [9.9, 14, 11.9],
			"faces": {
				"north": {"uv": [5.5, 6.5, 7.39943, 9.4993], "texture": "#2"},
				"east": {"uv": [7.5, 6.5, 9, 9.5], "texture": "#2"},
				"south": {"uv": [7.25, 6.5, 9.14942, 9.4993], "texture": "#2"},
				"west": {"uv": [4, 6.5, 5.5, 9.5], "texture": "#2"},
				"up": {"uv": [5.5, 5, 7.5, 6.5], "texture": "#2"},
				"down": {"uv": [7.25, 5, 10, 6.5], "texture": "#2"}
			}
		},
		{
			"from": [4.7, 6.8, 8.7],
			"to": [10.2, 14.2, 12.2],
			"faces": {
				"north": {"uv": [1.5, 11.25, 3.39943, 14.24929], "texture": "#2"},
				"east": {"uv": [0, 11, 1.5, 13.75], "texture": "#2"},
				"south": {"uv": [5, 11, 6.89931, 13.99922], "texture": "#2"},
				"west": {"uv": [3.5, 11, 5, 14], "texture": "#2"},
				"up": {"uv": [5.5, 5, 7.5, 6.5], "texture": "#2"},
				"down": {"uv": [7.5, 5, 10, 6.5], "texture": "#2"}
			}
		},
		{
			"from": [4.8, 6.8, 8.8],
			"to": [10.1, 14.2, 12.1],
			"faces": {
				"north": {"uv": [1.5, 11, 3.39943, 13.99929], "texture": "#2"},
				"east": {"uv": [0, 11, 1.5, 13.75], "texture": "#2"},
				"south": {"uv": [5, 11, 6.89931, 13.99922], "texture": "#2"},
				"west": {"uv": [3.5, 11, 4.75, 14], "texture": "#2"},
				"up": {"uv": [1.5, 9.5, 3.5, 10.75], "texture": "#2"},
				"down": {"uv": [3.5, 9.5, 6.25, 11], "texture": "#2"}
			}
		},
		{
			"from": [4.8, 6.85, 4.75],
			"to": [10.1, 7.55, 12.15],
			"rotation": {"angle": 0, "axis": "x", "origin": [7.45, 3.2, 10.45]},
			"faces": {
				"north": {"uv": [3.5, 15.25, 1.5, 15.5], "rotation": 180, "texture": "#1"},
				"east": {"uv": [1.5, 13, 1.75, 15.5], "rotation": 270, "texture": "#1"},
				"south": {"uv": [1.5, 13.75, 3.399, 14.75], "texture": "#2"},
				"west": {"uv": [1.5, 15.5, 1.75, 13], "rotation": 270, "texture": "#1"},
				"up": {"uv": [1.5, 13, 3.5, 15.5], "rotation": 180, "texture": "#1"},
				"down": {"uv": [5.25, 7, 7.14931, 9.99922], "texture": "#1"}
			}
		},
		{
			"from": [9.9, 10.6, 7],
			"to": [12.5, 13.3, 12.2],
			"rotation": {"angle": -22.5, "axis": "x", "origin": [11, 10.5, 10.5]},
			"faces": {
				"north": {"uv": [13, 4, 14, 5], "texture": "#1"},
				"east": {"uv": [5.25, 6.25, 6.25, 9.25], "rotation": 270, "texture": "#1"},
				"south": {"uv": [11.75, 3.25, 12.75, 4.25], "rotation": 180, "texture": "#1"},
				"west": {"uv": [8.25, 7.75, 9.25, 10.75], "rotation": 90, "texture": "#1"},
				"up": {"uv": [8, 6.5, 9, 9.5], "rotation": 180, "texture": "#1"},
				"down": {"uv": [8.75, 0.5, 9.75, 3.5], "texture": "#1"}
			}
		},
		{
			"from": [9.95, 10.7, 7.2],
			"to": [12.4, 13.2, 12.1],
			"rotation": {"angle": -22.5, "axis": "x", "origin": [11, 10.5, 10.5]},
			"faces": {
				"north": {"uv": [13, 5.5, 14, 6.5], "texture": "#2"},
				"east": {"uv": [11, 6.5, 12, 8.5], "rotation": 270, "texture": "#2"},
				"south": {"uv": [12, 5.5, 13, 6.5], "texture": "#2"},
				"west": {"uv": [13, 6.5, 14, 8.5], "rotation": 90, "texture": "#2"},
				"up": {"uv": [12, 6.5, 13, 8.5], "rotation": 180, "texture": "#2"},
				"down": {"uv": [15, 6.5, 14, 8.5], "texture": "#2"}
			}
		},
		{
			"from": [4.8, 10.6, 7],
			"to": [10.1, 13.4, 9],
			"rotation": {"angle": -22.5, "axis": "x", "origin": [11, 10.5, 10.5]},
			"faces": {
				"north": {"uv": [9.75, 13.25, 11.75, 14.25], "texture": "#1"},
				"east": {"uv": [14.5, 13, 15.25, 16], "rotation": 270, "texture": "#2"},
				"south": {"uv": [13, 12, 14, 13], "rotation": 270, "texture": "#2"},
				"west": {"uv": [11.25, 12, 12.25, 15], "rotation": 90, "texture": "#2"},
				"up": {"uv": [10, 5, 12, 6], "rotation": 180, "texture": "#1"},
				"down": {"uv": [15.75, 5.25, 13.75, 6.25], "rotation": 180, "texture": "#1"}
			}
		},
		{
			"from": [4.85, 10.7, 7.2],
			"to": [10, 13.2, 10.1],
			"rotation": {"angle": -22.5, "axis": "x", "origin": [11, 10.5, 10.5]},
			"faces": {
				"north": {"uv": [15, 9.5, 13, 10.5], "texture": "#2"},
				"east": {"uv": [10, 9.25, 11, 12.25], "rotation": 270, "texture": "#2"},
				"south": {"uv": [10, 10.5, 11, 11.5], "texture": "#2"},
				"west": {"uv": [11, 10.5, 13.25, 11.5], "rotation": 90, "texture": "#2"},
				"up": {"uv": [11, 10.5, 13, 11.5], "rotation": 180, "texture": "#2"},
				"down": {"uv": [13, 9.5, 11, 10.5], "texture": "#2"}
			}
		},
		{
			"from": [2.4, 10.6, 7.1],
			"to": [5, 13.3, 12.2],
			"rotation": {"angle": -22.5, "axis": "x", "origin": [11, 10.5, 10.5]},
			"faces": {
				"north": {"uv": [14, 3.75, 13, 4.75], "texture": "#1"},
				"east": {"uv": [8.5, 4, 9.5, 7], "rotation": 270, "texture": "#1"},
				"south": {"uv": [12.25, 2.75, 11.25, 3.75], "rotation": 180, "texture": "#1"},
				"west": {"uv": [8.25, 7.25, 9.25, 10.25], "rotation": 90, "texture": "#1"},
				"up": {"uv": [10.25, 6.75, 9.25, 9.75], "rotation": 180, "texture": "#1"},
				"down": {"uv": [9.5, 3, 10.5, 6], "texture": "#1"}
			}
		},
		{
			"from": [2.45, 10.7, 7.2],
			"to": [4.9, 13.2, 12.1],
			"rotation": {"angle": -22.5, "axis": "x", "origin": [11, 10.5, 10.5]},
			"faces": {
				"north": {"uv": [13, 5.5, 14, 6.5], "texture": "#2"},
				"east": {"uv": [13, 6.5, 14, 8.5], "rotation": 270, "texture": "#2"},
				"south": {"uv": [12, 5.5, 13, 6.5], "texture": "#2"},
				"west": {"uv": [12, 6.5, 13, 8.5], "rotation": 90, "texture": "#2"},
				"up": {"uv": [11, 6.5, 12, 8.5], "rotation": 180, "texture": "#2"},
				"down": {"uv": [15, 6.5, 14, 8.5], "texture": "#2"}
			}
		},
		{
			"from": [4.75, 4.225, 3.85],
			"to": [7.4, 7, 11.25],
			"rotation": {"angle": 22.5, "axis": "y", "origin": [6, 3.5, 10.5]},
			"faces": {
				"north": {"uv": [8.25, 13, 9.25, 14], "rotation": 180, "texture": "#2"},
				"east": {"uv": [7.75, 8.25, 8.75, 11.25], "rotation": 270, "texture": "#1"},
				"south": {"uv": [0.25, 9.75, 1.25, 10.75], "texture": "#2"},
				"west": {"uv": [7.75, 13, 8.75, 16], "rotation": 90, "texture": "#2"},
				"up": {"uv": [8.25, 13, 9.25, 16], "rotation": 180, "texture": "#2"},
				"down": {"uv": [8, 13, 9, 16], "texture": "#2"}
			}
		},
		{
			"from": [4.85, 4.3, 4.05],
			"to": [7.3, 6.8, 11.05],
			"rotation": {"angle": 22.5, "axis": "y", "origin": [6, 3.5, 10.5]},
			"faces": {
				"north": {"uv": [3, 8.75, 4, 9.5], "rotation": 180, "texture": "#2"},
				"east": {"uv": [3, 6.5, 2, 9.5], "rotation": 270, "texture": "#2"},
				"south": {"uv": [1, 5.5, 2, 6.5], "texture": "#2"},
				"west": {"uv": [1, 6.5, 0, 9.5], "rotation": 90, "texture": "#2"},
				"up": {"uv": [1, 6.5, 2, 9.5], "rotation": 180, "texture": "#2"},
				"down": {"uv": [4, 6.5, 3, 9.5], "texture": "#2"}
			}
		},
		{
			"from": [7.2, 4.175, 3.85],
			"to": [9.9, 7, 11.25],
			"rotation": {"angle": -22.5, "axis": "y", "origin": [8.5, 3.5, 10.5]},
			"faces": {
				"north": {"uv": [8, 12, 9, 13], "rotation": 180, "texture": "#2"},
				"east": {"uv": [10.5, 11.75, 11.5, 14.75], "rotation": 270, "texture": "#2"},
				"south": {"uv": [3.25, 5.5, 4.25, 6.5], "texture": "#2"},
				"west": {"uv": [7.5, 12.5, 8.5, 15.5], "rotation": 90, "texture": "#2"},
				"up": {"uv": [9, 12.25, 10, 15.25], "rotation": 180, "texture": "#2"},
				"down": {"uv": [9, 13, 10, 16], "texture": "#2"}
			}
		},
		{
			"from": [7.35, 4.3, 4.05],
			"to": [9.8, 6.8, 11.05],
			"rotation": {"angle": -22.5, "axis": "y", "origin": [8.5, 3.5, 10.5]},
			"faces": {
				"north": {"uv": [3, 8.75, 4, 9.5], "rotation": 180, "texture": "#2"},
				"east": {"uv": [0, 6.5, 1, 9.499], "rotation": 270, "texture": "#2"},
				"south": {"uv": [1, 5.5, 2, 6.5], "texture": "#2"},
				"west": {"uv": [2, 6.5, 3, 9.5], "rotation": 90, "texture": "#2"},
				"up": {"uv": [2, 6.5, 1, 9.5], "rotation": 180, "texture": "#2"},
				"down": {"uv": [3, 6.5, 4, 9.5], "texture": "#2"}
			}
		}
	],
	"display": {
		"thirdperson_righthand": {
			"translation": [0, 0.25, 0],
			"scale": [0.52, 0.52, 0.52]
		},
		"thirdperson_lefthand": {
			"translation": [0, 0.25, 0],
			"scale": [0.52, 0.52, 0.52]
		},
		"firstperson_righthand": {
			"rotation": [0, 104, 0],
			"translation": [0, 0.25, 0],
			"scale": [0.52, 0.52, 0.52]
		},
		"firstperson_lefthand": {
			"rotation": [0, 104, 0],
			"translation": [0, 0.25, 0],
			"scale": [0.52, 0.52, 0.52]
		},
		"ground": {
			"rotation": [90, 0, 0],
			"translation": [1.5, 2.25, -1],
			"scale": [0.54, 0.54, 0.54]
		},
		"gui": {
			"rotation": [0, 147, 47],
			"translation": [-3, -0.5, 0],
			"scale": [0.91, 0.91, 0.91]
		},
		"head": {
			"translation": [0, 9, 0.25],
			"scale": [0.7, 0.7, 0.7]
		},
		"fixed": {
			"rotation": [-90, 0, 0],
			"translation": [0.75, 0.25, -3.5]
		}
	},
	"groups": [
		{
			"name": "Фигурка",
			"origin": [8, 8, 8],
			"color": 0,
			"children": [
				{
					"name": "Голова",
					"origin": [8, 8, 8],
					"color": 0,
					"children": [0, 1, 2, 3, 4]
				},
				{
					"name": "Грудь",
					"origin": [8, 8, 8],
					"color": 0,
					"children": [5, 6, 7, 8]
				},
				{
					"name": "Правая рука",
					"origin": [8, 8, 8],
					"color": 0,
					"children": [9, 10]
				},
				{
					"name": "Правая рука",
					"origin": [8, 8, 8],
					"color": 0,
					"children": [11, 12]
				},
				{
					"name": "левая рука",
					"origin": [8, 8, 8],
					"color": 0,
					"children": [13, 14]
				},
				{
					"name": "Левая нога",
					"origin": [8, 8, 8],
					"color": 0,
					"children": [15, 16]
				},
				{
					"name": "Правая нога",
					"origin": [8, 8, 8],
					"color": 0,
					"children": [17, 18]
				}
			]
		}
	]
}