{
	"format_version": "1.21.6",
	"texture_size": [48, 48],
	"textures": {
		"particle": "bench - Copy"
	},
	"elements": [
		{
			"from": [22, 0, 14],
			"to": [24, 22, 16],
			"rotation": {"angle": 0, "axis": "y", "origin": [7, 0, 8]},
			"faces": {
				"north": {"uv": [0, 9.66667, 7.33333, 10.33333], "rotation": 90, "texture": "#particle"},
				"east": {"uv": [0, 8.66667, 7.33333, 9.33333], "rotation": 90, "texture": "#particle"},
				"south": {"uv": [0, 9.66667, 7.33333, 10.33333], "rotation": 90, "texture": "#particle"},
				"west": {"uv": [0, 8.66667, 7.33333, 9.33333], "rotation": 90, "texture": "#particle"},
				"up": {"uv": [0, 6, 0.66667, 6.66667], "rotation": 180, "texture": "#particle"},
				"down": {"uv": [0, 6, 0.66667, 6.66667], "rotation": 180, "texture": "#particle"}
			}
		},
		{
			"from": [-8, 0, 14],
			"to": [-6, 22, 16],
			"rotation": {"angle": 0, "axis": "y", "origin": [7, 0, 8]},
			"faces": {
				"north": {"uv": [0, 9.66667, 7.33333, 10.33333], "rotation": 90, "texture": "#particle"},
				"east": {"uv": [0, 8.66667, 7.33333, 9.33333], "rotation": 90, "texture": "#particle"},
				"south": {"uv": [0, 9.66667, 7.33333, 10.33333], "rotation": 90, "texture": "#particle"},
				"west": {"uv": [0, 8.66667, 7.33333, 9.33333], "rotation": 90, "texture": "#particle"},
				"up": {"uv": [0, 6, 0.66667, 6.66667], "rotation": 180, "texture": "#particle"},
				"down": {"uv": [0, 6, 0.66667, 6.66667], "rotation": 180, "texture": "#particle"}
			}
		},
		{
			"from": [-8, 6.6, 3],
			"to": [-7, 8.6, 14],
			"rotation": {"angle": 0, "axis": "y", "origin": [7, 0, 8]},
			"faces": {
				"north": {"uv": [0, 0, 0.66667, 1.33333], "texture": "#particle"},
				"east": {"uv": [0, 9.66667, 7.33333, 10.33333], "texture": "#particle"},
				"south": {"uv": [0, 0, 0.66667, 1.33333], "texture": "#particle"},
				"west": {"uv": [0, 9.66667, 7.33333, 10.33333], "texture": "#particle"},
				"up": {"uv": [0, 10, 7.33333, 10.66667], "rotation": 270, "texture": "#particle"},
				"down": {"uv": [0, 10, 7.33333, 10.66667], "rotation": 270, "texture": "#particle"}
			}
		},
		{
			"name": "dyeable",
			"from": [-7, 7, 1.6],
			"to": [22, 8, 4.6],
			"rotation": {"angle": 0, "axis": "y", "origin": [7, 0, 8]},
			"faces": {
				"north": {"uv": [0, 3.33333, 10.66667, 3.66667], "texture": "#particle", "tintindex": 0},
				"east": {"uv": [0, 0, 6, 0.66667], "texture": "#particle", "tintindex": 0},
				"south": {"uv": [0, 3, 10.66667, 2.66667], "texture": "#particle", "tintindex": 0},
				"west": {"uv": [0, 0, 6, 0.66667], "texture": "#particle", "tintindex": 0},
				"up": {"uv": [0, 4.66667, 10.66667, 6], "rotation": 180, "texture": "#particle", "tintindex": 0},
				"down": {"uv": [0, 4.66667, 10.66667, 6], "rotation": 180, "texture": "#particle", "tintindex": 0}
			}
		},
		{
			"name": "dyeable",
			"from": [-7, 7, 5.1],
			"to": [22, 8, 8.1],
			"rotation": {"angle": 0, "axis": "y", "origin": [7, 0, 8]},
			"faces": {
				"north": {"uv": [0, 2.66667, 10.66667, 3], "texture": "#particle", "tintindex": 0},
				"east": {"uv": [0, 0, 6, 0.66667], "texture": "#particle", "tintindex": 0},
				"south": {"uv": [0, 4, 10.66667, 3.66667], "texture": "#particle", "tintindex": 0},
				"west": {"uv": [0, 0, 6, 0.66667], "texture": "#particle", "tintindex": 0},
				"up": {"uv": [0, 4, 10.66667, 5.33333], "rotation": 180, "texture": "#particle", "tintindex": 0},
				"down": {"uv": [0, 4, 10.66667, 5.33333], "rotation": 180, "texture": "#particle", "tintindex": 0}
			}
		},
		{
			"name": "dyeable",
			"from": [-7, 7, 8.6],
			"to": [22, 8, 11.6],
			"rotation": {"angle": 0, "axis": "y", "origin": [7, 0, 7]},
			"faces": {
				"north": {"uv": [0, 2.66667, 10.66667, 3], "texture": "#particle", "tintindex": 0},
				"east": {"uv": [0, 0, 6, 0.66667], "texture": "#particle", "tintindex": 0},
				"south": {"uv": [0, 4.33333, 10.66667, 4], "texture": "#particle", "tintindex": 0},
				"west": {"uv": [0, 0, 6, 0.66667], "texture": "#particle", "tintindex": 0},
				"up": {"uv": [0, 2.66667, 10.66667, 4.33333], "rotation": 180, "texture": "#particle", "tintindex": 0},
				"down": {"uv": [0, 2.66667, 10.66667, 4.33333], "rotation": 180, "texture": "#particle", "tintindex": 0}
			}
		},
		{
			"from": [22, 6.6, 3],
			"to": [23, 8.6, 14],
			"rotation": {"angle": 0, "axis": "y", "origin": [7, 0, 8]},
			"faces": {
				"north": {"uv": [0, 0, 0.66667, 1.33333], "texture": "#particle"},
				"east": {"uv": [0, 9.66667, 7.33333, 10.33333], "texture": "#particle"},
				"south": {"uv": [0, 0, 0.66667, 1.33333], "texture": "#particle"},
				"west": {"uv": [0, 9.66667, 7.33333, 10.66667], "texture": "#particle"},
				"up": {"uv": [0, 10, 7.33333, 10.66667], "rotation": 270, "texture": "#particle"},
				"down": {"uv": [0, 10, 7.33333, 10.66667], "rotation": 270, "texture": "#particle"}
			}
		},
		{
			"from": [22.5, 8.6, 3],
			"to": [22.5, 12.1, 14],
			"rotation": {"angle": 0, "axis": "y", "origin": [7, 0, 8]},
			"faces": {
				"north": {"uv": [0, 0, 0.66667, 1.33333], "texture": "#particle"},
				"east": {"uv": [8, 7, 4.33333, 8.66667], "texture": "#particle"},
				"south": {"uv": [0, 0, 0.66667, 1.33333], "texture": "#particle"},
				"west": {"uv": [4.33333, 7, 8, 8.66667], "texture": "#particle"},
				"up": {"uv": [0, 10, 7.33333, 10.66667], "rotation": 270, "texture": "#particle"},
				"down": {"uv": [0, 10, 7.33333, 10.66667], "rotation": 270, "texture": "#particle"}
			}
		},
		{
			"from": [22, 12.1, 0],
			"to": [23.7, 12.8, 14],
			"rotation": {"angle": 0, "axis": "y", "origin": [7, 0, 8]},
			"faces": {
				"north": {"uv": [6, 10.33333, 7.33333, 10.66667], "rotation": 90, "texture": "#particle"},
				"east": {"uv": [0, 10, 7.33333, 10.33333], "texture": "#particle"},
				"south": {"uv": [0, 0, 0.66667, 1.33333], "texture": "#particle"},
				"west": {"uv": [0, 9.66667, 7.33333, 10], "texture": "#particle"},
				"up": {"uv": [0, 10, 7.33333, 10.66667], "rotation": 270, "texture": "#particle"},
				"down": {"uv": [0, 10, 7.33333, 10.66667], "rotation": 270, "texture": "#particle"}
			}
		},
		{
			"from": [-7.5, 8.6, 3],
			"to": [-7.5, 12.1, 14],
			"rotation": {"angle": 0, "axis": "y", "origin": [7, 0, 8]},
			"faces": {
				"north": {"uv": [0, 0, 0.66667, 1.33333], "texture": "#particle"},
				"east": {"uv": [8, 7, 4.33333, 8.66667], "texture": "#particle"},
				"south": {"uv": [0, 0, 0.66667, 1.33333], "texture": "#particle"},
				"west": {"uv": [4.33333, 7, 8, 8.66667], "texture": "#particle"},
				"up": {"uv": [0, 10, 7.33333, 10.66667], "rotation": 270, "texture": "#particle"},
				"down": {"uv": [0, 10, 7.33333, 10.66667], "rotation": 270, "texture": "#particle"}
			}
		},
		{
			"from": [-8, 12.1, 0],
			"to": [-6.3, 12.8, 14],
			"rotation": {"angle": 0, "axis": "y", "origin": [7, 0, 8]},
			"faces": {
				"north": {"uv": [6, 10.33333, 7.33333, 10.66667], "rotation": 90, "texture": "#particle"},
				"east": {"uv": [0, 10, 7.33333, 10.33333], "texture": "#particle"},
				"south": {"uv": [0, 0, 0.66667, 1.33333], "texture": "#particle"},
				"west": {"uv": [0, 9.66667, 7.33333, 10], "texture": "#particle"},
				"up": {"uv": [0, 10, 7.33333, 10.66667], "rotation": 270, "texture": "#particle"},
				"down": {"uv": [0, 10, 7.33333, 10.66667], "rotation": 270, "texture": "#particle"}
			}
		},
		{
			"from": [22.05, -1, 1.5],
			"to": [23.5, 12.775, 3],
			"rotation": {"angle": 0, "axis": "x", "origin": [22.75, 6.3875, 2.25]},
			"faces": {
				"north": {"uv": [0, 9.66667, 4.66667, 10.33333], "rotation": 90, "texture": "#particle"},
				"east": {"uv": [0, 9.66667, 4.66667, 10.33333], "rotation": 90, "texture": "#particle"},
				"south": {"uv": [0, 9.66667, 4.66667, 10.33333], "rotation": 90, "texture": "#particle"},
				"west": {"uv": [0, 9.66667, 4.66667, 10.33333], "rotation": 90, "texture": "#particle"},
				"up": {"uv": [1.33333, 6, 2.66667, 7.33333], "rotation": 180, "texture": "#particle"},
				"down": {"uv": [0, 6.33333, 0.66667, 7], "rotation": 180, "texture": "#particle"}
			}
		},
		{
			"from": [-7.95, -1, 1.5],
			"to": [-6.5, 12.775, 3],
			"rotation": {"angle": 0, "axis": "x", "origin": [-7.25, 6.0375, 2.25]},
			"faces": {
				"north": {"uv": [0, 9.66667, 4.66667, 10.33333], "rotation": 90, "texture": "#particle"},
				"east": {"uv": [0, 9.66667, 4.66667, 10.33333], "rotation": 90, "texture": "#particle"},
				"south": {"uv": [0, 9.66667, 4.66667, 10.33333], "rotation": 90, "texture": "#particle"},
				"west": {"uv": [0, 9.66667, 4.66667, 10.33333], "rotation": 90, "texture": "#particle"},
				"up": {"uv": [1.33333, 6, 2.66667, 7.33333], "rotation": 180, "texture": "#particle"},
				"down": {"uv": [0, 6.33333, 0.66667, 7], "texture": "#particle"}
			}
		},
		{
			"from": [-6, 8, 15],
			"to": [22, 24, 15],
			"rotation": {"angle": 0, "axis": "y", "origin": [0, 7, 15]},
			"faces": {
				"north": {"uv": [0, 10.66667, 8.33333, 16], "texture": "#particle"},
				"east": {"uv": [0, 0, 0, 6], "texture": "#missing"},
				"south": {"uv": [0, 10.66667, 8.33333, 16], "texture": "#particle"},
				"west": {"uv": [0, 0, 0, 6], "texture": "#missing"},
				"up": {"uv": [0, 0, 9.33333, 0], "texture": "#missing"},
				"down": {"uv": [0, 0, 9.33333, 0], "texture": "#missing"}
			}
		},
		{
			"from": [-6.5, 4, 2.5],
			"to": [22, 7, 2.5],
			"rotation": {"angle": 0, "axis": "x", "origin": [7.75, 7.5, 2]},
			"faces": {
				"north": {"uv": [0, 16, 8.33333, 15], "texture": "#particle"},
				"east": {"uv": [0, 0, 0, 1], "texture": "#missing"},
				"south": {"uv": [0, 16, 8.33333, 15], "texture": "#particle"},
				"west": {"uv": [0, 0, 0, 1], "texture": "#missing"},
				"up": {"uv": [0, 0, 9.5, 0], "texture": "#missing"},
				"down": {"uv": [0, 0, 9.5, 0], "texture": "#missing"}
			}
		},
		{
			"from": [-6, 5, 15],
			"to": [22, 8, 15],
			"rotation": {"angle": 0, "axis": "x", "origin": [7.75, 7.4609, 14.69657]},
			"faces": {
				"north": {"uv": [0, 15.66667, 8.33333, 14.66667], "texture": "#particle"},
				"east": {"uv": [0, 0, 0, 1], "texture": "#missing"},
				"south": {"uv": [0, 15.66667, 8.33333, 14.66667], "texture": "#particle"},
				"west": {"uv": [0, 0, 0, 1], "texture": "#missing"},
				"up": {"uv": [0, 0, 9.5, 0], "texture": "#missing"},
				"down": {"uv": [0, 0, 9.5, 0], "texture": "#missing"}
			}
		},
		{
			"name": "dyeable",
			"from": [-7, 7, 11.95],
			"to": [22, 8, 14.95],
			"rotation": {"angle": 0, "axis": "y", "origin": [7, 0, 19]},
			"faces": {
				"north": {"uv": [0, 3.33333, 10.66667, 3.66667], "texture": "#particle", "tintindex": 0},
				"east": {"uv": [0, 0, 6, 0.66667], "texture": "#particle", "tintindex": 0},
				"south": {"uv": [0, 3, 10.66667, 2.66667], "texture": "#particle", "tintindex": 0},
				"west": {"uv": [0, 0, 6, 0.66667], "texture": "#particle", "tintindex": 0},
				"up": {"uv": [0, 4.66667, 10.66667, 6], "rotation": 180, "texture": "#particle", "tintindex": 0},
				"down": {"uv": [0, 4.66667, 10.66667, 6], "rotation": 180, "texture": "#particle", "tintindex": 0}
			}
		}
	],
	"display": {
		"thirdperson_righthand": {
			"rotation": [52, -180, 0],
			"translation": [-0.25, 1, -0.75],
			"scale": [0.25, 0.25, 0.25]
		},
		"thirdperson_lefthand": {
			"rotation": [52, -180, 0],
			"translation": [-0.25, 1, -0.75],
			"scale": [0.25, 0.25, 0.25]
		},
		"firstperson_righthand": {
			"rotation": [0, 149, 0],
			"translation": [-3.25, 4.25, 4.25],
			"scale": [0.23, 0.23, 0.23]
		},
		"firstperson_lefthand": {
			"rotation": [0, 149, 0],
			"translation": [-3.25, 4.25, 4.25],
			"scale": [0.23, 0.23, 0.23]
		},
		"ground": {
			"translation": [-1.75, 0, 0],
			"scale": [0.25, 0.25, 0.25]
		},
		"gui": {
			"rotation": [16, -135, 0],
			"translation": [0, -2.25, 0],
			"scale": [0.46, 0.46, 0.46]
		},
		"head": {
			"translation": [0, 8, -1.5],
			"scale": [0.8, 0.8, 0.8]
		},
		"fixed": {
			"rotation": [-90, 0, 0],
			"translation": [-16, 0, -16],
			"scale": [2, 2, 2]
		}
	}
}