{
	"credit": "Made with Blockbench",
	"texture_size": [256, 256],
	"textures": {
		"0": "./ender_dragon",
		"particle": "./ender_dragon"
	},
	"elements": [
		{
			"name": "head",
			"from": [7.43, 6.55, -6.25],
			"to": [7.68, 6.8, -5.75],
			"faces": {
				"north": {"uv": [7.25, 0.25, 7.375, 0.375], "texture": "#0"},
				"east": {"uv": [7, 0.25, 7.25, 0.375], "texture": "#0"},
				"south": {"uv": [7.625, 0.25, 7.75, 0.375], "texture": "#0"},
				"west": {"uv": [7.375, 0.25, 7.625, 0.375], "texture": "#0"},
				"up": {"uv": [7.375, 0.25, 7.25, 0], "texture": "#0"},
				"down": {"uv": [7.5, 0, 7.375, 0.25], "texture": "#0"}
			}
		},
		{
			"name": "mirrored",
			"from": [8.43, 6.55, -6.25],
			"to": [8.68, 6.8, -5.75],
			"shade": false,
			"faces": {
				"north": {"uv": [7.375, 0.25, 7.25, 0.375], "texture": "#0"},
				"east": {"uv": [7.625, 0.25, 7.375, 0.375], "texture": "#0"},
				"south": {"uv": [7.75, 0.25, 7.625, 0.375], "texture": "#0"},
				"west": {"uv": [7.25, 0.25, 7, 0.375], "texture": "#0"},
				"up": {"uv": [7.25, 0.25, 7.375, 0], "texture": "#0"},
				"down": {"uv": [7.375, 0, 7.5, 0.25], "texture": "#0"}
			}
		},
		{
			"name": "jaw",
			"from": [7.3, 5.4, -6.5],
			"to": [8.8, 5.9, -4.5],
			"faces": {
				"north": {"uv": [12, 5.0625, 12.75, 5.3125], "texture": "#0"},
				"east": {"uv": [11, 5.0625, 12, 5.3125], "texture": "#0"},
				"south": {"uv": [13.75, 5.0625, 14.5, 5.3125], "texture": "#0"},
				"west": {"uv": [12.75, 5.0625, 13.75, 5.3125], "texture": "#0"},
				"up": {"uv": [12.75, 5.0625, 12, 4.0625], "texture": "#0"},
				"down": {"uv": [13.5, 4.0625, 12.75, 5.0625], "texture": "#0"}
			}
		},
		{
			"name": "head",
			"from": [7.05, 5.3, -4.5],
			"to": [9.05, 7.3, -2.5],
			"faces": {
				"north": {"uv": [8, 2.875, 9, 3.875], "texture": "#0"},
				"east": {"uv": [7, 2.875, 8, 3.875], "texture": "#0"},
				"south": {"uv": [10, 2.875, 11, 3.875], "texture": "#0"},
				"west": {"uv": [9, 2.875, 10, 3.875], "texture": "#0"},
				"up": {"uv": [9, 2.875, 8, 1.875], "texture": "#0"},
				"down": {"uv": [10, 1.875, 9, 2.875], "texture": "#0"}
			}
		},
		{
			"name": "head",
			"from": [7.425, 7.3, -3.75],
			"to": [7.675, 7.8, -3],
			"faces": {
				"north": {"uv": [0.375, 0.375, 0.5, 0.625], "texture": "#0"},
				"east": {"uv": [0, 0.375, 0.375, 0.625], "texture": "#0"},
				"south": {"uv": [0.875, 0.375, 1, 0.625], "texture": "#0"},
				"west": {"uv": [0.5, 0.375, 0.875, 0.625], "texture": "#0"},
				"up": {"uv": [0.5, 0.375, 0.375, 0], "texture": "#0"},
				"down": {"uv": [0.625, 0, 0.5, 0.375], "texture": "#0"}
			}
		},
		{
			"name": "mirrored",
			"from": [8.425, 7.3, -3.75],
			"to": [8.675, 7.8, -3],
			"shade": false,
			"faces": {
				"north": {"uv": [0.5, 0.375, 0.375, 0.625], "texture": "#0"},
				"east": {"uv": [0.875, 0.375, 0.5, 0.625], "texture": "#0"},
				"south": {"uv": [1, 0.375, 0.875, 0.625], "texture": "#0"},
				"west": {"uv": [0.375, 0.375, 0, 0.625], "texture": "#0"},
				"up": {"uv": [0.375, 0.375, 0.5, 0], "texture": "#0"},
				"down": {"uv": [0.5, 0, 0.625, 0.375], "texture": "#0"}
			}
		},
		{
			"name": "spine",
			"from": [7.425, 5.55, -2.5],
			"to": [8.675, 6.8, -1.25],
			"faces": {
				"north": {"uv": [12.625, 7.125, 13.25, 7.75], "texture": "#0"},
				"east": {"uv": [12, 7.125, 12.625, 7.75], "texture": "#0"},
				"south": {"uv": [13.875, 7.125, 14.5, 7.75], "texture": "#0"},
				"west": {"uv": [13.25, 7.125, 13.875, 7.75], "texture": "#0"},
				"up": {"uv": [13.25, 7.125, 12.625, 6.5], "texture": "#0"},
				"down": {"uv": [13.875, 6.5, 13.25, 7.125], "texture": "#0"}
			}
		},
		{
			"name": "spine",
			"from": [7.925, 6.8, -2.25],
			"to": [8.175, 7.3, -1.5],
			"faces": {
				"north": {"uv": [3.375, 0.375, 3.5, 0.625], "texture": "#0"},
				"east": {"uv": [3, 0.375, 3.375, 0.625], "texture": "#0"},
				"south": {"uv": [3.875, 0.375, 4, 0.625], "texture": "#0"},
				"west": {"uv": [3.5, 0.375, 3.875, 0.625], "texture": "#0"},
				"up": {"uv": [3.5, 0.375, 3.375, 0], "texture": "#0"},
				"down": {"uv": [3.625, 0, 3.5, 0.375], "texture": "#0"}
			}
		},
		{
			"name": "body",
			"from": [6.55, 5.05, 3.8],
			"to": [9.55, 8.05, 11.8],
			"faces": {
				"north": {"uv": [4, 4, 5.5, 5.5], "texture": "#0"},
				"east": {"uv": [0, 4, 4, 5.5], "texture": "#0"},
				"south": {"uv": [9.5, 4, 11, 5.5], "texture": "#0"},
				"west": {"uv": [5.5, 4, 9.5, 5.5], "texture": "#0"},
				"up": {"uv": [5.5, 4, 4, 0], "texture": "#0"},
				"down": {"uv": [7, 0, 5.5, 4], "texture": "#0"}
			}
		},
		{
			"name": "body",
			"from": [7.93, 8.05, 4.55],
			"to": [8.18, 8.8, 6.05],
			"faces": {
				"north": {"uv": [14.5, 4.0625, 14.625, 4.4375], "texture": "#0"},
				"east": {"uv": [13.75, 4.0625, 14.5, 4.4375], "texture": "#0"},
				"south": {"uv": [15.375, 4.0625, 15.5, 4.4375], "texture": "#0"},
				"west": {"uv": [14.625, 4.0625, 15.375, 4.4375], "texture": "#0"},
				"up": {"uv": [14.625, 4.0625, 14.5, 3.3125], "texture": "#0"},
				"down": {"uv": [14.75, 3.3125, 14.625, 4.0625], "texture": "#0"}
			}
		},
		{
			"name": "left_wing",
			"from": [-0.45, 7.425, 4.55],
			"to": [6.55, 8.425, 5.55],
			"shade": false,
			"faces": {
				"north": {"uv": [11, 6, 7.5, 6.5], "texture": "#0"},
				"east": {"uv": [11.5, 6, 11, 6.5], "texture": "#0"},
				"south": {"uv": [15, 6, 11.5, 6.5], "texture": "#0"},
				"west": {"uv": [7.5, 6, 7, 6.5], "texture": "#0"},
				"up": {"uv": [7.5, 6, 11, 5.5], "texture": "#0"},
				"down": {"uv": [11, 5.5, 14.5, 6], "texture": "#0"}
			}
		},
		{
			"name": "left_wing",
			"from": [-0.45, 7.95, 5.3],
			"to": [6.55, 7.95, 12.3],
			"shade": false,
			"faces": {
				"north": {"uv": [3.5, 9, 0, 9], "texture": "#0"},
				"east": {"uv": [7, 9, 3.5, 9], "texture": "#0"},
				"south": {"uv": [10.5, 9, 7, 9], "texture": "#0"},
				"west": {"uv": [0, 9, -3.5, 9], "texture": "#0"},
				"up": {"uv": [0, 9, 3.5, 5.5], "texture": "#0"},
				"down": {"uv": [0, 9, 3.5, 5.5], "rotation": 270, "texture": "#0"}
			}
		},
		{
			"name": "left_wing_tip",
			"from": [-7.45, 7.7, 4.8],
			"to": [-0.45, 8.2, 5.3],
			"shade": false,
			"faces": {
				"north": {"uv": [10.75, 8.75, 7.25, 9], "texture": "#0"},
				"east": {"uv": [11, 8.75, 10.75, 9], "texture": "#0"},
				"south": {"uv": [14.5, 8.75, 11, 9], "texture": "#0"},
				"west": {"uv": [7.25, 8.75, 7, 9], "texture": "#0"},
				"up": {"uv": [7.25, 8.75, 10.75, 8.5], "texture": "#0"},
				"down": {"uv": [10.75, 8.5, 14.25, 8.75], "texture": "#0"}
			}
		},
		{
			"name": "left_wing_tip",
			"from": [-7.45, 7.95, 5.3],
			"to": [-0.45, 7.95, 12.3],
			"shade": false,
			"faces": {
				"north": {"uv": [3.5, 12.5, 0, 12.5], "texture": "#0"},
				"east": {"uv": [7, 12.5, 3.5, 12.5], "texture": "#0"},
				"south": {"uv": [10.5, 12.5, 7, 12.5], "texture": "#0"},
				"west": {"uv": [0, 12.5, -3.5, 12.5], "texture": "#0"},
				"up": {"uv": [0, 12.5, 3.5, 9], "texture": "#0"},
				"down": {"uv": [0, 12.5, 3.5, 9], "rotation": 90, "texture": "#0"}
			}
		},
		{
			"name": "right_wing",
			"from": [9.5, 7.95, 5.3],
			"to": [16.5, 7.95, 12.3],
			"faces": {
				"north": {"uv": [0, 9, 3.5, 9], "texture": "#0"},
				"east": {"uv": [-3.5, 9, 0, 9], "texture": "#0"},
				"south": {"uv": [7, 9, 10.5, 9], "texture": "#0"},
				"west": {"uv": [3.5, 9, 7, 9], "texture": "#0"},
				"up": {"uv": [3.5, 9, 0, 5.5], "texture": "#0"},
				"down": {"uv": [3.5, 9, 0, 5.5], "rotation": 90, "texture": "#0"}
			}
		},
		{
			"name": "right_wing",
			"from": [9.55, 7.425, 4.55],
			"to": [16.55, 8.425, 5.55],
			"faces": {
				"north": {"uv": [7.5, 6, 11, 6.5], "texture": "#0"},
				"east": {"uv": [7, 6, 7.5, 6.5], "texture": "#0"},
				"south": {"uv": [11.5, 6, 15, 6.5], "texture": "#0"},
				"west": {"uv": [11, 6, 11.5, 6.5], "texture": "#0"},
				"up": {"uv": [11, 6, 7.5, 5.5], "texture": "#0"},
				"down": {"uv": [14.5, 5.5, 11, 6], "texture": "#0"}
			}
		},
		{
			"name": "right_wing_tip",
			"from": [16.5, 7.95, 5.3],
			"to": [23.5, 7.95, 12.3],
			"faces": {
				"north": {"uv": [0, 12.5, 3.5, 12.5], "texture": "#0"},
				"east": {"uv": [-3.5, 12.5, 0, 12.5], "texture": "#0"},
				"south": {"uv": [7, 12.5, 10.5, 12.5], "texture": "#0"},
				"west": {"uv": [3.5, 12.5, 7, 12.5], "texture": "#0"},
				"up": {"uv": [3.5, 12.5, 0, 9], "texture": "#0"},
				"down": {"uv": [3.5, 12.5, 0, 9], "rotation": 270, "texture": "#0"}
			}
		},
		{
			"name": "right_wing_tip",
			"from": [16.55, 7.675, 4.8],
			"to": [23.55, 8.175, 5.3],
			"faces": {
				"north": {"uv": [7.25, 8.75, 10.75, 9], "texture": "#0"},
				"east": {"uv": [7, 8.75, 7.25, 9], "texture": "#0"},
				"south": {"uv": [11, 8.75, 14.5, 9], "texture": "#0"},
				"west": {"uv": [10.75, 8.75, 11, 9], "texture": "#0"},
				"up": {"uv": [10.75, 8.75, 7.25, 8.5], "texture": "#0"},
				"down": {"uv": [14.25, 8.5, 10.75, 8.75], "texture": "#0"}
			}
		},
		{
			"name": "front_left_leg",
			"from": [6.05, 3.525, 4.5],
			"to": [7.05, 6.525, 5.5],
			"faces": {
				"north": {"uv": [7.5, 7, 8, 8.5], "texture": "#0"},
				"east": {"uv": [7, 7, 7.5, 8.5], "texture": "#0"},
				"south": {"uv": [8.5, 7, 9, 8.5], "texture": "#0"},
				"west": {"uv": [8, 7, 8.5, 8.5], "texture": "#0"},
				"up": {"uv": [8, 7, 7.5, 6.5], "texture": "#0"},
				"down": {"uv": [8.5, 6.5, 8, 7], "texture": "#0"}
			}
		},
		{
			"name": "front_left_shin",
			"from": [6.175, 0.525, 4.625],
			"to": [6.925, 3.525, 5.375],
			"faces": {
				"north": {"uv": [14.5, 9, 14.875, 10.5], "texture": "#0"},
				"east": {"uv": [14.125, 9, 14.5, 10.5], "texture": "#0"},
				"south": {"uv": [15.25, 9, 15.625, 10.5], "texture": "#0"},
				"west": {"uv": [14.875, 9, 15.25, 10.5], "texture": "#0"},
				"up": {"uv": [14.875, 9, 14.5, 8.625], "texture": "#0"},
				"down": {"uv": [15.25, 8.625, 14.875, 9], "texture": "#0"}
			}
		},
		{
			"name": "front_left_foot",
			"from": [6.05, 0.025, 3.5],
			"to": [7.05, 0.525, 5.5],
			"faces": {
				"north": {"uv": [10, 7.5, 10.5, 7.75], "texture": "#0"},
				"east": {"uv": [9, 7.5, 10, 7.75], "texture": "#0"},
				"south": {"uv": [11.5, 7.5, 12, 7.75], "texture": "#0"},
				"west": {"uv": [10.5, 7.5, 11.5, 7.75], "texture": "#0"},
				"up": {"uv": [10.5, 7.5, 10, 6.5], "texture": "#0"},
				"down": {"uv": [11, 6.5, 10.5, 7.5], "texture": "#0"}
			}
		},
		{
			"name": "back_left_leg",
			"from": [5.05, 3.05, 9.05],
			"to": [7.05, 7.05, 11.05],
			"rotation": {"angle": 22.5, "axis": "x", "origin": [6.05, 5.05, 10.05]},
			"faces": {
				"north": {"uv": [1, 1, 2, 3], "texture": "#0"},
				"east": {"uv": [0, 1, 1, 3], "texture": "#0"},
				"south": {"uv": [3, 1, 4, 3], "texture": "#0"},
				"west": {"uv": [2, 1, 3, 3], "texture": "#0"},
				"up": {"uv": [2, 1, 1, 0], "texture": "#0"},
				"down": {"uv": [3, 0, 2, 1], "texture": "#0"}
			}
		},
		{
			"name": "back_left_shin",
			"from": [5.3, 0.75, 8.8],
			"to": [6.8, 4.75, 10.3],
			"faces": {
				"north": {"uv": [13, 0.75, 13.75, 2.75], "texture": "#0"},
				"east": {"uv": [12.25, 0.75, 13, 2.75], "texture": "#0"},
				"south": {"uv": [14.5, 0.75, 15.25, 2.75], "texture": "#0"},
				"west": {"uv": [13.75, 0.75, 14.5, 2.75], "texture": "#0"},
				"up": {"uv": [13.75, 0.75, 13, 0], "texture": "#0"},
				"down": {"uv": [14.5, 0, 13.75, 0.75], "texture": "#0"}
			}
		},
		{
			"name": "back_left_foot",
			"from": [4.925, 0, 7.3],
			"to": [7.175, 0.75, 10.3],
			"faces": {
				"north": {"uv": [8.5, 1.5, 9.625, 1.875], "texture": "#0"},
				"east": {"uv": [7, 1.5, 8.5, 1.875], "texture": "#0"},
				"south": {"uv": [11.125, 1.5, 12.25, 1.875], "texture": "#0"},
				"west": {"uv": [9.625, 1.5, 11.125, 1.875], "texture": "#0"},
				"up": {"uv": [9.625, 1.5, 8.5, 0], "texture": "#0"},
				"down": {"uv": [10.75, 0, 9.625, 1.5], "texture": "#0"}
			}
		},
		{
			"name": "head",
			"from": [7.3, 5.9, -6.5],
			"to": [8.8, 6.55, -4.5],
			"faces": {
				"north": {"uv": [12, 3.75, 12.75, 4.0625], "texture": "#0"},
				"east": {"uv": [11, 3.75, 12, 4.0625], "texture": "#0"},
				"south": {"uv": [13.75, 3.75, 14.5, 4.0625], "texture": "#0"},
				"west": {"uv": [12.75, 3.75, 13.75, 4.0625], "texture": "#0"},
				"up": {"uv": [12.75, 3.75, 12, 2.75], "texture": "#0"},
				"down": {"uv": [13.5, 2.75, 12.75, 3.75], "texture": "#0"}
			}
		},
		{
			"name": "spine",
			"from": [7.925, 6.8, -1],
			"to": [8.175, 7.3, -0.25],
			"faces": {
				"north": {"uv": [3.375, 0.375, 3.5, 0.625], "texture": "#0"},
				"east": {"uv": [3, 0.375, 3.375, 0.625], "texture": "#0"},
				"south": {"uv": [3.875, 0.375, 4, 0.625], "texture": "#0"},
				"west": {"uv": [3.5, 0.375, 3.875, 0.625], "texture": "#0"},
				"up": {"uv": [3.5, 0.375, 3.375, 0], "texture": "#0"},
				"down": {"uv": [3.625, 0, 3.5, 0.375], "texture": "#0"}
			}
		},
		{
			"name": "spine",
			"from": [7.425, 5.55, -1.25],
			"to": [8.675, 6.8, 0],
			"faces": {
				"north": {"uv": [12.625, 7.125, 13.25, 7.75], "texture": "#0"},
				"east": {"uv": [12, 7.125, 12.625, 7.75], "texture": "#0"},
				"south": {"uv": [13.875, 7.125, 14.5, 7.75], "texture": "#0"},
				"west": {"uv": [13.25, 7.125, 13.875, 7.75], "texture": "#0"},
				"up": {"uv": [13.25, 7.125, 12.625, 6.5], "texture": "#0"},
				"down": {"uv": [13.875, 6.5, 13.25, 7.125], "texture": "#0"}
			}
		},
		{
			"name": "spine",
			"from": [7.425, 5.55, 1.25],
			"to": [8.675, 6.8, 2.5],
			"faces": {
				"north": {"uv": [12.625, 7.125, 13.25, 7.75], "texture": "#0"},
				"east": {"uv": [12, 7.125, 12.625, 7.75], "texture": "#0"},
				"south": {"uv": [13.875, 7.125, 14.5, 7.75], "texture": "#0"},
				"west": {"uv": [13.25, 7.125, 13.875, 7.75], "texture": "#0"},
				"up": {"uv": [13.25, 7.125, 12.625, 6.5], "texture": "#0"},
				"down": {"uv": [13.875, 6.5, 13.25, 7.125], "texture": "#0"}
			}
		},
		{
			"name": "spine",
			"from": [7.925, 6.8, 1.5],
			"to": [8.175, 7.3, 2.25],
			"faces": {
				"north": {"uv": [3.375, 0.375, 3.5, 0.625], "texture": "#0"},
				"east": {"uv": [3, 0.375, 3.375, 0.625], "texture": "#0"},
				"south": {"uv": [3.875, 0.375, 4, 0.625], "texture": "#0"},
				"west": {"uv": [3.5, 0.375, 3.875, 0.625], "texture": "#0"},
				"up": {"uv": [3.5, 0.375, 3.375, 0], "texture": "#0"},
				"down": {"uv": [3.625, 0, 3.5, 0.375], "texture": "#0"}
			}
		},
		{
			"name": "spine",
			"from": [7.925, 6.8, 0.25],
			"to": [8.175, 7.3, 1],
			"faces": {
				"north": {"uv": [3.375, 0.375, 3.5, 0.625], "texture": "#0"},
				"east": {"uv": [3, 0.375, 3.375, 0.625], "texture": "#0"},
				"south": {"uv": [3.875, 0.375, 4, 0.625], "texture": "#0"},
				"west": {"uv": [3.5, 0.375, 3.875, 0.625], "texture": "#0"},
				"up": {"uv": [3.5, 0.375, 3.375, 0], "texture": "#0"},
				"down": {"uv": [3.625, 0, 3.5, 0.375], "texture": "#0"}
			}
		},
		{
			"name": "spine",
			"from": [7.425, 5.55, 0],
			"to": [8.675, 6.8, 1.25],
			"faces": {
				"north": {"uv": [12.625, 7.125, 13.25, 7.75], "texture": "#0"},
				"east": {"uv": [12, 7.125, 12.625, 7.75], "texture": "#0"},
				"south": {"uv": [13.875, 7.125, 14.5, 7.75], "texture": "#0"},
				"west": {"uv": [13.25, 7.125, 13.875, 7.75], "texture": "#0"},
				"up": {"uv": [13.25, 7.125, 12.625, 6.5], "texture": "#0"},
				"down": {"uv": [13.875, 6.5, 13.25, 7.125], "texture": "#0"}
			}
		},
		{
			"name": "spine",
			"from": [7.925, 6.8, 2.75],
			"to": [8.175, 7.3, 3.5],
			"faces": {
				"north": {"uv": [3.375, 0.375, 3.5, 0.625], "texture": "#0"},
				"east": {"uv": [3, 0.375, 3.375, 0.625], "texture": "#0"},
				"south": {"uv": [3.875, 0.375, 4, 0.625], "texture": "#0"},
				"west": {"uv": [3.5, 0.375, 3.875, 0.625], "texture": "#0"},
				"up": {"uv": [3.5, 0.375, 3.375, 0], "texture": "#0"},
				"down": {"uv": [3.625, 0, 3.5, 0.375], "texture": "#0"}
			}
		},
		{
			"name": "spine",
			"from": [7.425, 5.55, 2.5],
			"to": [8.675, 6.8, 3.75],
			"faces": {
				"north": {"uv": [12.625, 7.125, 13.25, 7.75], "texture": "#0"},
				"east": {"uv": [12, 7.125, 12.625, 7.75], "texture": "#0"},
				"south": {"uv": [13.875, 7.125, 14.5, 7.75], "texture": "#0"},
				"west": {"uv": [13.25, 7.125, 13.875, 7.75], "texture": "#0"},
				"up": {"uv": [13.25, 7.125, 12.625, 6.5], "texture": "#0"},
				"down": {"uv": [13.875, 6.5, 13.25, 7.125], "texture": "#0"}
			}
		},
		{
			"name": "body",
			"from": [7.93, 8.05, 7.05],
			"to": [8.18, 8.8, 8.55],
			"faces": {
				"north": {"uv": [14.5, 4.0625, 14.625, 4.4375], "texture": "#0"},
				"east": {"uv": [13.75, 4.0625, 14.5, 4.4375], "texture": "#0"},
				"south": {"uv": [15.375, 4.0625, 15.5, 4.4375], "texture": "#0"},
				"west": {"uv": [14.625, 4.0625, 15.375, 4.4375], "texture": "#0"},
				"up": {"uv": [14.625, 4.0625, 14.5, 3.3125], "texture": "#0"},
				"down": {"uv": [14.75, 3.3125, 14.625, 4.0625], "texture": "#0"}
			}
		},
		{
			"name": "body",
			"from": [7.93, 8.05, 9.55],
			"to": [8.18, 8.8, 11.05],
			"faces": {
				"north": {"uv": [14.5, 4.0625, 14.625, 4.4375], "texture": "#0"},
				"east": {"uv": [13.75, 4.0625, 14.5, 4.4375], "texture": "#0"},
				"south": {"uv": [15.375, 4.0625, 15.5, 4.4375], "texture": "#0"},
				"west": {"uv": [14.625, 4.0625, 15.375, 4.4375], "texture": "#0"},
				"up": {"uv": [14.625, 4.0625, 14.5, 3.3125], "texture": "#0"},
				"down": {"uv": [14.75, 3.3125, 14.625, 4.0625], "texture": "#0"}
			}
		},
		{
			"name": "front_left_leg",
			"from": [9.05, 3.525, 4.5],
			"to": [10.05, 6.525, 5.5],
			"faces": {
				"north": {"uv": [7.5, 7, 8, 8.5], "texture": "#0"},
				"east": {"uv": [7, 7, 7.5, 8.5], "texture": "#0"},
				"south": {"uv": [8.5, 7, 9, 8.5], "texture": "#0"},
				"west": {"uv": [8, 7, 8.5, 8.5], "texture": "#0"},
				"up": {"uv": [8, 7, 7.5, 6.5], "texture": "#0"},
				"down": {"uv": [8.5, 6.5, 8, 7], "texture": "#0"}
			}
		},
		{
			"name": "front_left_shin",
			"from": [9.175, 0.525, 4.625],
			"to": [9.925, 3.525, 5.375],
			"faces": {
				"north": {"uv": [14.5, 9, 14.875, 10.5], "texture": "#0"},
				"east": {"uv": [14.125, 9, 14.5, 10.5], "texture": "#0"},
				"south": {"uv": [15.25, 9, 15.625, 10.5], "texture": "#0"},
				"west": {"uv": [14.875, 9, 15.25, 10.5], "texture": "#0"},
				"up": {"uv": [14.875, 9, 14.5, 8.625], "texture": "#0"},
				"down": {"uv": [15.25, 8.625, 14.875, 9], "texture": "#0"}
			}
		},
		{
			"name": "front_left_foot",
			"from": [9.05, 0.025, 3.5],
			"to": [10.05, 0.525, 5.5],
			"faces": {
				"north": {"uv": [10, 7.5, 10.5, 7.75], "texture": "#0"},
				"east": {"uv": [9, 7.5, 10, 7.75], "texture": "#0"},
				"south": {"uv": [11.5, 7.5, 12, 7.75], "texture": "#0"},
				"west": {"uv": [10.5, 7.5, 11.5, 7.75], "texture": "#0"},
				"up": {"uv": [10.5, 7.5, 10, 6.5], "texture": "#0"},
				"down": {"uv": [11, 6.5, 10.5, 7.5], "texture": "#0"}
			}
		},
		{
			"name": "back_left_leg",
			"from": [9.05, 3.05, 9.05],
			"to": [11.05, 7.05, 11.05],
			"rotation": {"angle": 22.5, "axis": "x", "origin": [10.05, 5.05, 10.05]},
			"faces": {
				"north": {"uv": [1, 1, 2, 3], "texture": "#0"},
				"east": {"uv": [0, 1, 1, 3], "texture": "#0"},
				"south": {"uv": [3, 1, 4, 3], "texture": "#0"},
				"west": {"uv": [2, 1, 3, 3], "texture": "#0"},
				"up": {"uv": [2, 1, 1, 0], "texture": "#0"},
				"down": {"uv": [3, 0, 2, 1], "texture": "#0"}
			}
		},
		{
			"name": "back_left_shin",
			"from": [9.3, 0.75, 8.8],
			"to": [10.8, 4.75, 10.3],
			"faces": {
				"north": {"uv": [13, 0.75, 13.75, 2.75], "texture": "#0"},
				"east": {"uv": [12.25, 0.75, 13, 2.75], "texture": "#0"},
				"south": {"uv": [14.5, 0.75, 15.25, 2.75], "texture": "#0"},
				"west": {"uv": [13.75, 0.75, 14.5, 2.75], "texture": "#0"},
				"up": {"uv": [13.75, 0.75, 13, 0], "texture": "#0"},
				"down": {"uv": [14.5, 0, 13.75, 0.75], "texture": "#0"}
			}
		},
		{
			"name": "back_left_foot",
			"from": [8.925, 0, 7.3],
			"to": [11.175, 0.75, 10.3],
			"faces": {
				"north": {"uv": [8.5, 1.5, 9.625, 1.875], "texture": "#0"},
				"east": {"uv": [7, 1.5, 8.5, 1.875], "texture": "#0"},
				"south": {"uv": [11.125, 1.5, 12.25, 1.875], "texture": "#0"},
				"west": {"uv": [9.625, 1.5, 11.125, 1.875], "texture": "#0"},
				"up": {"uv": [9.625, 1.5, 8.5, 0], "texture": "#0"},
				"down": {"uv": [10.75, 0, 9.625, 1.5], "texture": "#0"}
			}
		},
		{
			"name": "spine",
			"from": [7.925, 7.925, 12.05],
			"to": [8.175, 8.425, 12.8],
			"faces": {
				"north": {"uv": [3.375, 0.375, 3.5, 0.625], "texture": "#0"},
				"east": {"uv": [3, 0.375, 3.375, 0.625], "texture": "#0"},
				"south": {"uv": [3.875, 0.375, 4, 0.625], "texture": "#0"},
				"west": {"uv": [3.5, 0.375, 3.875, 0.625], "texture": "#0"},
				"up": {"uv": [3.5, 0.375, 3.375, 0], "texture": "#0"},
				"down": {"uv": [3.625, 0, 3.5, 0.375], "texture": "#0"}
			}
		},
		{
			"name": "spine",
			"from": [7.425, 6.675, 11.8],
			"to": [8.675, 7.925, 13.05],
			"faces": {
				"north": {"uv": [12.625, 7.125, 13.25, 7.75], "texture": "#0"},
				"east": {"uv": [12, 7.125, 12.625, 7.75], "texture": "#0"},
				"south": {"uv": [13.875, 7.125, 14.5, 7.75], "texture": "#0"},
				"west": {"uv": [13.25, 7.125, 13.875, 7.75], "texture": "#0"},
				"up": {"uv": [13.25, 7.125, 12.625, 6.5], "texture": "#0"},
				"down": {"uv": [13.875, 6.5, 13.25, 7.125], "texture": "#0"}
			}
		},
		{
			"name": "spine",
			"from": [7.425, 6.675, 13.05],
			"to": [8.675, 7.925, 14.3],
			"faces": {
				"north": {"uv": [12.625, 7.125, 13.25, 7.75], "texture": "#0"},
				"east": {"uv": [12, 7.125, 12.625, 7.75], "texture": "#0"},
				"south": {"uv": [13.875, 7.125, 14.5, 7.75], "texture": "#0"},
				"west": {"uv": [13.25, 7.125, 13.875, 7.75], "texture": "#0"},
				"up": {"uv": [13.25, 7.125, 12.625, 6.5], "texture": "#0"},
				"down": {"uv": [13.875, 6.5, 13.25, 7.125], "texture": "#0"}
			}
		},
		{
			"name": "spine",
			"from": [7.925, 7.925, 13.3],
			"to": [8.175, 8.425, 14.05],
			"faces": {
				"north": {"uv": [3.375, 0.375, 3.5, 0.625], "texture": "#0"},
				"east": {"uv": [3, 0.375, 3.375, 0.625], "texture": "#0"},
				"south": {"uv": [3.875, 0.375, 4, 0.625], "texture": "#0"},
				"west": {"uv": [3.5, 0.375, 3.875, 0.625], "texture": "#0"},
				"up": {"uv": [3.5, 0.375, 3.375, 0], "texture": "#0"},
				"down": {"uv": [3.625, 0, 3.5, 0.375], "texture": "#0"}
			}
		},
		{
			"name": "spine",
			"from": [7.925, 7.925, 14.55],
			"to": [8.175, 8.425, 15.3],
			"faces": {
				"north": {"uv": [3.375, 0.375, 3.5, 0.625], "texture": "#0"},
				"east": {"uv": [3, 0.375, 3.375, 0.625], "texture": "#0"},
				"south": {"uv": [3.875, 0.375, 4, 0.625], "texture": "#0"},
				"west": {"uv": [3.5, 0.375, 3.875, 0.625], "texture": "#0"},
				"up": {"uv": [3.5, 0.375, 3.375, 0], "texture": "#0"},
				"down": {"uv": [3.625, 0, 3.5, 0.375], "texture": "#0"}
			}
		},
		{
			"name": "spine",
			"from": [7.425, 6.675, 15.55],
			"to": [8.675, 7.925, 16.8],
			"faces": {
				"north": {"uv": [12.625, 7.125, 13.25, 7.75], "texture": "#0"},
				"east": {"uv": [12, 7.125, 12.625, 7.75], "texture": "#0"},
				"south": {"uv": [13.875, 7.125, 14.5, 7.75], "texture": "#0"},
				"west": {"uv": [13.25, 7.125, 13.875, 7.75], "texture": "#0"},
				"up": {"uv": [13.25, 7.125, 12.625, 6.5], "texture": "#0"},
				"down": {"uv": [13.875, 6.5, 13.25, 7.125], "texture": "#0"}
			}
		},
		{
			"name": "spine",
			"from": [7.425, 6.675, 14.3],
			"to": [8.675, 7.925, 15.55],
			"faces": {
				"north": {"uv": [12.625, 7.125, 13.25, 7.75], "texture": "#0"},
				"east": {"uv": [12, 7.125, 12.625, 7.75], "texture": "#0"},
				"south": {"uv": [13.875, 7.125, 14.5, 7.75], "texture": "#0"},
				"west": {"uv": [13.25, 7.125, 13.875, 7.75], "texture": "#0"},
				"up": {"uv": [13.25, 7.125, 12.625, 6.5], "texture": "#0"},
				"down": {"uv": [13.875, 6.5, 13.25, 7.125], "texture": "#0"}
			}
		},
		{
			"name": "spine",
			"from": [7.925, 7.925, 15.8],
			"to": [8.175, 8.425, 16.55],
			"faces": {
				"north": {"uv": [3.375, 0.375, 3.5, 0.625], "texture": "#0"},
				"east": {"uv": [3, 0.375, 3.375, 0.625], "texture": "#0"},
				"south": {"uv": [3.875, 0.375, 4, 0.625], "texture": "#0"},
				"west": {"uv": [3.5, 0.375, 3.875, 0.625], "texture": "#0"},
				"up": {"uv": [3.5, 0.375, 3.375, 0], "texture": "#0"},
				"down": {"uv": [3.625, 0, 3.5, 0.375], "texture": "#0"}
			}
		},
		{
			"name": "spine",
			"from": [7.925, 7.925, 17.05],
			"to": [8.175, 8.425, 17.8],
			"faces": {
				"north": {"uv": [3.375, 0.375, 3.5, 0.625], "texture": "#0"},
				"east": {"uv": [3, 0.375, 3.375, 0.625], "texture": "#0"},
				"south": {"uv": [3.875, 0.375, 4, 0.625], "texture": "#0"},
				"west": {"uv": [3.5, 0.375, 3.875, 0.625], "texture": "#0"},
				"up": {"uv": [3.5, 0.375, 3.375, 0], "texture": "#0"},
				"down": {"uv": [3.625, 0, 3.5, 0.375], "texture": "#0"}
			}
		},
		{
			"name": "spine",
			"from": [7.925, 7.925, 18.3],
			"to": [8.175, 8.425, 19.05],
			"faces": {
				"north": {"uv": [3.375, 0.375, 3.5, 0.625], "texture": "#0"},
				"east": {"uv": [3, 0.375, 3.375, 0.625], "texture": "#0"},
				"south": {"uv": [3.875, 0.375, 4, 0.625], "texture": "#0"},
				"west": {"uv": [3.5, 0.375, 3.875, 0.625], "texture": "#0"},
				"up": {"uv": [3.5, 0.375, 3.375, 0], "texture": "#0"},
				"down": {"uv": [3.625, 0, 3.5, 0.375], "texture": "#0"}
			}
		},
		{
			"name": "spine",
			"from": [7.425, 6.675, 18.05],
			"to": [8.675, 7.925, 19.3],
			"faces": {
				"north": {"uv": [12.625, 7.125, 13.25, 7.75], "texture": "#0"},
				"east": {"uv": [12, 7.125, 12.625, 7.75], "texture": "#0"},
				"south": {"uv": [13.875, 7.125, 14.5, 7.75], "texture": "#0"},
				"west": {"uv": [13.25, 7.125, 13.875, 7.75], "texture": "#0"},
				"up": {"uv": [13.25, 7.125, 12.625, 6.5], "texture": "#0"},
				"down": {"uv": [13.875, 6.5, 13.25, 7.125], "texture": "#0"}
			}
		},
		{
			"name": "spine",
			"from": [7.425, 6.675, 16.8],
			"to": [8.675, 7.925, 18.05],
			"faces": {
				"north": {"uv": [12.625, 7.125, 13.25, 7.75], "texture": "#0"},
				"east": {"uv": [12, 7.125, 12.625, 7.75], "texture": "#0"},
				"south": {"uv": [13.875, 7.125, 14.5, 7.75], "texture": "#0"},
				"west": {"uv": [13.25, 7.125, 13.875, 7.75], "texture": "#0"},
				"up": {"uv": [13.25, 7.125, 12.625, 6.5], "texture": "#0"},
				"down": {"uv": [13.875, 6.5, 13.25, 7.125], "texture": "#0"}
			}
		},
		{
			"name": "spine",
			"from": [7.925, 7.925, 19.55],
			"to": [8.175, 8.425, 20.3],
			"faces": {
				"north": {"uv": [3.375, 0.375, 3.5, 0.625], "texture": "#0"},
				"east": {"uv": [3, 0.375, 3.375, 0.625], "texture": "#0"},
				"south": {"uv": [3.875, 0.375, 4, 0.625], "texture": "#0"},
				"west": {"uv": [3.5, 0.375, 3.875, 0.625], "texture": "#0"},
				"up": {"uv": [3.5, 0.375, 3.375, 0], "texture": "#0"},
				"down": {"uv": [3.625, 0, 3.5, 0.375], "texture": "#0"}
			}
		},
		{
			"name": "spine",
			"from": [7.425, 6.675, 20.55],
			"to": [8.675, 7.925, 21.8],
			"faces": {
				"north": {"uv": [12.625, 7.125, 13.25, 7.75], "texture": "#0"},
				"east": {"uv": [12, 7.125, 12.625, 7.75], "texture": "#0"},
				"south": {"uv": [13.875, 7.125, 14.5, 7.75], "texture": "#0"},
				"west": {"uv": [13.25, 7.125, 13.875, 7.75], "texture": "#0"},
				"up": {"uv": [13.25, 7.125, 12.625, 6.5], "texture": "#0"},
				"down": {"uv": [13.875, 6.5, 13.25, 7.125], "texture": "#0"}
			}
		},
		{
			"name": "spine",
			"from": [7.425, 6.675, 19.3],
			"to": [8.675, 7.925, 20.55],
			"faces": {
				"north": {"uv": [12.625, 7.125, 13.25, 7.75], "texture": "#0"},
				"east": {"uv": [12, 7.125, 12.625, 7.75], "texture": "#0"},
				"south": {"uv": [13.875, 7.125, 14.5, 7.75], "texture": "#0"},
				"west": {"uv": [13.25, 7.125, 13.875, 7.75], "texture": "#0"},
				"up": {"uv": [13.25, 7.125, 12.625, 6.5], "texture": "#0"},
				"down": {"uv": [13.875, 6.5, 13.25, 7.125], "texture": "#0"}
			}
		},
		{
			"name": "spine",
			"from": [7.925, 7.925, 20.8],
			"to": [8.175, 8.425, 21.55],
			"faces": {
				"north": {"uv": [3.375, 0.375, 3.5, 0.625], "texture": "#0"},
				"east": {"uv": [3, 0.375, 3.375, 0.625], "texture": "#0"},
				"south": {"uv": [3.875, 0.375, 4, 0.625], "texture": "#0"},
				"west": {"uv": [3.5, 0.375, 3.875, 0.625], "texture": "#0"},
				"up": {"uv": [3.5, 0.375, 3.375, 0], "texture": "#0"},
				"down": {"uv": [3.625, 0, 3.5, 0.375], "texture": "#0"}
			}
		},
		{
			"name": "spine",
			"from": [7.925, 7.925, 22.05],
			"to": [8.175, 8.425, 22.8],
			"faces": {
				"north": {"uv": [3.375, 0.375, 3.5, 0.625], "texture": "#0"},
				"east": {"uv": [3, 0.375, 3.375, 0.625], "texture": "#0"},
				"south": {"uv": [3.875, 0.375, 4, 0.625], "texture": "#0"},
				"west": {"uv": [3.5, 0.375, 3.875, 0.625], "texture": "#0"},
				"up": {"uv": [3.5, 0.375, 3.375, 0], "texture": "#0"},
				"down": {"uv": [3.625, 0, 3.5, 0.375], "texture": "#0"}
			}
		},
		{
			"name": "spine",
			"from": [7.925, 7.925, 23.3],
			"to": [8.175, 8.425, 24.05],
			"faces": {
				"north": {"uv": [3.375, 0.375, 3.5, 0.625], "texture": "#0"},
				"east": {"uv": [3, 0.375, 3.375, 0.625], "texture": "#0"},
				"south": {"uv": [3.875, 0.375, 4, 0.625], "texture": "#0"},
				"west": {"uv": [3.5, 0.375, 3.875, 0.625], "texture": "#0"},
				"up": {"uv": [3.5, 0.375, 3.375, 0], "texture": "#0"},
				"down": {"uv": [3.625, 0, 3.5, 0.375], "texture": "#0"}
			}
		},
		{
			"name": "spine",
			"from": [7.425, 6.675, 23.05],
			"to": [8.675, 7.925, 24.3],
			"faces": {
				"north": {"uv": [12.625, 7.125, 13.25, 7.75], "texture": "#0"},
				"east": {"uv": [12, 7.125, 12.625, 7.75], "texture": "#0"},
				"south": {"uv": [13.875, 7.125, 14.5, 7.75], "texture": "#0"},
				"west": {"uv": [13.25, 7.125, 13.875, 7.75], "texture": "#0"},
				"up": {"uv": [13.25, 7.125, 12.625, 6.5], "texture": "#0"},
				"down": {"uv": [13.875, 6.5, 13.25, 7.125], "texture": "#0"}
			}
		},
		{
			"name": "spine",
			"from": [7.425, 6.675, 21.8],
			"to": [8.675, 7.925, 23.05],
			"faces": {
				"north": {"uv": [12.625, 7.125, 13.25, 7.75], "texture": "#0"},
				"east": {"uv": [12, 7.125, 12.625, 7.75], "texture": "#0"},
				"south": {"uv": [13.875, 7.125, 14.5, 7.75], "texture": "#0"},
				"west": {"uv": [13.25, 7.125, 13.875, 7.75], "texture": "#0"},
				"up": {"uv": [13.25, 7.125, 12.625, 6.5], "texture": "#0"},
				"down": {"uv": [13.875, 6.5, 13.25, 7.125], "texture": "#0"}
			}
		},
		{
			"name": "spine",
			"from": [7.925, 7.925, 24.55],
			"to": [8.175, 8.425, 25.3],
			"faces": {
				"north": {"uv": [3.375, 0.375, 3.5, 0.625], "texture": "#0"},
				"east": {"uv": [3, 0.375, 3.375, 0.625], "texture": "#0"},
				"south": {"uv": [3.875, 0.375, 4, 0.625], "texture": "#0"},
				"west": {"uv": [3.5, 0.375, 3.875, 0.625], "texture": "#0"},
				"up": {"uv": [3.5, 0.375, 3.375, 0], "texture": "#0"},
				"down": {"uv": [3.625, 0, 3.5, 0.375], "texture": "#0"}
			}
		},
		{
			"name": "spine",
			"from": [7.425, 6.675, 25.55],
			"to": [8.675, 7.925, 26.8],
			"faces": {
				"north": {"uv": [12.625, 7.125, 13.25, 7.75], "texture": "#0"},
				"east": {"uv": [12, 7.125, 12.625, 7.75], "texture": "#0"},
				"south": {"uv": [13.875, 7.125, 14.5, 7.75], "texture": "#0"},
				"west": {"uv": [13.25, 7.125, 13.875, 7.75], "texture": "#0"},
				"up": {"uv": [13.25, 7.125, 12.625, 6.5], "texture": "#0"},
				"down": {"uv": [13.875, 6.5, 13.25, 7.125], "texture": "#0"}
			}
		},
		{
			"name": "spine",
			"from": [7.425, 6.675, 24.3],
			"to": [8.675, 7.925, 25.55],
			"faces": {
				"north": {"uv": [12.625, 7.125, 13.25, 7.75], "texture": "#0"},
				"east": {"uv": [12, 7.125, 12.625, 7.75], "texture": "#0"},
				"south": {"uv": [13.875, 7.125, 14.5, 7.75], "texture": "#0"},
				"west": {"uv": [13.25, 7.125, 13.875, 7.75], "texture": "#0"},
				"up": {"uv": [13.25, 7.125, 12.625, 6.5], "texture": "#0"},
				"down": {"uv": [13.875, 6.5, 13.25, 7.125], "texture": "#0"}
			}
		},
		{
			"name": "spine",
			"from": [7.925, 7.925, 25.8],
			"to": [8.175, 8.425, 26.55],
			"faces": {
				"north": {"uv": [3.375, 0.375, 3.5, 0.625], "texture": "#0"},
				"east": {"uv": [3, 0.375, 3.375, 0.625], "texture": "#0"},
				"south": {"uv": [3.875, 0.375, 4, 0.625], "texture": "#0"},
				"west": {"uv": [3.5, 0.375, 3.875, 0.625], "texture": "#0"},
				"up": {"uv": [3.5, 0.375, 3.375, 0], "texture": "#0"},
				"down": {"uv": [3.625, 0, 3.5, 0.375], "texture": "#0"}
			}
		}
	],
	"display": {
		"thirdperson_righthand": {
			"rotation": [75, 45, 0],
			"translation": [0.25, 2, 3.5],
			"scale": [0.4, 0.4, 0.4]
		},
		"thirdperson_lefthand": {
			"rotation": [75, 45, 0],
			"translation": [0, 2.5, 0],
			"scale": [0.375, 0.375, 0.375]
		},
		"firstperson_righthand": {
			"rotation": [0, 45, 0],
			"translation": [0.25, 3.25, 1.25],
			"scale": [0.4, 0.4, 0.4]
		},
		"firstperson_lefthand": {
			"rotation": [0, 225, 0],
			"translation": [0, 4.5, 0],
			"scale": [0.4, 0.4, 0.4]
		},
		"ground": {
			"scale": [0.4, 0.4, 0.4]
		},
		"gui": {
			"rotation": [30, 225, 0],
			"scale": [0.55, 0.55, 0.55]
		},
		"head": {
			"translation": [0, 14.5, 0]
		},
		"fixed": {
			"rotation": [-90, 0, 0],
			"translation": [0, 0, -8.25]
		}
	}
}