{
	"credit": "Made with Blockbench",
	"texture_size": [32, 32],
	"textures": {
		"1": "Trophy/trophy_bronze",
		"particle": "Trophy/trophy_bronze"
	},
	"elements": [
		{
			"from": [6, 11, 7],
			"to": [10, 13, 9],
			"rotation": {"angle": 0, "axis": "y", "origin": [7, 11, 7]},
			"faces": {
				"north": {"uv": [12.5, 3.5, 14.5, 4.5], "texture": "#1"},
				"east": {"uv": [12.5, 3, 13.5, 4], "texture": "#1"},
				"south": {"uv": [12.5, 3, 14.5, 4], "texture": "#1"},
				"west": {"uv": [12, 2.5, 13, 3.5], "rotation": 90, "texture": "#1"},
				"up": {"uv": [12.5, 3.5, 14.5, 4], "rotation": 180, "texture": "#1"},
				"down": {"uv": [12.5, 3, 14.5, 4], "texture": "#1"}
			}
		},
		{
			"from": [6.475, 10.4, 7.225],
			"to": [9.525, 11, 8.775],
			"rotation": {"angle": 0, "axis": "y", "origin": [7, 9, 7]},
			"faces": {
				"north": {"uv": [12.5, 3, 13.95, 3.3], "texture": "#1"},
				"east": {"uv": [12.5, 3, 13.275, 3.3], "texture": "#1"},
				"south": {"uv": [12.5, 3, 13.9375, 3.3], "texture": "#1"},
				"west": {"uv": [12.5, 3, 13.275, 3.3], "texture": "#1"},
				"up": {"uv": [12.5, 3, 13.95, 3.475], "texture": "#1"},
				"down": {"uv": [12.5, 3, 13.95, 3.475], "texture": "#1"}
			}
		},
		{
			"from": [6, 13, 7.325],
			"to": [10, 14.5, 9],
			"rotation": {"angle": 0, "axis": "y", "origin": [7, 12, 7]},
			"faces": {
				"north": {"uv": [12, 3.5, 14, 4.5], "texture": "#1"},
				"east": {"uv": [12.5, 3, 13.3375, 3.75], "texture": "#1"},
				"south": {"uv": [12.5, 3, 14.5, 3.5], "texture": "#1"},
				"west": {"uv": [12.5, 3, 13.5, 4], "rotation": 180, "texture": "#1"},
				"up": {"uv": [13, 1.5, 15, 2.3375], "texture": "#1"},
				"down": {"uv": [12.5, 3, 14.5, 3.8375], "texture": "#1"}
			}
		},
		{
			"from": [9, 14, 8.225],
			"to": [9.975, 16, 9.425],
			"rotation": {"angle": 22.5, "axis": "x", "origin": [9.5, 15.5, 8.825]},
			"faces": {
				"north": {"uv": [12.5, 3, 12.95, 3.7], "texture": "#1"},
				"east": {"uv": [12.5, 3, 12.95, 3.7], "texture": "#1"},
				"south": {"uv": [12.5, 3, 12.95, 3.7], "texture": "#1"},
				"west": {"uv": [12.5, 3, 12.95, 3.7], "texture": "#1"},
				"up": {"uv": [12.5, 3, 12.95, 3.7], "texture": "#1"},
				"down": {"uv": [12.5, 3, 12.95, 3.7], "texture": "#1"}
			}
		},
		{
			"from": [8.05, 15.9, 8.625],
			"to": [8.95, 18.4, 9.725],
			"rotation": {"angle": 0, "axis": "x", "origin": [8.5, 17.4, 9.125]},
			"faces": {
				"north": {"uv": [12.5, 3, 12.95, 4.1], "texture": "#1"},
				"east": {"uv": [12.5, 3, 13, 4.1], "texture": "#1"},
				"south": {"uv": [12.5, 3, 12.95, 4.1], "texture": "#1"},
				"west": {"uv": [12.5, 3, 13, 4.1], "texture": "#1"},
				"up": {"uv": [12.5, 3, 12.95, 3.55], "texture": "#1"},
				"down": {"uv": [12.5, 3, 12.95, 3.55], "texture": "#1"}
			}
		},
		{
			"from": [7.025, 15.7, 8.525],
			"to": [7.925, 17.8, 9.625],
			"rotation": {"angle": 0, "axis": "x", "origin": [7.475, 17.2, 9.025]},
			"faces": {
				"north": {"uv": [12.5, 3, 12.95, 4.05], "texture": "#1"},
				"east": {"uv": [12.5, 3, 12.95, 4.1], "texture": "#1"},
				"south": {"uv": [12.5, 3, 12.95, 4.1], "texture": "#1"},
				"west": {"uv": [12.5, 3, 12.95, 4.1], "texture": "#1"},
				"up": {"uv": [12.5, 3, 12.95, 3.55], "texture": "#1"},
				"down": {"uv": [12.5, 3, 12.95, 3.55], "texture": "#1"}
			}
		},
		{
			"from": [6.125, 15.4, 8.55],
			"to": [6.875, 17.4, 9.525],
			"rotation": {"angle": 0, "axis": "x", "origin": [6.5, 16.9, 8.925]},
			"faces": {
				"north": {"uv": [12.5, 3, 12.875, 4], "texture": "#1"},
				"east": {"uv": [12.5, 3, 12.9875, 4], "texture": "#1"},
				"south": {"uv": [12.5, 3, 12.875, 4], "texture": "#1"},
				"west": {"uv": [12.5, 3, 12.9875, 4], "texture": "#1"},
				"up": {"uv": [12.5, 3, 12.875, 3.4875], "texture": "#1"},
				"down": {"uv": [12.5, 3, 12.875, 3.4875], "texture": "#1"}
			}
		},
		{
			"from": [7.05, 17.3414, 8.11948],
			"to": [7.9, 19.4414, 9.11948],
			"rotation": {"angle": -22.5, "axis": "x", "origin": [7.475, 18.8414, 8.21948]},
			"faces": {
				"north": {"uv": [12.5, 3, 12.95, 4.05], "texture": "#1"},
				"east": {"uv": [12.5, 3, 13, 4.05], "texture": "#1"},
				"south": {"uv": [12.5, 3, 12.95, 4.05], "texture": "#1"},
				"west": {"uv": [12.5, 3, 13, 4.05], "texture": "#1"},
				"up": {"uv": [12.5, 3, 12.95, 3.5], "texture": "#1"},
				"down": {"uv": [12.5, 3, 12.95, 3.5], "texture": "#1"}
			}
		},
		{
			"from": [6.15, 16.8414, 8.19448],
			"to": [6.85, 18.4414, 9.01948],
			"rotation": {"angle": -22.5, "axis": "x", "origin": [6.575, 18.3414, 8.11948]},
			"faces": {
				"north": {"uv": [12.5, 3, 12.85, 3.8], "texture": "#1"},
				"east": {"uv": [12.5, 3, 12.9125, 3.8], "texture": "#1"},
				"south": {"uv": [12.5, 3, 12.85, 3.8], "texture": "#1"},
				"west": {"uv": [12.5, 3, 12.9125, 3.8], "texture": "#1"},
				"up": {"uv": [12.5, 3, 12.85, 3.4125], "texture": "#1"},
				"down": {"uv": [12.5, 3, 12.85, 3.4125], "texture": "#1"}
			}
		},
		{
			"from": [9.075, 17.5414, 8.01948],
			"to": [9.9, 19.6414, 9.01948],
			"rotation": {"angle": -22.5, "axis": "x", "origin": [9.5, 19.0414, 8.11948]},
			"faces": {
				"north": {"uv": [12.5, 3, 13, 4.05], "texture": "#1"},
				"east": {"uv": [12.5, 3, 13, 4.05], "texture": "#1"},
				"south": {"uv": [12.5, 3, 13, 4.05], "texture": "#1"},
				"west": {"uv": [12.5, 3, 13, 4.05], "texture": "#1"},
				"up": {"uv": [12.5, 3, 13, 3.5], "texture": "#1"},
				"down": {"uv": [12.5, 3, 13, 4.05], "texture": "#1"}
			}
		},
		{
			"from": [8.075, 17.9414, 8.21948],
			"to": [8.925, 20.0414, 9.21948],
			"rotation": {"angle": -22.5, "axis": "x", "origin": [8.5, 19.4414, 8.31948]},
			"faces": {
				"north": {"uv": [12.5, 3, 12.95, 4.05], "texture": "#1"},
				"east": {"uv": [12.5, 3, 13, 4.05], "texture": "#1"},
				"south": {"uv": [12.5, 3, 12.95, 4.05], "texture": "#1"},
				"west": {"uv": [12.5, 3, 13, 4.05], "texture": "#1"},
				"up": {"uv": [12.5, 3, 12.95, 3.5], "texture": "#1"},
				"down": {"uv": [12.5, 3, 12.95, 3.5], "texture": "#1"}
			}
		},
		{
			"from": [8, 14.1, 8.425],
			"to": [9, 16.1, 9.625],
			"rotation": {"angle": 22.5, "axis": "x", "origin": [8.5, 15.6, 9.025]},
			"faces": {
				"north": {"uv": [12.5, 3, 12.95, 3.7], "texture": "#1"},
				"east": {"uv": [12.5, 3, 12.95, 3.7], "texture": "#1"},
				"south": {"uv": [12.5, 3, 12.95, 3.7], "texture": "#1"},
				"west": {"uv": [12.5, 3, 12.95, 3.7], "texture": "#1"},
				"up": {"uv": [12.5, 3, 12.95, 3.7], "texture": "#1"},
				"down": {"uv": [12.5, 3, 12.95, 3.7], "texture": "#1"}
			}
		},
		{
			"from": [9.05, 15.7, 8.425],
			"to": [9.925, 18, 9.525],
			"rotation": {"angle": 0, "axis": "x", "origin": [9.5, 17.2, 8.925]},
			"faces": {
				"north": {"uv": [12.5, 3, 12.9375, 4.15], "texture": "#1"},
				"east": {"uv": [12.5, 3, 13, 4.15], "texture": "#1"},
				"south": {"uv": [12.5, 3, 12.9375, 4.15], "texture": "#1"},
				"west": {"uv": [12.5, 3, 13, 4.15], "texture": "#1"},
				"up": {"uv": [12.5, 3, 12.9375, 3.55], "texture": "#1"},
				"down": {"uv": [12.5, 3, 12.9375, 3.55], "texture": "#1"}
			}
		},
		{
			"from": [6.975, 14, 8.325],
			"to": [7.975, 16, 9.525],
			"rotation": {"angle": 22.5, "axis": "x", "origin": [7.475, 15.5, 8.925]},
			"faces": {
				"north": {"uv": [12.5, 3, 12.95, 4], "texture": "#1"},
				"east": {"uv": [12.5, 3, 12.95, 4], "texture": "#1"},
				"south": {"uv": [12.5, 3, 12.95, 4], "texture": "#1"},
				"west": {"uv": [12.5, 3, 12.95, 4], "texture": "#1"},
				"up": {"uv": [12.5, 3, 12.95, 4], "texture": "#1"},
				"down": {"uv": [12.5, 3, 12.95, 4], "texture": "#1"}
			}
		},
		{
			"from": [6.1, 14, 8.375],
			"to": [6.9, 15.7, 9.525],
			"rotation": {"angle": 22.5, "axis": "x", "origin": [6.5, 15.5, 8.925]},
			"faces": {
				"north": {"uv": [12.5, 3, 12.925, 3.6], "texture": "#1"},
				"east": {"uv": [12.5, 3, 12.925, 3.6], "texture": "#1"},
				"south": {"uv": [12.5, 3, 12.925, 3.6], "texture": "#1"},
				"west": {"uv": [12.5, 3, 12.925, 3.6], "texture": "#1"},
				"up": {"uv": [12.5, 3, 12.925, 3.6], "texture": "#1"},
				"down": {"uv": [12.5, 3, 12.925, 3.6], "texture": "#1"}
			}
		},
		{
			"from": [8.9, 11.8, 7.025],
			"to": [9.9, 14.7, 8.4],
			"rotation": {"angle": -22.5, "axis": "z", "origin": [9.1, 11.4, 7.025]},
			"faces": {
				"north": {"uv": [12.5, 3, 13, 4.45], "texture": "#1"},
				"east": {"uv": [12.5, 3, 13, 4.45], "texture": "#1"},
				"south": {"uv": [12.5, 3, 13, 4.45], "texture": "#1"},
				"west": {"uv": [12.5, 3, 13, 4.45], "texture": "#1"},
				"up": {"uv": [12.5, 3, 13, 3.6875], "texture": "#1"},
				"down": {"uv": [12.5, 3, 13, 3.6875], "texture": "#1"}
			}
		},
		{
			"from": [10.075, 14.15, 7.075],
			"to": [11.075, 16.15, 8.325],
			"rotation": {"angle": 0, "axis": "z", "origin": [10.275, 14.15, 7.025]},
			"faces": {
				"north": {"uv": [12.5, 3, 13, 4.05], "texture": "#1"},
				"east": {"uv": [12.5, 3, 13, 4.05], "texture": "#1"},
				"south": {"uv": [12.5, 3, 13, 4.05], "texture": "#1"},
				"west": {"uv": [12.5, 3, 13, 4], "texture": "#1"},
				"up": {"uv": [12.5, 3, 13, 3.625], "texture": "#1"},
				"down": {"uv": [12.5, 3, 13, 3.625], "texture": "#1"}
			}
		},
		{
			"name": "dyeable",
			"from": [4, 6, 4],
			"to": [12, 7, 12],
			"rotation": {"angle": 0, "axis": "y", "origin": [4, 6, 4]},
			"faces": {
				"north": {"uv": [0, 0, 4, 0.5], "rotation": 180, "texture": "#1", "tintindex": 0},
				"east": {"uv": [3.5, 0, 4, 4], "rotation": 270, "texture": "#1", "tintindex": 0},
				"south": {"uv": [0, 3.5, 4, 4], "texture": "#1", "tintindex": 0},
				"west": {"uv": [0, 0, 0.5, 4], "rotation": 90, "texture": "#1", "tintindex": 0},
				"up": {"uv": [4, 4, 0, 0], "texture": "#1", "tintindex": 0},
				"down": {"uv": [4, 0, 0, 4], "texture": "#1", "tintindex": 0}
			}
		},
		{
			"name": "dyeable",
			"from": [4, 0, 4],
			"to": [12, 1, 12],
			"rotation": {"angle": 0, "axis": "y", "origin": [4, 0, 4]},
			"faces": {
				"north": {"uv": [0, 0, 4, 0.5], "texture": "#1", "tintindex": 0},
				"east": {"uv": [3.5, 0, 4, 4], "rotation": 270, "texture": "#1", "tintindex": 0},
				"south": {"uv": [0, 3.5, 4, 4], "texture": "#1", "tintindex": 0},
				"west": {"uv": [0, 0, 0.5, 4], "rotation": 90, "texture": "#1", "tintindex": 0},
				"up": {"uv": [4, 4, 0, 0], "texture": "#1", "tintindex": 0},
				"down": {"uv": [4, 0, 0, 4], "texture": "#1", "tintindex": 0}
			}
		},
		{
			"name": "dyeable",
			"from": [5, 1, 5],
			"to": [11, 6, 11],
			"rotation": {"angle": 0, "axis": "y", "origin": [4, 1, 4]},
			"faces": {
				"north": {"uv": [4, 3, 7, 5.5], "texture": "#1", "tintindex": 0},
				"east": {"uv": [4, 3, 7, 5.5], "texture": "#1", "tintindex": 0},
				"south": {"uv": [4, 3, 7, 5.5], "texture": "#1", "tintindex": 0},
				"west": {"uv": [4, 3, 7, 5.5], "texture": "#1", "tintindex": 0},
				"up": {"uv": [7, 3, 4, 0], "texture": "#1", "tintindex": 0},
				"down": {"uv": [7, 0, 4, 3], "texture": "#1", "tintindex": 0}
			}
		},
		{
			"from": [6, 7, 6],
			"to": [10, 7.5, 10],
			"rotation": {"angle": 0, "axis": "y", "origin": [4, 7, 4]},
			"faces": {
				"north": {"uv": [0, 5.5, 2, 6], "texture": "#1"},
				"east": {"uv": [0, 5.5, 0.5, 7.5], "rotation": 90, "texture": "#1"},
				"south": {"uv": [0, 7, 2, 7.5], "texture": "#1"},
				"west": {"uv": [1.5, 5.5, 2, 7.5], "rotation": 90, "texture": "#1"},
				"up": {"uv": [2, 7.5, 0, 5.5], "texture": "#1"},
				"down": {"uv": [2, 5.5, 0, 7.5], "texture": "#1"}
			}
		},
		{
			"from": [7, 7, 7.75],
			"to": [9, 12, 8.25],
			"rotation": {"angle": 0, "axis": "y", "origin": [4, 7, 3.75]},
			"faces": {
				"north": {"uv": [3, 4, 4, 6.5], "texture": "#1"},
				"east": {"uv": [3, 4, 3.5, 6.5], "texture": "#1"},
				"south": {"uv": [4, 4, 3, 6.5], "texture": "#1"},
				"west": {"uv": [3.5, 4, 4, 6.5], "texture": "#1"},
				"up": {"uv": [4, 4.5, 3, 4], "texture": "#1"},
				"down": {"uv": [4, 6, 3, 6.5], "texture": "#1"}
			}
		},
		{
			"from": [6, 2, 4],
			"to": [10, 5, 5],
			"rotation": {"angle": 0, "axis": "y", "origin": [6, 3, 4]},
			"faces": {
				"north": {"uv": [0, 4, 2, 5.5], "texture": "#1"},
				"east": {"uv": [0, 4, 0.5, 5.5], "texture": "#1"},
				"south": {"uv": [0, 4, 2, 5.5], "texture": "#1"},
				"west": {"uv": [1.5, 4, 2, 5.5], "texture": "#1"},
				"up": {"uv": [0, 4, 2, 4.5], "texture": "#1"},
				"down": {"uv": [0, 5, 2, 5.5], "texture": "#1"}
			}
		}
	],
	"display": {
		"thirdperson_righthand": {
			"rotation": [70.25, 0, 0],
			"translation": [0, 1, 0],
			"scale": [0.62, 0.62, 0.62]
		},
		"thirdperson_lefthand": {
			"rotation": [70.25, 0, 0],
			"translation": [0, 1, 0],
			"scale": [0.62, 0.62, 0.62]
		},
		"firstperson_righthand": {
			"rotation": [-180, 40.5, -180],
			"translation": [-0.5, 4.25, 0],
			"scale": [0.57, 0.57, 0.57]
		},
		"firstperson_lefthand": {
			"rotation": [-180, 40.5, -180],
			"translation": [-0.5, 4.25, 0],
			"scale": [0.57, 0.57, 0.57]
		},
		"ground": {
			"translation": [0, 3.5, 0],
			"scale": [0.5, 0.5, 0.5]
		},
		"gui": {
			"rotation": [-158.25, -28, -180],
			"translation": [0, -1, 0],
			"scale": [0.7, 0.7, 0.7]
		},
		"head": {
			"translation": [0, 9.5, 0],
			"scale": [2, 2, 2]
		},
		"fixed": {
			"rotation": [-90, 0, 0],
			"translation": [0, 0, -16],
			"scale": [2, 2, 2]
		}
	},
	"groups": [
		{
			"name": "unarmed",
			"origin": [8, 8, 8],
			"color": 0,
			"children": [
				0,
				1,
				2,
				3,
				4,
				5,
				6,
				7,
				8,
				9,
				10,
				11,
				12,
				13,
				14,
				15,
				16,
				{
					"name": "trophy_base",
					"origin": [4, 8, 3.75],
					"color": 0,
					"children": [17, 18, 19, 20, 21, 22]
				}
			]
		}
	]
}