{
	"credit": "Made KotVoltaz2",
	"textures": {
		"1": "mobs_/drowned_outer_layer",
		"2": "mobs_/drowned",
		"particle": "mobs_/drowned"
	},
	"elements": [
		{
			"from": [3, 14, 6],
			"to": [12, 23, 15],
			"faces": {
				"north": {"uv": [1.99927, 1.99927, 3.99779, 3.99855], "texture": "#2"},
				"east": {"uv": [0, 1.99927, 1.99927, 3.99855], "texture": "#2"},
				"south": {"uv": [5.99935, 1.99927, 7.99862, 3.99855], "texture": "#2"},
				"west": {"uv": [3.99931, 1.99927, 5.99859, 3.99855], "texture": "#2"},
				"up": {"uv": [1.99927, 0, 3.99855, 1.99927], "rotation": 180, "texture": "#2"},
				"down": {"uv": [3.99931, 0, 5.99859, 1.99927], "texture": "#2"}
			}
		},
		{
			"from": [2.8, 13.8, 5.7],
			"to": [12.2, 23.2, 15.1],
			"faces": {
				"north": {"uv": [2, 2, 3.99776, 3.99852], "texture": "#1"},
				"east": {"uv": [0, 2, 1.99851, 3.99852], "texture": "#1"},
				"south": {"uv": [6, 2, 7.99783, 3.99817], "texture": "#1"},
				"west": {"uv": [4, 2, 5.99851, 3.99852], "texture": "#1"},
				"up": {"uv": [2, 0, 3.99851, 1.99851], "rotation": 180, "texture": "#1"},
				"down": {"uv": [4, 0, 6, 2], "texture": "#1"}
			}
		},
		{
			"from": [5, 7, 9.2],
			"to": [9.9, 14, 11.7],
			"faces": {
				"north": {"uv": [4.99933, 4.99933, 6.89876, 7.99863], "texture": "#2"},
				"east": {"uv": [3.99931, 4.99933, 4.99857, 7.99863], "texture": "#2"},
				"south": {"uv": [7.99939, 4.99933, 9.89881, 7.99863], "texture": "#2"},
				"west": {"uv": [6.99937, 4.99933, 7.99863, 7.99863], "texture": "#2"},
				"up": {"uv": [4.99933, 3.99931, 6.89876, 4.99857], "texture": "#2"},
				"down": {"uv": [6.99937, 3.99931, 8.89879, 4.99857], "texture": "#2"}
			}
		},
		{
			"from": [4.8, 6.8, 9],
			"to": [10.1, 14.2, 11.9],
			"faces": {
				"north": {"uv": [5, 5, 6.89943, 7.99929], "texture": "#1"},
				"east": {"uv": [4, 5, 4.99926, 7.99929], "texture": "#1"},
				"south": {"uv": [8, 5, 9.89931, 7.99922], "texture": "#1"},
				"west": {"uv": [7, 5, 7.99926, 7.99929], "texture": "#1"},
				"up": {"uv": [5, 4, 6.899, 5], "texture": "#1"},
				"down": {"uv": [7, 4, 8.899, 5], "texture": "#1"}
			}
		},
		{
			"from": [10.5, 6.8, 9.1],
			"to": [13.5, 14.2, 11.8],
			"rotation": {"angle": 22.5, "axis": "z", "origin": [11, 10.5, 10.5]},
			"faces": {
				"north": {"uv": [11, 5, 12, 8], "texture": "#1"},
				"east": {"uv": [13, 5, 14, 8], "texture": "#1"},
				"south": {"uv": [11, 5, 10, 8], "texture": "#1"},
				"west": {"uv": [11.75, 9, 12.75, 12], "texture": "#2"},
				"up": {"uv": [13, 12, 14, 13], "rotation": 270, "texture": "#2"},
				"down": {"uv": [12, 4, 13, 5], "rotation": 180, "texture": "#1"}
			}
		},
		{
			"from": [10.95, 7, 9.2],
			"to": [13.4, 14, 11.7],
			"rotation": {"angle": 22.5, "axis": "z", "origin": [11, 10.5, 10.5]},
			"faces": {
				"north": {"uv": [11, 5, 12, 8], "texture": "#2"},
				"east": {"uv": [10.75, 5, 11.75, 8], "texture": "#2"},
				"south": {"uv": [10, 13, 9, 16], "texture": "#2"},
				"west": {"uv": [8.25, 13, 9.25, 16], "texture": "#2"},
				"up": {"uv": [9, 12, 10, 13], "texture": "#2"},
				"down": {"uv": [12, 4, 13, 5], "rotation": 180, "texture": "#2"}
			}
		},
		{
			"from": [4.75, 4.225, 3.85],
			"to": [7.4, 7, 11.25],
			"rotation": {"angle": 22.5, "axis": "y", "origin": [6, 3.5, 10.5]},
			"faces": {
				"north": {"uv": [7, 12, 6, 13], "rotation": 180, "texture": "#1"},
				"east": {"uv": [6, 13, 7, 16], "rotation": 270, "texture": "#1"},
				"south": {"uv": [9, 12, 10, 13], "rotation": 270, "texture": "#1"},
				"west": {"uv": [5, 16, 4, 13], "rotation": 270, "texture": "#1"},
				"up": {"uv": [6, 13, 5, 16], "rotation": 180, "texture": "#1"},
				"down": {"uv": [4, 13, 5, 16], "texture": "#1"}
			}
		},
		{
			"from": [4.85, 4.3, 4.05],
			"to": [7.3, 6.8, 11.05],
			"rotation": {"angle": 22.5, "axis": "y", "origin": [6, 3.5, 10.5]},
			"faces": {
				"north": {"uv": [2, 4, 3, 5], "rotation": 180, "texture": "#2"},
				"east": {"uv": [2, 5, 3, 8], "rotation": 270, "texture": "#2"},
				"south": {"uv": [1, 4, 2, 5], "texture": "#2"},
				"west": {"uv": [0, 5, 1, 8], "rotation": 90, "texture": "#2"},
				"up": {"uv": [1, 5, 2, 8], "rotation": 180, "texture": "#2"},
				"down": {"uv": [6.75, 13, 7.75, 16], "texture": "#2"}
			}
		},
		{
			"from": [7.2, 4.175, 3.85],
			"to": [9.9, 7, 11.25],
			"rotation": {"angle": -22.5, "axis": "y", "origin": [8.5, 3.5, 10.5]},
			"faces": {
				"north": {"uv": [6, 12, 7, 13], "rotation": 180, "texture": "#1"},
				"east": {"uv": [4, 13, 5, 16], "rotation": 270, "texture": "#1"},
				"south": {"uv": [5, 12, 6, 13], "rotation": 270, "texture": "#1"},
				"west": {"uv": [6, 16, 7, 13], "rotation": 270, "texture": "#1"},
				"up": {"uv": [5, 13, 6, 16], "rotation": 180, "texture": "#1"},
				"down": {"uv": [5, 13, 4, 16], "texture": "#1"}
			}
		},
		{
			"from": [7.35, 4.3, 4.05],
			"to": [9.8, 6.8, 11.05],
			"rotation": {"angle": -22.5, "axis": "y", "origin": [8.5, 3.5, 10.5]},
			"faces": {
				"north": {"uv": [5.999, 12, 6.999, 13], "rotation": 180, "texture": "#2"},
				"east": {"uv": [5.999, 13, 6.999, 15.999], "rotation": 270, "texture": "#2"},
				"south": {"uv": [5, 12, 6, 13], "texture": "#2"},
				"west": {"uv": [4, 13, 5, 15.999], "rotation": 90, "texture": "#2"},
				"up": {"uv": [5, 13, 6, 16], "rotation": 180, "texture": "#2"},
				"down": {"uv": [6.75, 13, 7.75, 16], "texture": "#2"}
			}
		},
		{
			"from": [1.61722, 7.21617, 9.1],
			"to": [4.61722, 14.61617, 11.8],
			"rotation": {"angle": -22.5, "axis": "z", "origin": [3.20472, 10.91617, 10.425]},
			"faces": {
				"north": {"uv": [9, 13, 10, 16], "texture": "#1"},
				"east": {"uv": [10, 13, 11, 16], "texture": "#1"},
				"south": {"uv": [11, 13, 12, 16], "texture": "#1"},
				"west": {"uv": [8, 13, 9, 16], "texture": "#1"},
				"up": {"uv": [13, 12, 14, 13], "rotation": 270, "texture": "#2"},
				"down": {"uv": [10, 12, 11, 13], "texture": "#1"}
			}
		},
		{
			"from": [2.06722, 7.41617, 9.2],
			"to": [4.51722, 14.41617, 11.7],
			"rotation": {"angle": -22.5, "axis": "z", "origin": [3.20472, 10.91617, 10.425]},
			"faces": {
				"north": {"uv": [12, 5, 11, 8], "texture": "#2"},
				"east": {"uv": [8.25, 13, 9.25, 16], "texture": "#2"},
				"south": {"uv": [9, 13, 10, 16], "texture": "#2"},
				"west": {"uv": [10.75, 5, 11.75, 8], "texture": "#2"},
				"up": {"uv": [9, 12, 10, 13], "texture": "#2"},
				"down": {"uv": [10, 12, 11, 13], "texture": "#2"}
			}
		}
	],
	"display": {
		"thirdperson_righthand": {
			"translation": [0, 0.25, 0],
			"scale": [0.52, 0.52, 0.52]
		},
		"thirdperson_lefthand": {
			"translation": [0, 0.25, 0],
			"scale": [0.52, 0.52, 0.52]
		},
		"firstperson_righthand": {
			"rotation": [0, 104, 0],
			"translation": [0, 0.25, 0],
			"scale": [0.52, 0.52, 0.52]
		},
		"firstperson_lefthand": {
			"rotation": [0, 104, 0],
			"translation": [0, 0.25, 0],
			"scale": [0.52, 0.52, 0.52]
		},
		"ground": {
			"rotation": [90, 0, 0],
			"translation": [1.5, 2.25, -1],
			"scale": [0.54, 0.54, 0.54]
		},
		"gui": {
			"rotation": [0, 147, 47],
			"translation": [-3, -0.5, 0],
			"scale": [0.91, 0.91, 0.91]
		},
		"head": {
			"translation": [0, 9, 0.25],
			"scale": [0.7, 0.7, 0.7]
		},
		"fixed": {
			"rotation": [-90, 0, 0],
			"translation": [0.5, 0.25, -3.5]
		}
	},
	"groups": [
		{
			"name": "Фигурка",
			"origin": [8, 8, 8],
			"color": 0,
			"children": [
				{
					"name": "Голова",
					"origin": [8, 8, 8],
					"color": 0,
					"children": [0, 1]
				},
				{
					"name": "Грудь",
					"origin": [8, 8, 8],
					"color": 0,
					"children": [2, 3]
				},
				{
					"name": "Правая рука",
					"origin": [8, 8, 8],
					"color": 0,
					"children": [4, 5]
				},
				{
					"name": "Левая нога",
					"origin": [8, 8, 8],
					"color": 0,
					"children": [6, 7]
				},
				{
					"name": "Правая нога",
					"origin": [8, 8, 8],
					"color": 0,
					"children": [8, 9]
				},
				{
					"name": "Левая рука",
					"origin": [8, 8, 8],
					"color": 0,
					"children": [10, 11]
				}
			]
		}
	]
}