{
	"credit": "Made KotVoltaz2",
	"textures": {
		"1": "glint",
		"2": "mobs_/vex",
		"3": "mobs_/evoker",
		"4": "mobs_/evoker_fangs",
		"particle": "glint"
	},
	"elements": [
		{
			"from": [3, 14, 6],
			"to": [12, 24, 15],
			"faces": {
				"north": {"uv": [2, 10, 4, 12.5], "texture": "#3"},
				"east": {"uv": [0, 10, 2, 12.5], "texture": "#3"},
				"south": {"uv": [6, 10, 8, 12.5], "texture": "#3"},
				"west": {"uv": [4, 10, 6, 12.5], "texture": "#3"},
				"up": {"uv": [2, 8, 3.99928, 9.99927], "rotation": 180, "texture": "#3"},
				"down": {"uv": [4, 8, 5.99928, 9.99927], "texture": "#3"}
			}
		},
		{
			"from": [6.4, 13.1, 3.9],
			"to": [8.6, 17.1, 6],
			"faces": {
				"north": {"uv": [7, 0.5, 7.5, 1.5], "texture": "#3"},
				"east": {"uv": [7, 0.5, 7.5, 1.5], "texture": "#3"},
				"south": {"uv": [6, 8.5, 6.5, 9.5], "texture": "#3"},
				"west": {"uv": [7, 0.5, 7.5, 1.5], "texture": "#3"},
				"up": {"uv": [7, 0.5, 7.5, 1.5], "texture": "#3"},
				"down": {"uv": [7, 0.5, 7.5, 1.5], "texture": "#3"}
			}
		},
		{
			"from": [2.6, 13.8, 5.7],
			"to": [12.2, 24.8, 15.2],
			"faces": {
				"north": {"uv": [2, 2, 4, 4.5], "texture": "#3"},
				"east": {"uv": [4, 2, 6, 4.5], "texture": "#3"},
				"south": {"uv": [6, 2, 8, 4.5], "texture": "#3"},
				"west": {"uv": [0, 2, 2, 4.5], "texture": "#3"},
				"up": {"uv": [2, 0, 3.99851, 1.99851], "rotation": 180, "texture": "#3"},
				"down": {"uv": [4, 0, 6, 2], "texture": "#3"}
			}
		},
		{
			"from": [-1.6, 15.5, 10],
			"to": [0.3, 17.4, 10],
			"faces": {
				"north": {"uv": [0, 0, 16, 14], "texture": "#1"},
				"east": {"uv": [0, 0, 16, 14], "texture": "#1"},
				"south": {"uv": [0, 0, 16, 14], "texture": "#1"},
				"west": {"uv": [0, 0, 16, 14], "texture": "#1"},
				"up": {"uv": [0, 0, 16, 14], "texture": "#1"},
				"down": {"uv": [0, 0, 16, 14], "texture": "#1"}
			}
		},
		{
			"from": [14.2, 15.5, 10.2],
			"to": [16.1, 17.4, 10.2],
			"faces": {
				"north": {"uv": [0, 0, 16, 14], "texture": "#1"},
				"east": {"uv": [0, 0, 16, 14], "texture": "#1"},
				"south": {"uv": [0, 0, 16, 14], "texture": "#1"},
				"west": {"uv": [0, 0, 16, 14], "texture": "#1"},
				"up": {"uv": [0, 0, 16, 14], "texture": "#1"},
				"down": {"uv": [0, 0, 16, 14], "texture": "#1"}
			}
		},
		{
			"from": [-1.1, 16.6, 10.2],
			"to": [1.2, 18.8, 10.2],
			"faces": {
				"north": {"uv": [0, 0, 16, 14], "texture": "#1"},
				"east": {"uv": [0, 0, 16, 14], "texture": "#1"},
				"south": {"uv": [0, 0, 16, 14], "texture": "#1"},
				"west": {"uv": [0, 0, 16, 14], "texture": "#1"},
				"up": {"uv": [0, 0, 16, 14], "texture": "#1"},
				"down": {"uv": [0, 0, 16, 14], "texture": "#1"}
			}
		},
		{
			"from": [13.5, 16.6, 10.5],
			"to": [15.8, 18.8, 10.5],
			"faces": {
				"north": {"uv": [0, 0, 16, 14], "texture": "#1"},
				"east": {"uv": [0, 0, 16, 14], "texture": "#1"},
				"south": {"uv": [0, 0, 16, 14], "texture": "#1"},
				"west": {"uv": [0, 0, 16, 14], "texture": "#1"},
				"up": {"uv": [0, 0, 16, 14], "texture": "#1"},
				"down": {"uv": [0, 0, 16, 14], "texture": "#1"}
			}
		},
		{
			"from": [-0.9, 16.2, 9.5],
			"to": [0.5, 17.6, 9.5],
			"faces": {
				"north": {"uv": [0, 0, 16, 14], "texture": "#1"},
				"east": {"uv": [0, 0, 16, 14], "texture": "#1"},
				"south": {"uv": [0, 0, 16, 14], "texture": "#1"},
				"west": {"uv": [0, 0, 16, 14], "texture": "#1"},
				"up": {"uv": [0, 0, 16, 14], "texture": "#1"},
				"down": {"uv": [0, 0, 16, 14], "texture": "#1"}
			}
		},
		{
			"from": [13.4, 16.2, 10.1],
			"to": [14.8, 17.6, 10.1],
			"faces": {
				"north": {"uv": [0, 0, 16, 14], "texture": "#1"},
				"east": {"uv": [0, 0, 16, 14], "texture": "#1"},
				"south": {"uv": [0, 0, 16, 14], "texture": "#1"},
				"west": {"uv": [0, 0, 16, 14], "texture": "#1"},
				"up": {"uv": [0, 0, 16, 14], "texture": "#1"},
				"down": {"uv": [0, 0, 16, 14], "texture": "#1"}
			}
		},
		{
			"from": [5, 7, 9],
			"to": [9.9, 14, 11.9],
			"faces": {
				"north": {"uv": [5, 5, 6.89943, 7.9993], "texture": "#3"},
				"east": {"uv": [7.5, 6.5, 9, 9.5], "texture": "#missing"},
				"south": {"uv": [7.25, 6.5, 9.14942, 9.4993], "texture": "#missing"},
				"west": {"uv": [4, 6.5, 5.5, 9.5], "texture": "#missing"},
				"up": {"uv": [5.5, 5, 7.5, 6.5], "texture": "#missing"},
				"down": {"uv": [7.25, 5, 10, 6.5], "texture": "#missing"}
			}
		},
		{
			"from": [4.7, 6.8, 8.7],
			"to": [10.2, 14.2, 12.2],
			"faces": {
				"north": {"uv": [1.5, 11.25, 3.39943, 14.24929], "texture": "#3"},
				"east": {"uv": [0, 12, 1.5, 15], "texture": "#3"},
				"south": {"uv": [5, 11, 6.89943, 13.99929], "texture": "#3"},
				"west": {"uv": [3.5, 12, 5, 15], "texture": "#3"},
				"up": {"uv": [5.5, 5, 7.5, 6.5], "texture": "#missing"},
				"down": {"uv": [7.5, 5, 9.5, 6.5], "texture": "#3"}
			}
		},
		{
			"from": [4.8, 6.8, 8.8],
			"to": [10.1, 14.2, 12.1],
			"faces": {
				"north": {"uv": [5.5, 6.5, 7.39943, 9.49929], "texture": "#3"},
				"east": {"uv": [4, 6.5, 5.5, 9.5], "texture": "#3"},
				"south": {"uv": [7.5, 6.5, 9.5, 9.5], "texture": "#3"},
				"west": {"uv": [7.5, 6.5, 9, 9.5], "texture": "#3"},
				"up": {"uv": [1.5, 9.5, 3.5, 10.75], "texture": "#missing"},
				"down": {"uv": [7.5, 5, 9.5, 6.5], "texture": "#3"}
			}
		},
		{
			"from": [10.95, 10.45, 9.2],
			"to": [17.85, 12.9, 11.7],
			"rotation": {"angle": 45, "axis": "z", "origin": [11, 10.5, 10.5]},
			"faces": {
				"north": {"uv": [13, 12.5, 14, 15.5], "rotation": 90, "texture": "#3"},
				"east": {"uv": [12, 11.5, 13, 12.5], "rotation": 180, "texture": "#3"},
				"south": {"uv": [14, 12.5, 13, 15.5], "rotation": 270, "texture": "#3"},
				"west": {"uv": [12, 11.5, 11, 12.5], "rotation": 270, "texture": "#3"},
				"up": {"uv": [10, 12.5, 11, 15.5], "rotation": 270, "texture": "#3"},
				"down": {"uv": [12, 12.5, 13, 15.5], "rotation": 270, "texture": "#3"}
			}
		},
		{
			"from": [3.45, 10.38166, 9.13593],
			"to": [5.9, 17.28166, 11.63593],
			"rotation": {"angle": 45, "axis": "z", "origin": [3.675, 11.13166, 8.23593]},
			"faces": {
				"north": {"uv": [13, 12.5, 14, 15.5], "rotation": 180, "texture": "#3"},
				"east": {"uv": [10, 12.5, 11, 15.5], "rotation": 180, "texture": "#3"},
				"south": {"uv": [14, 12.5, 13, 15.5], "rotation": 180, "texture": "#3"},
				"west": {"uv": [12, 12.5, 13, 15.5], "rotation": 180, "texture": "#3"},
				"up": {"uv": [13, 11.5, 12, 12.5], "rotation": 270, "texture": "#3"},
				"down": {"uv": [11, 11.5, 12, 12.5], "rotation": 180, "texture": "#3"}
			}
		},
		{
			"from": [4.85, 4.3, 4.05],
			"to": [7.3, 6.8, 11.05],
			"rotation": {"angle": 22.5, "axis": "y", "origin": [6, 3.5, 10.5]},
			"faces": {
				"north": {"uv": [2, 5.5, 3, 6.5], "rotation": 180, "texture": "#3"},
				"east": {"uv": [3, 6.5, 2, 9.5], "rotation": 270, "texture": "#3"},
				"south": {"uv": [1, 5.5, 2, 6.5], "texture": "#3"},
				"west": {"uv": [1, 6.5, 0, 9.5], "rotation": 90, "texture": "#3"},
				"up": {"uv": [1, 6.5, 2, 9.5], "rotation": 180, "texture": "#3"},
				"down": {"uv": [4, 6.5, 3, 9.5], "texture": "#3"}
			}
		},
		{
			"from": [7.35, 4.3, 4.05],
			"to": [9.8, 6.8, 11.05],
			"rotation": {"angle": -22.5, "axis": "y", "origin": [8.5, 3.5, 10.5]},
			"faces": {
				"north": {"uv": [2, 5.5, 3, 6.5], "rotation": 180, "texture": "#3"},
				"east": {"uv": [0, 6.5, 1, 9.499], "rotation": 270, "texture": "#3"},
				"south": {"uv": [1, 5.5, 2, 6.5], "texture": "#3"},
				"west": {"uv": [2, 6.5, 3, 9.5], "rotation": 90, "texture": "#3"},
				"up": {"uv": [2, 6.5, 1, 9.5], "rotation": 180, "texture": "#3"},
				"down": {"uv": [3, 6.5, 4, 9.5], "texture": "#3"}
			}
		},
		{
			"from": [-2.1, 20.5, 9],
			"to": [0.2, 22.6, 11.4],
			"rotation": {"angle": 0, "axis": "y", "origin": [-2.65407, 12.09894, 18.63344]},
			"faces": {
				"north": {"uv": [2, 2, 4, 4], "texture": "#2"},
				"east": {"uv": [4, 2, 6, 4], "texture": "#2"},
				"south": {"uv": [6, 2, 8, 4], "texture": "#2"},
				"west": {"uv": [0, 2, 2, 4], "texture": "#2"},
				"up": {"uv": [2, 0, 3.99851, 1.99851], "rotation": 180, "texture": "#2"},
				"down": {"uv": [4, 0, 6, 2], "texture": "#2"}
			}
		},
		{
			"from": [14.6, 19.2, 9],
			"to": [16.3, 21.3, 11],
			"rotation": {"angle": 0, "axis": "y", "origin": [-2.65407, 12.09894, 18.63344]},
			"faces": {
				"north": {"uv": [0, 5, 5, 11], "texture": "#4"},
				"east": {"uv": [0, 5, 5, 11], "texture": "#4"},
				"south": {"uv": [0, 5, 5, 11], "texture": "#4"},
				"west": {"uv": [0, 5, 5, 11], "texture": "#4"},
				"up": {"uv": [2.625, 0, 4.875, 5], "texture": "#4"},
				"down": {"uv": [5, 0, 7.25, 5], "texture": "#4"}
			}
		},
		{
			"from": [15.65, 21.35, 9.3],
			"to": [16.35, 23.35, 9.3],
			"rotation": {"angle": -22.5, "axis": "z", "origin": [15.7, 22.25, 10.2]},
			"faces": {
				"north": {"uv": [13.375, 4.125, 11.625, 10.75], "texture": "#4"},
				"east": {"uv": [13.375, 4.125, 11.625, 10.75], "texture": "#4"},
				"south": {"uv": [11.625, 4.125, 13.375, 10.75], "texture": "#4"},
				"west": {"uv": [13.375, 4.125, 11.625, 10.75], "texture": "#4"},
				"up": {"uv": [13.375, 4.125, 11.625, 10.75], "texture": "#4"},
				"down": {"uv": [13.375, 4.125, 11.625, 10.75], "texture": "#4"}
			}
		},
		{
			"from": [15.65, 23.35, 9.3],
			"to": [16.35, 23.35, 10.8],
			"rotation": {"angle": -22.5, "axis": "z", "origin": [15.7, 22.25, 10.2]},
			"faces": {
				"north": {"uv": [11.625, 4.125, 13.375, 10.75], "texture": "#4"},
				"east": {"uv": [13.375, 4.125, 11.625, 10.75], "texture": "#4"},
				"south": {"uv": [11.625, 4.125, 13.375, 10.75], "texture": "#4"},
				"west": {"uv": [13.375, 4.125, 11.625, 10.75], "texture": "#4"},
				"up": {"uv": [11.625, 4.125, 13.375, 10.75], "texture": "#4"},
				"down": {"uv": [11.625, 4.125, 13.375, 10.75], "texture": "#4"}
			}
		},
		{
			"from": [16.35, 21.55, 9.3],
			"to": [16.35, 23.35, 10.8],
			"rotation": {"angle": -22.5, "axis": "z", "origin": [15.7, 22.25, 10.2]},
			"faces": {
				"north": {"uv": [14.875, 4.25, 13.125, 10.875], "texture": "#4"},
				"east": {"uv": [14.875, 4.25, 13.125, 10.875], "texture": "#4"},
				"south": {"uv": [14.875, 4.25, 13.125, 10.875], "texture": "#4"},
				"west": {"uv": [14.875, 4.25, 13.125, 10.875], "texture": "#4"},
				"up": {"uv": [14.875, 4.25, 13.125, 10.875], "texture": "#4"},
				"down": {"uv": [14.875, 4.25, 13.125, 10.875], "texture": "#4"}
			}
		},
		{
			"from": [15.65, 21.25, 10.8],
			"to": [16.35, 23.35, 10.8],
			"rotation": {"angle": -22.5, "axis": "z", "origin": [15.7, 22.25, 10.2]},
			"faces": {
				"north": {"uv": [13.375, 4.125, 11.625, 10.75], "texture": "#4"},
				"east": {"uv": [13.375, 4.125, 11.625, 10.75], "texture": "#4"},
				"south": {"uv": [11.625, 4.125, 13.375, 10.75], "texture": "#4"},
				"west": {"uv": [13.375, 4.125, 11.625, 10.75], "texture": "#4"},
				"up": {"uv": [13.375, 4.125, 11.625, 10.75], "texture": "#4"},
				"down": {"uv": [13.375, 4.125, 11.625, 10.75], "texture": "#4"}
			}
		},
		{
			"from": [14.55, 21.55, 9.2],
			"to": [15.25, 23.65, 9.2],
			"rotation": {"angle": 22.5, "axis": "z", "origin": [15.7, 22.25, 10.2]},
			"faces": {
				"north": {"uv": [11.625, 4.125, 13.375, 10.75], "texture": "#4"},
				"east": {"uv": [11.625, 4.125, 13.375, 10.75], "texture": "#4"},
				"south": {"uv": [13.375, 4.125, 11.625, 10.75], "texture": "#4"},
				"west": {"uv": [11.625, 4.125, 13.375, 10.75], "texture": "#4"},
				"up": {"uv": [11.625, 4.125, 13.375, 10.75], "texture": "#4"},
				"down": {"uv": [11.625, 4.125, 13.375, 10.75], "texture": "#4"}
			}
		},
		{
			"from": [14.55, 21.55, 10.7],
			"to": [15.25, 23.65, 10.7],
			"rotation": {"angle": 22.5, "axis": "z", "origin": [15.7, 22.25, 10.2]},
			"faces": {
				"north": {"uv": [11.625, 4.125, 13.375, 10.75], "texture": "#4"},
				"east": {"uv": [11.625, 4.125, 13.375, 10.75], "texture": "#4"},
				"south": {"uv": [13.375, 4.125, 11.625, 10.75], "texture": "#4"},
				"west": {"uv": [11.625, 4.125, 13.375, 10.75], "texture": "#4"},
				"up": {"uv": [11.625, 4.125, 13.375, 10.75], "texture": "#4"},
				"down": {"uv": [11.625, 4.125, 13.375, 10.75], "texture": "#4"}
			}
		},
		{
			"from": [14.55, 23.65, 9.2],
			"to": [15.25, 23.65, 10.7],
			"rotation": {"angle": 22.5, "axis": "z", "origin": [15.7, 22.25, 10.2]},
			"faces": {
				"north": {"uv": [11.625, 10.75, 13.375, 4.125], "texture": "#4"},
				"east": {"uv": [11.625, 4.125, 13.375, 10.75], "texture": "#4"},
				"south": {"uv": [13.375, 4.125, 11.625, 10.75], "texture": "#4"},
				"west": {"uv": [11.625, 4.125, 13.375, 10.75], "texture": "#4"},
				"up": {"uv": [13.375, 4.125, 11.625, 10.75], "texture": "#4"},
				"down": {"uv": [13.375, 4.125, 11.625, 10.75], "texture": "#4"}
			}
		},
		{
			"from": [14.55, 21.45, 9.2],
			"to": [14.55, 23.65, 10.7],
			"rotation": {"angle": 22.5, "axis": "z", "origin": [15.7, 22.25, 10.2]},
			"faces": {
				"north": {"uv": [14.875, 4.25, 13.125, 10.875], "texture": "#4"},
				"east": {"uv": [14.75, 4.25, 13, 10.875], "texture": "#4"},
				"south": {"uv": [14.875, 4.25, 13.125, 10.875], "texture": "#4"},
				"west": {"uv": [14.875, 4.25, 13.125, 10.875], "texture": "#4"},
				"up": {"uv": [14.875, 4.25, 13.125, 10.875], "texture": "#4"},
				"down": {"uv": [14.875, 4.25, 13.125, 10.875], "texture": "#4"}
			}
		},
		{
			"from": [-1.4, 19.4, 10.1],
			"to": [-0.6, 20.3, 10.3],
			"rotation": {"angle": 0, "axis": "y", "origin": [-2.65407, 12.09894, 18.63344]},
			"faces": {
				"north": {"uv": [5, 5, 6.89943, 7.9993], "texture": "#2"},
				"east": {"uv": [7.5, 6.5, 9, 9.5], "texture": "#missing"},
				"south": {"uv": [8, 5, 9.89942, 7.9993], "texture": "#2"},
				"west": {"uv": [4, 6.5, 5.5, 9.5], "texture": "#missing"},
				"up": {"uv": [5.5, 5, 7.5, 6.5], "texture": "#missing"},
				"down": {"uv": [7.25, 5, 10, 6.5], "texture": "#missing"}
			}
		},
		{
			"from": [-1.6, 19.2, 9.8],
			"to": [-0.4, 20.5, 10.6],
			"rotation": {"angle": 0, "axis": "y", "origin": [-2.65407, 12.09894, 18.63344]},
			"faces": {
				"north": {"uv": [5, 5, 6.89943, 7.99929], "texture": "#2"},
				"east": {"uv": [7, 5, 7.75, 8], "texture": "#2"},
				"south": {"uv": [8, 5, 9.89943, 7.99929], "texture": "#2"},
				"west": {"uv": [4, 5, 5, 8], "texture": "#2"},
				"up": {"uv": [5.5, 5, 7.5, 6.5], "texture": "#missing"},
				"down": {"uv": [7, 4, 9, 5], "texture": "#2"}
			}
		},
		{
			"from": [-2, 18.6, 10.6],
			"to": [-2, 20.2, 12.8],
			"rotation": {"angle": -45, "axis": "y", "origin": [-1.2, 19.4, 11.7]},
			"faces": {
				"north": {"uv": [0.5, 11.25, 5.25, 8.25], "rotation": 180, "texture": "#2"},
				"east": {"uv": [5.25, 11.25, 0.5, 8.25], "rotation": 180, "texture": "#2"},
				"south": {"uv": [0.5, 11.25, 5.25, 8.25], "rotation": 180, "texture": "#2"},
				"west": {"uv": [0.5, 11.25, 5.25, 8.25], "rotation": 180, "texture": "#2"},
				"up": {"uv": [0.5, 11.25, 5.25, 8.25], "rotation": 180, "texture": "#2"},
				"down": {"uv": [0.5, 11.25, 5.25, 8.25], "rotation": 180, "texture": "#2"}
			}
		},
		{
			"from": [0, 18.6, 10.6],
			"to": [0, 20.2, 12.8],
			"rotation": {"angle": 45, "axis": "y", "origin": [-0.7, 19.4, 11.7]},
			"faces": {
				"north": {"uv": [0.5, 11.25, 5.25, 8.25], "rotation": 180, "texture": "#2"},
				"east": {"uv": [5.25, 11.25, 0.5, 8.25], "rotation": 180, "texture": "#2"},
				"south": {"uv": [0.5, 11.25, 5.25, 8.25], "rotation": 180, "texture": "#2"},
				"west": {"uv": [0.5, 11.25, 5.25, 8.25], "rotation": 180, "texture": "#2"},
				"up": {"uv": [0.5, 11.25, 5.25, 8.25], "rotation": 180, "texture": "#2"},
				"down": {"uv": [0.5, 11.25, 5.25, 8.25], "rotation": 180, "texture": "#2"}
			}
		},
		{
			"from": [-0.92679, 18.7, 9.00326],
			"to": [-0.37679, 19.2, 10.40326],
			"rotation": {"angle": -22.5, "axis": "y", "origin": [-0.55179, 18.55, 10.20326]},
			"faces": {
				"north": {"uv": [9, 0, 10, 1], "rotation": 180, "texture": "#2"},
				"east": {"uv": [9.25, 1, 10.25, 3.999], "rotation": 270, "texture": "#2"},
				"south": {"uv": [9.5, 0, 10.5, 1], "texture": "#2"},
				"west": {"uv": [8, 1, 9, 4], "rotation": 90, "texture": "#2"},
				"up": {"uv": [10.25, 1, 9.25, 4], "rotation": 180, "texture": "#2"},
				"down": {"uv": [10.75, 1, 11.75, 4], "texture": "#2"}
			}
		},
		{
			"from": [-1.52679, 18.7, 8.60326],
			"to": [-0.97679, 19.2, 10.00326],
			"rotation": {"angle": 22.5, "axis": "y", "origin": [-0.55179, 18.55, 10.20326]},
			"faces": {
				"north": {"uv": [11, 0, 12, 1], "rotation": 180, "texture": "#2"},
				"east": {"uv": [9.25, 1, 10.25, 3.999], "rotation": 270, "texture": "#2"},
				"south": {"uv": [9.25, 0, 10.25, 1], "texture": "#2"},
				"west": {"uv": [8, 1, 9, 4], "rotation": 90, "texture": "#2"},
				"up": {"uv": [10.25, 1, 9.25, 4], "rotation": 180, "texture": "#2"},
				"down": {"uv": [12, 1, 13, 4], "texture": "#2"}
			}
		},
		{
			"from": [-2.12679, 19.9, 9.30326],
			"to": [-1.57679, 20.4, 10.70326],
			"rotation": {"angle": -22.5, "axis": "x", "origin": [-0.55179, 18.55, 10.20326]},
			"faces": {
				"north": {"uv": [11, 0, 12, 1], "rotation": 180, "texture": "#2"},
				"east": {"uv": [9.25, 1, 10.25, 3.999], "rotation": 270, "texture": "#2"},
				"south": {"uv": [9.25, 0, 10.25, 1], "texture": "#2"},
				"west": {"uv": [8, 1, 9, 4], "rotation": 90, "texture": "#2"},
				"up": {"uv": [10.25, 1, 9.25, 4], "rotation": 180, "texture": "#2"},
				"down": {"uv": [12, 1, 13, 4], "texture": "#2"}
			}
		},
		{
			"from": [-0.42679, 19.9, 9.30326],
			"to": [0.12321, 20.4, 10.70326],
			"rotation": {"angle": -22.5, "axis": "x", "origin": [-0.55179, 18.55, 10.20326]},
			"faces": {
				"north": {"uv": [11, 0, 12, 1], "rotation": 180, "texture": "#2"},
				"east": {"uv": [9.25, 1, 10.25, 3.999], "rotation": 270, "texture": "#2"},
				"south": {"uv": [9.25, 0, 10.25, 1], "texture": "#2"},
				"west": {"uv": [8, 1, 9, 4], "rotation": 90, "texture": "#2"},
				"up": {"uv": [9.25, 1, 10.25, 4], "rotation": 180, "texture": "#2"},
				"down": {"uv": [12, 1, 13, 4], "texture": "#2"}
			}
		}
	],
	"display": {
		"thirdperson_righthand": {
			"translation": [0, 0.25, 0],
			"scale": [0.52, 0.52, 0.52]
		},
		"thirdperson_lefthand": {
			"translation": [0, 0.25, 0],
			"scale": [0.52, 0.52, 0.52]
		},
		"firstperson_righthand": {
			"rotation": [0, 104, 0],
			"translation": [0, 0.25, 0],
			"scale": [0.52, 0.52, 0.52]
		},
		"firstperson_lefthand": {
			"rotation": [0, 104, 0],
			"translation": [0, 0.25, 0],
			"scale": [0.52, 0.52, 0.52]
		},
		"ground": {
			"rotation": [90, 0, 0],
			"translation": [1.5, 0.25, -1],
			"scale": [0.54, 0.54, 0.54]
		},
		"gui": {
			"rotation": [0, 147, 47],
			"translation": [-3, -0.5, 0],
			"scale": [0.91, 0.91, 0.91]
		},
		"head": {
			"translation": [0, 9, 0.25],
			"scale": [0.7, 0.7, 0.7]
		},
		"fixed": {
			"rotation": [-90, 0, 0],
			"translation": [0, 0.25, -3.5]
		}
	},
	"groups": [
		{
			"name": "Фигурка",
			"origin": [8, 8, 8],
			"color": 0,
			"children": [
				{
					"name": "Голова",
					"origin": [8, 8, 8],
					"color": 0,
					"children": [0, 1, 2, 3, 4, 5, 6, 7, 8]
				},
				{
					"name": "Грудь",
					"origin": [8, 8, 8],
					"color": 0,
					"children": [9, 10, 11]
				},
				{
					"name": "Правая рука",
					"origin": [8, 8, 8],
					"color": 0,
					"children": [12]
				},
				{
					"name": "Правая рука",
					"origin": [8, 8, 8],
					"color": 0,
					"children": []
				},
				{
					"name": "левая рука",
					"origin": [8, 8, 8],
					"color": 0,
					"children": [13]
				},
				{
					"name": "Левая нога",
					"origin": [8, 8, 8],
					"color": 0,
					"children": [14]
				},
				{
					"name": "Правая нога",
					"origin": [8, 8, 8],
					"color": 0,
					"children": [15]
				}
			]
		},
		{
			"name": "2",
			"origin": [8, 8, 8],
			"color": 0,
			"children": [
				{
					"name": "Голова",
					"origin": [8, 8, 8],
					"color": 0,
					"children": [16, 17, 18, 19, 20, 21, 22, 23, 24, 25]
				},
				{
					"name": "Грудь",
					"origin": [8, 8, 8],
					"color": 0,
					"children": [26, 27, 28, 29]
				},
				{
					"name": "Правая рука",
					"origin": [8, 8, 8],
					"color": 0,
					"children": []
				},
				{
					"name": "Правая рука",
					"origin": [8, 8, 8],
					"color": 0,
					"children": []
				},
				{
					"name": "левая рука",
					"origin": [8, 8, 8],
					"color": 0,
					"children": []
				},
				{
					"name": "Левая нога",
					"origin": [8, 8, 8],
					"color": 0,
					"children": []
				},
				{
					"name": "Правая нога",
					"origin": [8, 8, 8],
					"color": 0,
					"children": [30, 31, 32, 33]
				}
			]
		}
	]
}