{
	"credit": "Made KotVoltaz2",
	"textures": {
		"1": "crossbow_pulling_2",
		"3": "mobs_/pillager",
		"particle": "crossbow_pulling_2"
	},
	"elements": [
		{
			"from": [3, 14, 6],
			"to": [12, 24, 15],
			"faces": {
				"north": {"uv": [2, 10, 4, 12.5], "texture": "#3"},
				"east": {"uv": [0, 10, 2, 12.5], "texture": "#3"},
				"south": {"uv": [6, 10, 8, 12.5], "texture": "#3"},
				"west": {"uv": [4, 10, 6, 12.5], "texture": "#3"},
				"up": {"uv": [2, 8, 3.99928, 9.99927], "rotation": 180, "texture": "#3"},
				"down": {"uv": [4, 8, 5.99928, 9.99927], "texture": "#3"}
			}
		},
		{
			"from": [6.4, 13.1, 3.9],
			"to": [8.6, 17.1, 6],
			"faces": {
				"north": {"uv": [7, 0.5, 7.5, 1.5], "texture": "#3"},
				"east": {"uv": [7, 0.5, 7.5, 1.5], "texture": "#3"},
				"south": {"uv": [6, 8.5, 6.5, 9.5], "texture": "#3"},
				"west": {"uv": [7, 0.5, 7.5, 1.5], "texture": "#3"},
				"up": {"uv": [7, 0.5, 7.5, 1.5], "texture": "#3"},
				"down": {"uv": [7, 0.5, 7.5, 1.5], "texture": "#3"}
			}
		},
		{
			"from": [2.6, 13.8, 5.7],
			"to": [12.2, 24.8, 15.2],
			"faces": {
				"north": {"uv": [2, 2, 4, 4.5], "texture": "#3"},
				"east": {"uv": [4, 2, 6, 4.5], "texture": "#3"},
				"south": {"uv": [6, 2, 8, 4.5], "texture": "#3"},
				"west": {"uv": [0, 2, 2, 4.5], "texture": "#3"},
				"up": {"uv": [2, 0, 3.99851, 1.99851], "rotation": 180, "texture": "#3"},
				"down": {"uv": [4, 0, 6, 2], "texture": "#3"}
			}
		},
		{
			"from": [5, 7, 9],
			"to": [9.9, 14, 11.9],
			"faces": {
				"north": {"uv": [5, 5, 6.89943, 7.9993], "texture": "#3"},
				"east": {"uv": [7.5, 6.5, 9, 9.5], "texture": "#missing"},
				"south": {"uv": [7.25, 6.5, 9.14942, 9.4993], "texture": "#missing"},
				"west": {"uv": [4, 6.5, 5.5, 9.5], "texture": "#missing"},
				"up": {"uv": [5.5, 5, 7.5, 6.5], "texture": "#missing"},
				"down": {"uv": [7.25, 5, 10, 6.5], "texture": "#missing"}
			}
		},
		{
			"from": [4.7, 6.8, 8.7],
			"to": [10.2, 14.2, 12.2],
			"faces": {
				"north": {"uv": [1.5, 12, 3.39943, 14.99929], "texture": "#3"},
				"east": {"uv": [0, 12, 1.5, 15], "texture": "#3"},
				"south": {"uv": [5, 12, 6.89943, 14.99929], "texture": "#3"},
				"west": {"uv": [3.5, 12, 5, 15], "texture": "#3"},
				"up": {"uv": [5.5, 5, 7.5, 6.5], "texture": "#missing"},
				"down": {"uv": [7.5, 5, 9.5, 6.5], "texture": "#3"}
			}
		},
		{
			"from": [4.8, 6.8, 8.8],
			"to": [10.1, 14.2, 12.1],
			"faces": {
				"north": {"uv": [5.5, 6.5, 7.39943, 9.49929], "texture": "#3"},
				"east": {"uv": [4, 6.5, 5.5, 9.5], "texture": "#3"},
				"south": {"uv": [7.5, 6.5, 9.5, 9.5], "texture": "#3"},
				"west": {"uv": [7.5, 6.5, 9, 9.5], "texture": "#3"},
				"up": {"uv": [1.5, 9.5, 3.5, 10.75], "texture": "#missing"},
				"down": {"uv": [7.5, 5, 9.5, 6.5], "texture": "#3"}
			}
		},
		{
			"from": [9.95, 10.7, 5.2],
			"to": [12.4, 13.2, 12.1],
			"rotation": {"angle": 0, "axis": "x", "origin": [11, 10.5, 10.5]},
			"faces": {
				"north": {"uv": [12, 11.5, 13, 12.5], "rotation": 90, "texture": "#3"},
				"east": {"uv": [10, 12.5, 11, 15.5], "rotation": 270, "texture": "#3"},
				"south": {"uv": [12, 11.5, 11, 12.5], "texture": "#3"},
				"west": {"uv": [12, 12.5, 13, 15.5], "rotation": 90, "texture": "#3"},
				"up": {"uv": [11, 12.5, 12, 15.5], "rotation": 180, "texture": "#3"},
				"down": {"uv": [12, 12.5, 11, 15.5], "texture": "#3"}
			}
		},
		{
			"from": [5.975, 13.30773, -0.18458],
			"to": [12.875, 13.30773, 6.76542],
			"rotation": {"angle": 45, "axis": "y", "origin": [9.425, 9.60773, 1.29042]},
			"faces": {
				"north": {"uv": [10, 12.5, 11, 15.5], "rotation": 270, "texture": "#3"},
				"east": {"uv": [12, 11.5, 11, 12.5], "texture": "#3"},
				"south": {"uv": [12, 12.5, 13, 15.5], "rotation": 90, "texture": "#3"},
				"west": {"uv": [12, 11.5, 13, 12.5], "rotation": 90, "texture": "#3"},
				"up": {"uv": [0, 0, 16, 16], "rotation": 90, "texture": "#1"},
				"down": {"uv": [16, 0, 0, 16], "rotation": 90, "texture": "#1"}
			}
		},
		{
			"from": [3.05, 10.38166, 1.98593],
			"to": [5.5, 12.88166, 8.88593],
			"rotation": {"angle": -45, "axis": "y", "origin": [3.675, 11.13166, 8.23593]},
			"faces": {
				"north": {"uv": [13, 11.5, 12, 12.5], "rotation": 270, "texture": "#3"},
				"east": {"uv": [12, 12.5, 13, 15.5], "rotation": 270, "texture": "#3"},
				"south": {"uv": [11, 11.5, 12, 12.5], "texture": "#3"},
				"west": {"uv": [10, 12.5, 11, 15.5], "rotation": 90, "texture": "#3"},
				"up": {"uv": [13, 12.5, 14, 15.5], "rotation": 180, "texture": "#3"},
				"down": {"uv": [14, 12.5, 13, 15.5], "texture": "#3"}
			}
		},
		{
			"from": [4.85, 4.3, 4.05],
			"to": [7.3, 6.8, 11.05],
			"rotation": {"angle": 22.5, "axis": "y", "origin": [6, 3.5, 10.5]},
			"faces": {
				"north": {"uv": [2, 5.5, 3, 6.5], "rotation": 180, "texture": "#3"},
				"east": {"uv": [3, 6.5, 2, 9.5], "rotation": 270, "texture": "#3"},
				"south": {"uv": [1, 5.5, 2, 6.5], "texture": "#3"},
				"west": {"uv": [1, 6.5, 0, 9.5], "rotation": 90, "texture": "#3"},
				"up": {"uv": [1, 6.5, 2, 9.5], "rotation": 180, "texture": "#3"},
				"down": {"uv": [4, 6.5, 3, 9.5], "texture": "#3"}
			}
		},
		{
			"from": [7.35, 4.3, 4.05],
			"to": [9.8, 6.8, 11.05],
			"rotation": {"angle": -22.5, "axis": "y", "origin": [8.5, 3.5, 10.5]},
			"faces": {
				"north": {"uv": [2, 5.5, 3, 6.5], "rotation": 180, "texture": "#3"},
				"east": {"uv": [0, 6.5, 1, 9.499], "rotation": 270, "texture": "#3"},
				"south": {"uv": [1, 5.5, 2, 6.5], "texture": "#3"},
				"west": {"uv": [2, 6.5, 3, 9.5], "rotation": 90, "texture": "#3"},
				"up": {"uv": [2, 6.5, 1, 9.5], "rotation": 180, "texture": "#3"},
				"down": {"uv": [3, 6.5, 4, 9.5], "texture": "#3"}
			}
		}
	],
	"display": {
		"thirdperson_righthand": {
			"translation": [0, 0.25, 0],
			"scale": [0.52, 0.52, 0.52]
		},
		"thirdperson_lefthand": {
			"translation": [0, 0.25, 0],
			"scale": [0.52, 0.52, 0.52]
		},
		"firstperson_righthand": {
			"rotation": [0, 104, 0],
			"translation": [0, 0.25, 0],
			"scale": [0.52, 0.52, 0.52]
		},
		"firstperson_lefthand": {
			"rotation": [0, 104, 0],
			"translation": [0, 0.25, 0],
			"scale": [0.52, 0.52, 0.52]
		},
		"ground": {
			"rotation": [90, 0, 0],
			"translation": [1.5, 2.25, -1],
			"scale": [0.54, 0.54, 0.54]
		},
		"gui": {
			"rotation": [0, 147, 47],
			"translation": [-3, -0.5, 0],
			"scale": [0.91, 0.91, 0.91]
		},
		"head": {
			"translation": [0, 9, 0.25],
			"scale": [0.7, 0.7, 0.7]
		},
		"fixed": {
			"rotation": [-90, 0, 0],
			"translation": [0, 0.25, -3.5]
		}
	},
	"groups": [
		{
			"name": "Фигурка",
			"origin": [8, 8, 8],
			"color": 0,
			"children": [
				{
					"name": "Голова",
					"origin": [8, 8, 8],
					"color": 0,
					"children": [0, 1, 2]
				},
				{
					"name": "Грудь",
					"origin": [8, 8, 8],
					"color": 0,
					"children": [3, 4, 5]
				},
				{
					"name": "Правая рука",
					"origin": [8, 8, 8],
					"color": 0,
					"children": [6, 7]
				},
				{
					"name": "Правая рука",
					"origin": [8, 8, 8],
					"color": 0,
					"children": []
				},
				{
					"name": "левая рука",
					"origin": [8, 8, 8],
					"color": 0,
					"children": [8]
				},
				{
					"name": "Левая нога",
					"origin": [8, 8, 8],
					"color": 0,
					"children": [9]
				},
				{
					"name": "Правая нога",
					"origin": [8, 8, 8],
					"color": 0,
					"children": [10]
				}
			]
		}
	]
}