{
	"credit": "Made KotVoltaz2",
	"textures": {
		"1": "mobs_/zombified_piglin",
		"2": "golden_sword",
		"particle": "golden_sword"
	},
	"elements": [
		{
			"from": [2.7, 13.6, 6],
			"to": [12.6, 22.6, 15],
			"rotation": {"angle": 0, "axis": "y", "origin": [0, -0.4, 0]},
			"faces": {
				"north": {"uv": [2, 2, 4.5, 4], "texture": "#1"},
				"east": {"uv": [0, 1.99927, 1.99927, 3.99855], "texture": "#1"},
				"south": {"uv": [6.5, 2, 9, 4], "texture": "#1"},
				"west": {"uv": [4.5, 2, 7, 4], "texture": "#1"},
				"up": {"uv": [2, 0, 4.5, 2], "rotation": 180, "texture": "#1"},
				"down": {"uv": [4.5, 0, 7, 2], "texture": "#1"}
			}
		},
		{
			"from": [4.7, 13.6, 5],
			"to": [10.6, 18.1, 6],
			"rotation": {"angle": 0, "axis": "y", "origin": [0, -0.4, 0]},
			"faces": {
				"north": {"uv": [8, 0.5, 9, 1.5], "texture": "#1"},
				"east": {"uv": [7.75, 0.5, 8, 1.5], "texture": "#1"},
				"south": {"uv": [6.5, 2, 9, 4], "texture": "#1"},
				"west": {"uv": [9, 0.5, 9.25, 1.5], "texture": "#1"},
				"up": {"uv": [8, 0.25, 9, 0.5], "texture": "#1"},
				"down": {"uv": [9, 0.25, 10, 0.5], "texture": "#1"}
			}
		},
		{
			"from": [1.25722, 16.09102, 7.75],
			"to": [2.25722, 21.69102, 13.25],
			"rotation": {"angle": -22.5, "axis": "z", "origin": [-1.34278, 17.39102, 10.7]},
			"faces": {
				"north": {"uv": [12.75, 2.5, 13, 3.75], "texture": "#1"},
				"east": {"uv": [14.25, 2.5, 15.25, 3.75], "texture": "#1"},
				"south": {"uv": [14, 2.5, 14.25, 3.75], "texture": "#1"},
				"west": {"uv": [13.75, 2.5, 12.75, 3.75], "texture": "#1"},
				"up": {"uv": [11, 2.5, 11.25, 3.75], "texture": "#1"},
				"down": {"uv": [12.75, 2.5, 13, 3.75], "texture": "#1"}
			}
		},
		{
			"from": [10.6, 13.6, 5],
			"to": [11.6, 15.9, 6],
			"rotation": {"angle": 0, "axis": "y", "origin": [0, -0.4, 0]},
			"faces": {
				"north": {"uv": [0.5, 1.25, 0.75, 1.75], "texture": "#1"},
				"east": {"uv": [0.5, 1.25, 0.75, 1.75], "texture": "#1"},
				"south": {"uv": [0.5, 1.25, 0.75, 1.75], "texture": "#1"},
				"west": {"uv": [0.5, 1.25, 0.75, 1.75], "texture": "#1"},
				"up": {"uv": [0.5, 1.25, 0.75, 1.5], "texture": "#1"},
				"down": {"uv": [0.5, 1.5, 0.75, 1.75], "texture": "#1"}
			}
		},
		{
			"from": [3.7, 13.6, 5],
			"to": [4.7, 15.9, 6],
			"rotation": {"angle": 0, "axis": "y", "origin": [0, -0.4, 0]},
			"faces": {
				"north": {"uv": [0.5, 1.25, 0.75, 1.75], "texture": "#1"},
				"east": {"uv": [0.5, 1.25, 0.75, 1.75], "texture": "#1"},
				"south": {"uv": [0.5, 1.25, 0.75, 1.75], "texture": "#1"},
				"west": {"uv": [0.5, 1.25, 0.75, 1.75], "texture": "#1"},
				"up": {"uv": [0.5, 1.25, 0.75, 1.5], "texture": "#1"},
				"down": {"uv": [0.5, 1.5, 0.75, 1.75], "texture": "#1"}
			}
		},
		{
			"from": [5, 6.7, 9.2],
			"to": [9.9, 13.7, 11.7],
			"faces": {
				"north": {"uv": [4.99933, 4.99933, 6.89876, 7.99863], "texture": "#1"},
				"east": {"uv": [3.99931, 4.99933, 4.99857, 7.99863], "texture": "#1"},
				"south": {"uv": [7.99939, 4.99933, 9.89881, 7.99863], "texture": "#1"},
				"west": {"uv": [6.99937, 4.99933, 7.99863, 7.99863], "texture": "#1"},
				"up": {"uv": [4.99933, 3.99931, 6.89876, 4.99857], "texture": "#1"},
				"down": {"uv": [6.99937, 3.99931, 8.89879, 4.99857], "texture": "#1"}
			}
		},
		{
			"from": [4.8, 6.5, 9],
			"to": [10.1, 13.9, 11.9],
			"faces": {
				"north": {"uv": [4.99933, 8.99941, 6.89876, 11.9987], "texture": "#1"},
				"east": {"uv": [3.99931, 8.99941, 4.99857, 11.9987], "texture": "#1"},
				"south": {"uv": [7.99984, 8.99982, 9.89915, 11.99904], "texture": "#1"},
				"west": {"uv": [6.99937, 8.99941, 7.99863, 11.9987], "texture": "#1"},
				"up": {"uv": [5, 8, 6.899, 9], "texture": "#1"},
				"down": {"uv": [7, 4, 8.899, 5], "texture": "#1"}
			}
		},
		{
			"from": [10.1, 7.2, 9],
			"to": [13.1, 14.6, 11.8],
			"rotation": {"angle": 22.5, "axis": "z", "origin": [11, 10.5, 10.5]},
			"faces": {
				"north": {"uv": [11, 9, 12, 12], "texture": "#1"},
				"east": {"uv": [14, 13, 15, 16], "texture": "#1"},
				"south": {"uv": [13, 9, 14, 12], "texture": "#1"},
				"west": {"uv": [12, 13, 13, 16], "texture": "#1"},
				"up": {"uv": [13, 12, 14, 13], "rotation": 270, "texture": "#1"},
				"down": {"uv": [14, 12, 15, 13], "rotation": 90, "texture": "#1"}
			}
		},
		{
			"from": [12.60719, 5.2111, 2.95],
			"to": [12.60719, 11.8111, 8.95],
			"rotation": {"angle": -45, "axis": "x", "origin": [11.20719, 10.2611, 6.55]},
			"faces": {
				"north": {"uv": [0, 0, 16, 16], "rotation": 270, "texture": "#2"},
				"east": {"uv": [0, 0, 16, 16], "texture": "#2"},
				"south": {"uv": [0, 0, 16, 16], "rotation": 90, "texture": "#2"},
				"west": {"uv": [0, 16, 16, 0], "rotation": 180, "texture": "#2"},
				"up": {"uv": [0, 0, 16, 16], "rotation": 270, "texture": "#2"},
				"down": {"uv": [0, 0, 16, 16], "rotation": 90, "texture": "#2"}
			}
		},
		{
			"from": [10.55, 7.4, 9.3],
			"to": [13, 14.4, 11.6],
			"rotation": {"angle": 22.5, "axis": "z", "origin": [11, 10.5, 10.5]},
			"faces": {
				"north": {"uv": [11, 5, 12, 8], "texture": "#1"},
				"east": {"uv": [12, 5, 13, 7.999], "texture": "#1"},
				"south": {"uv": [13, 5, 14, 8], "texture": "#1"},
				"west": {"uv": [10, 5, 11, 7.999], "texture": "#1"},
				"up": {"uv": [9, 12, 10, 13], "texture": "#1"},
				"down": {"uv": [10, 12, 11, 13], "texture": "#1"}
			}
		},
		{
			"from": [5.35, 4.225, 3.95],
			"to": [7.5, 7, 11.35],
			"rotation": {"angle": 22.5, "axis": "y", "origin": [6, 3.5, 10.5]},
			"faces": {
				"north": {"uv": [2, 8, 3, 9], "rotation": 180, "texture": "#1"},
				"east": {"uv": [2, 9, 3, 12], "rotation": 270, "texture": "#1"},
				"south": {"uv": [1, 8, 2, 9], "texture": "#1"},
				"west": {"uv": [2, 13, 3, 16], "rotation": 90, "texture": "#1"},
				"up": {"uv": [1.75, 9, 2.75, 12], "rotation": 180, "texture": "#1"},
				"down": {"uv": [2.75, 13, 3.75, 16], "texture": "#1"}
			}
		},
		{
			"from": [5.05, 4.2, 4.15],
			"to": [7.4, 6.8, 11.15],
			"rotation": {"angle": 22.5, "axis": "y", "origin": [6, 3.5, 10.5]},
			"faces": {
				"north": {"uv": [2, 4, 3, 5], "rotation": 180, "texture": "#1"},
				"east": {"uv": [2, 5, 3, 8], "rotation": 270, "texture": "#1"},
				"south": {"uv": [1, 4, 2, 5], "texture": "#1"},
				"west": {"uv": [0, 5, 1, 8], "rotation": 90, "texture": "#1"},
				"up": {"uv": [1, 5, 2, 8], "rotation": 180, "texture": "#1"},
				"down": {"uv": [7, 13, 8, 16], "texture": "#1"}
			}
		},
		{
			"from": [7.3, 4.175, 3.85],
			"to": [10, 7, 11.25],
			"rotation": {"angle": -22.5, "axis": "y", "origin": [8.5, 3.5, 10.5]},
			"faces": {
				"north": {"uv": [2, 12, 3, 13], "rotation": 180, "texture": "#1"},
				"east": {"uv": [0, 9, 1, 12], "rotation": 270, "texture": "#1"},
				"south": {"uv": [1, 12, 2, 13], "texture": "#1"},
				"west": {"uv": [0, 13, 1, 16], "rotation": 90, "texture": "#1"},
				"up": {"uv": [0.25, 13, 1.25, 16], "rotation": 180, "texture": "#1"},
				"down": {"uv": [3, 9, 4, 12], "texture": "#1"}
			}
		},
		{
			"from": [7.45, 4.3, 4.05],
			"to": [9.9, 6.8, 11.05],
			"rotation": {"angle": -22.5, "axis": "y", "origin": [8.5, 3.5, 10.5]},
			"faces": {
				"north": {"uv": [5.999, 12, 6.999, 13], "rotation": 180, "texture": "#1"},
				"east": {"uv": [5.999, 13, 6.999, 15.999], "rotation": 270, "texture": "#1"},
				"south": {"uv": [5, 12, 6, 13], "texture": "#1"},
				"west": {"uv": [4, 13, 5, 15.999], "rotation": 90, "texture": "#1"},
				"up": {"uv": [5, 13, 6, 16], "rotation": 180, "texture": "#1"},
				"down": {"uv": [8, 13, 7, 16], "texture": "#1"}
			}
		},
		{
			"from": [1.61722, 7.21617, 9],
			"to": [4.61722, 14.61617, 11.8],
			"rotation": {"angle": -22.5, "axis": "z", "origin": [3.20472, 10.91617, 10.425]},
			"faces": {
				"north": {"uv": [13.25, 13, 14.25, 16], "texture": "#1"},
				"east": {"uv": [12, 9.5, 13, 12.5], "texture": "#1"},
				"south": {"uv": [14, 9, 13, 12], "texture": "#1"},
				"west": {"uv": [14, 13, 15, 16], "texture": "#1"},
				"up": {"uv": [13, 12, 14, 13], "rotation": 270, "texture": "#1"},
				"down": {"uv": [14, 12, 15, 13], "rotation": 90, "texture": "#1"}
			}
		},
		{
			"from": [2.06722, 7.41617, 9.3],
			"to": [4.51722, 14.41617, 11.6],
			"rotation": {"angle": -22.5, "axis": "z", "origin": [3.20472, 10.91617, 10.425]},
			"faces": {
				"north": {"uv": [9, 13, 10, 16], "texture": "#1"},
				"east": {"uv": [8.25, 13, 9.25, 16], "texture": "#1"},
				"south": {"uv": [10.75, 13, 12, 16], "texture": "#1"},
				"west": {"uv": [10, 13, 11, 16], "texture": "#1"},
				"up": {"uv": [9, 12, 10, 13], "texture": "#1"},
				"down": {"uv": [11, 12, 10, 13], "texture": "#1"}
			}
		}
	],
	"display": {
		"thirdperson_righthand": {
			"translation": [0, 1.5, 0],
			"scale": [0.52, 0.52, 0.52]
		},
		"thirdperson_lefthand": {
			"translation": [0, 1.5, 0],
			"scale": [0.52, 0.52, 0.52]
		},
		"firstperson_righthand": {
			"rotation": [0, 104, 0],
			"translation": [0, 0.25, 0],
			"scale": [0.52, 0.52, 0.52]
		},
		"firstperson_lefthand": {
			"rotation": [0, 104, 0],
			"translation": [0, 0.25, 0],
			"scale": [0.52, 0.52, 0.52]
		},
		"ground": {
			"rotation": [90, 0, 0],
			"translation": [0, 2.25, -2],
			"scale": [0.54, 0.54, 0.54]
		},
		"gui": {
			"rotation": [0, 147, 47],
			"translation": [-3, -2, 0],
			"scale": [0.91, 0.91, 0.91]
		},
		"head": {
			"translation": [0.5, 9, -0.75],
			"scale": [0.7, 0.7, 0.7]
		},
		"fixed": {
			"rotation": [-90, 0, 0],
			"translation": [0.75, -1, -3.5]
		}
	},
	"groups": [
		{
			"name": "Фигурка",
			"origin": [8, 8, 8],
			"color": 0,
			"children": [
				{
					"name": "Голова",
					"origin": [8, 8, 8],
					"color": 0,
					"children": [0, 1, 2, 3, 4]
				},
				{
					"name": "Грудь",
					"origin": [8, 8, 8],
					"color": 0,
					"children": [5, 6]
				},
				{
					"name": "Правая рука",
					"origin": [8, 8, 8],
					"color": 0,
					"children": [7, 8, 9]
				},
				{
					"name": "Левая нога",
					"origin": [8, 8, 8],
					"color": 0,
					"children": [10, 11]
				},
				{
					"name": "Правая нога",
					"origin": [8, 8, 8],
					"color": 0,
					"children": [12, 13]
				},
				{
					"name": "Левая рука",
					"origin": [8, 8, 8],
					"color": 0,
					"children": [14, 15]
				}
			]
		}
	]
}