{
	"texture_size": [32, 32],
	"textures": {
		"0": "block/texture",
		"particle": "block/texture"
	},
	"elements": [
		{
			"from": [2, 1, 2],
			"to": [14, 16, 14],
			"rotation": {"angle": 0, "axis": "y", "origin": [13, 0, 2]},
			"faces": {
				"north": {"uv": [0, 0, 6, 7.5], "texture": "#0"},
				"east": {"uv": [6, 0, 12, 7.5], "texture": "#0"},
				"south": {"uv": [6, 0, 12, 7.5], "texture": "#0"},
				"west": {"uv": [6, 0, 12, 7.5], "texture": "#0"},
				"up": {"uv": [6, 13.5, 0, 7.5], "texture": "#0"},
				"down": {"uv": [6, 7.5, 0, 13.5], "texture": "#0"}
			}
		},
		{
			"from": [2.5, 4, 1.75],
			"to": [5.5, 5, 2],
			"rotation": {"angle": 0, "axis": "y", "origin": [0, 4, 1]},
			"faces": {
				"north": {"uv": [6, 7.5, 7.5, 8], "texture": "#0"},
				"east": {"uv": [6, 7.5, 6.5, 8], "texture": "#0"},
				"south": {"uv": [14, 14.5, 15.5, 15], "texture": "#0"},
				"west": {"uv": [6, 7.5, 6.5, 8], "texture": "#0"},
				"up": {"uv": [7.5, 8, 6, 7.5], "texture": "#0"},
				"down": {"uv": [7.5, 7.5, 6, 8], "texture": "#0"}
			}
		},
		{
			"from": [2.5, 12, 1.75],
			"to": [5.5, 13, 2],
			"rotation": {"angle": 0, "axis": "y", "origin": [0, 12, 1]},
			"faces": {
				"north": {"uv": [6, 7.5, 7.5, 8], "texture": "#0"},
				"east": {"uv": [6, 7.5, 6.5, 8], "texture": "#0"},
				"south": {"uv": [4.5, 15, 6, 15.5], "texture": "#0"},
				"west": {"uv": [6, 7.5, 6.5, 8], "texture": "#0"},
				"up": {"uv": [7.5, 8, 6, 7.5], "texture": "#0"},
				"down": {"uv": [7.5, 7.5, 6, 8], "texture": "#0"}
			}
		},
		{
			"from": [3, 0, 3],
			"to": [5, 1, 5],
			"rotation": {"angle": 0, "axis": "y", "origin": [3, 0, 3]},
			"faces": {
				"north": {"uv": [6, 8, 7, 8.5], "texture": "#0"},
				"east": {"uv": [6, 8.5, 7, 9], "texture": "#0"},
				"south": {"uv": [6, 8.5, 7, 9], "texture": "#0"},
				"west": {"uv": [6, 8.5, 7, 9], "texture": "#0"},
				"up": {"uv": [13, 13, 12, 12], "texture": "#0"},
				"down": {"uv": [7, 8, 6, 9], "texture": "#0"}
			}
		},
		{
			"from": [3, 0, 11],
			"to": [5, 1, 13],
			"rotation": {"angle": 0, "axis": "y", "origin": [3, 0, 11]},
			"faces": {
				"north": {"uv": [6, 8, 7, 8.5], "texture": "#0"},
				"east": {"uv": [6, 8.5, 7, 9], "texture": "#0"},
				"south": {"uv": [6, 8.5, 7, 9], "texture": "#0"},
				"west": {"uv": [6, 8.5, 7, 9], "texture": "#0"},
				"up": {"uv": [14, 13, 13, 12], "texture": "#0"},
				"down": {"uv": [7, 8, 6, 9], "texture": "#0"}
			}
		},
		{
			"from": [11, 0, 3],
			"to": [13, 1, 5],
			"rotation": {"angle": 0, "axis": "y", "origin": [11, 0, 3]},
			"faces": {
				"north": {"uv": [6, 8, 7, 8.5], "texture": "#0"},
				"east": {"uv": [6, 8.5, 7, 9], "texture": "#0"},
				"south": {"uv": [6, 8.5, 7, 9], "texture": "#0"},
				"west": {"uv": [6, 8.5, 7, 9], "texture": "#0"},
				"up": {"uv": [13, 15, 12, 14], "texture": "#0"},
				"down": {"uv": [7, 8, 6, 9], "texture": "#0"}
			}
		},
		{
			"from": [11, 0, 11],
			"to": [13, 1, 13],
			"rotation": {"angle": 0, "axis": "y", "origin": [11, 0, 11]},
			"faces": {
				"north": {"uv": [6, 8, 7, 8.5], "texture": "#0"},
				"east": {"uv": [6, 8.5, 7, 9], "texture": "#0"},
				"south": {"uv": [6, 8.5, 7, 9], "texture": "#0"},
				"west": {"uv": [6, 8.5, 7, 9], "texture": "#0"},
				"up": {"uv": [14, 15, 13, 14], "texture": "#0"},
				"down": {"uv": [7, 8, 6, 9], "texture": "#0"}
			}
		}
	],
	"display": {
		"thirdperson_righthand": {
			"scale": [0.3, 0.3, 0.3]
		},
		"thirdperson_lefthand": {
			"scale": [0.3, 0.3, 0.3]
		},
		"firstperson_righthand": {
			"scale": [0.5, 0.5, 0.5]
		},
		"firstperson_lefthand": {
			"scale": [0.5, 0.5, 0.5]
		},
		"ground": {
			"translation": [0, 1.5, 0],
			"scale": [0.35, 0.35, 0.35]
		},
		"gui": {
			"rotation": [20, 160, 0],
			"translation": [0, -1.25, 0],
			"scale": [0.6, 0.6, 0.6]
		},
		"head": {
			"scale": [1.21, 1.21, 1.21]
		},
		"fixed": {
			"rotation": [-90, 0, 0],
			"translation": [0, 0, -16],
			"scale": [2, 2, 2]
		}
	}
}