{
	"credit": "Made with Blockbench",
	"texture_size": [64, 32],
	"textures": {
		"0": "./cow",
		"particle": "./cow"
	},
	"elements": [
		{
			"name": "rotation",
			"from": [2.5, 0, -1],
			"to": [14.5, 10, 17],
			"rotation": {"angle": 0, "axis": "x", "origin": [0, 17, -2.75]},
			"faces": {
				"north": {"uv": [10, 7, 7, 2], "rotation": 180, "texture": "#0"},
				"east": {"uv": [4.5, 7, 7, 16], "rotation": 90, "texture": "#0"},
				"south": {"uv": [13, 2, 10, 7], "texture": "#0"},
				"west": {"uv": [10, 7, 12.5, 16], "rotation": 270, "texture": "#0"},
				"up": {"uv": [12.5, 7, 15.5, 16], "texture": "#0"},
				"down": {"uv": [7, 7, 10, 16], "rotation": 180, "texture": "#0"}
			}
		},
		{
			"name": "rotation",
			"from": [6.5, -1, 11],
			"to": [10.5, 0, 17],
			"rotation": {"angle": 0, "axis": "x", "origin": [0, 17, -2.75]},
			"faces": {
				"north": {"uv": [14.25, 0.5, 13.25, 0], "rotation": 180, "texture": "#0"},
				"east": {"uv": [13, 0.5, 13.25, 3.5], "rotation": 90, "texture": "#0"},
				"south": {"uv": [15.25, 0, 14.25, 0.5], "texture": "#0"},
				"west": {"uv": [14.25, 0.5, 14.5, 3.5], "rotation": 270, "texture": "#0"},
				"up": {"uv": [14.5, 0.5, 15.5, 3.5], "texture": "#0"},
				"down": {"uv": [13.25, 0.5, 14.25, 3.5], "rotation": 180, "texture": "#0"}
			}
		},
		{
			"name": "head",
			"from": [4.5, 4, -7],
			"to": [12.5, 12, -1],
			"faces": {
				"north": {"uv": [1.5, 3, 3.5, 7], "texture": "#0"},
				"east": {"uv": [0, 3, 1.5, 7], "texture": "#0"},
				"south": {"uv": [5, 3, 7, 7], "texture": "#0"},
				"west": {"uv": [3.5, 3, 5, 7], "texture": "#0"},
				"up": {"uv": [3.5, 3, 1.5, 0], "texture": "#0"},
				"down": {"uv": [5.5, 0, 3.5, 3], "texture": "#0"}
			}
		},
		{
			"name": "head",
			"from": [3.5, 10, -5],
			"to": [4.5, 13, -4],
			"faces": {
				"north": {"uv": [5.75, 0.5, 6, 2], "texture": "#0"},
				"east": {"uv": [5.5, 0.5, 5.75, 2], "texture": "#0"},
				"south": {"uv": [6.25, 0.5, 6.5, 2], "texture": "#0"},
				"west": {"uv": [6, 0.5, 6.25, 2], "texture": "#0"},
				"up": {"uv": [6, 0.5, 5.75, 0], "texture": "#0"},
				"down": {"uv": [6.25, 0, 6, 0.5], "texture": "#0"}
			}
		},
		{
			"name": "head",
			"from": [12.5, 10, -5],
			"to": [13.5, 13, -4],
			"faces": {
				"north": {"uv": [5.75, 0.5, 6, 2], "texture": "#0"},
				"east": {"uv": [5.5, 0.5, 5.75, 2], "texture": "#0"},
				"south": {"uv": [6.25, 0.5, 6.5, 2], "texture": "#0"},
				"west": {"uv": [6, 0.5, 6.25, 2], "texture": "#0"},
				"up": {"uv": [6, 0.5, 5.75, 0], "texture": "#0"},
				"down": {"uv": [6.25, 0, 6, 0.5], "texture": "#0"}
			}
		},
		{
			"name": "leg1",
			"from": [13.7, 0, 12],
			"to": [25.7, 4, 16],
			"rotation": {"angle": -22.5, "axis": "y", "origin": [13.7, 2, 14]},
			"faces": {
				"north": {"uv": [1, 10, 2, 16], "rotation": 90, "texture": "#0"},
				"east": {"uv": [3, 8, 2, 10], "rotation": 270, "texture": "#0"},
				"south": {"uv": [3, 10, 4, 16], "rotation": 270, "texture": "#0"},
				"west": {"uv": [2, 10, 1, 8], "rotation": 270, "texture": "#0"},
				"up": {"uv": [0, 10, 1, 16], "rotation": 270, "texture": "#0"},
				"down": {"uv": [2, 10, 3, 16], "rotation": 270, "texture": "#0"}
			}
		},
		{
			"name": "leg2",
			"from": [-8.7, 0, 12],
			"to": [3.3, 4, 16],
			"rotation": {"angle": 22.5, "axis": "y", "origin": [3.3, 2, 14]},
			"faces": {
				"north": {"uv": [1, 10, 2, 16], "rotation": 270, "texture": "#0"},
				"east": {"uv": [2, 10, 1, 8], "rotation": 90, "texture": "#0"},
				"south": {"uv": [3, 10, 4, 16], "rotation": 90, "texture": "#0"},
				"west": {"uv": [3, 8, 2, 10], "rotation": 90, "texture": "#0"},
				"up": {"uv": [2, 10, 3, 16], "rotation": 90, "texture": "#0"},
				"down": {"uv": [0, 10, 1, 16], "rotation": 90, "texture": "#0"}
			}
		},
		{
			"name": "leg3",
			"from": [13.7, 0, 0],
			"to": [25.7, 4, 4],
			"rotation": {"angle": 22.5, "axis": "y", "origin": [13.7, 2, 2]},
			"faces": {
				"north": {"uv": [1, 10, 2, 16], "rotation": 90, "texture": "#0"},
				"east": {"uv": [3, 8, 2, 10], "rotation": 270, "texture": "#0"},
				"south": {"uv": [3, 10, 4, 16], "rotation": 270, "texture": "#0"},
				"west": {"uv": [2, 10, 1, 8], "rotation": 270, "texture": "#0"},
				"up": {"uv": [0, 10, 1, 16], "rotation": 270, "texture": "#0"},
				"down": {"uv": [2, 10, 3, 16], "rotation": 270, "texture": "#0"}
			}
		},
		{
			"name": "leg4",
			"from": [-8.7, 0, 0],
			"to": [3.3, 4, 4],
			"rotation": {"angle": -22.5, "axis": "y", "origin": [3.3, 2, 2]},
			"faces": {
				"north": {"uv": [1, 10, 2, 16], "rotation": 270, "texture": "#0"},
				"east": {"uv": [2, 10, 1, 8], "rotation": 90, "texture": "#0"},
				"south": {"uv": [3, 10, 4, 16], "rotation": 90, "texture": "#0"},
				"west": {"uv": [3, 8, 2, 10], "rotation": 90, "texture": "#0"},
				"up": {"uv": [2, 10, 3, 16], "rotation": 90, "texture": "#0"},
				"down": {"uv": [0, 10, 1, 16], "rotation": 90, "texture": "#0"}
			}
		}
	],
	"display": {
		"thirdperson_righthand": {
			"rotation": [70, 45, 0],
			"translation": [-0.25, 0.75, 1.75],
			"scale": [0.2, 0.2, 0.2]
		},
		"thirdperson_lefthand": {
			"rotation": [75, 45, 0],
			"translation": [0, 2.5, 0],
			"scale": [0.375, 0.375, 0.375]
		},
		"firstperson_righthand": {
			"rotation": [0, 45, 0],
			"translation": [0.5, 1.75, 1.25],
			"scale": [0.2, 0.2, 0.2]
		},
		"firstperson_lefthand": {
			"rotation": [0, 225, 0],
			"translation": [0, 4.5, 0],
			"scale": [0.4, 0.4, 0.4]
		},
		"ground": {
			"scale": [0.2, 0.2, 0.2]
		},
		"gui": {
			"rotation": [30, -135, 0],
			"translation": [0.25, -1.25, 0],
			"scale": [0.35, 0.35, 0.35]
		},
		"head": {
			"translation": [0, 10.4, 0],
			"scale": [0.5, 0.5, 0.5]
		},
		"fixed": {
			"rotation": [-90, 0, 0],
			"translation": [0, 0, -6.5],
			"scale": [0.8, 0.8, 0.8]
		}
	}
}