{
	"credit": "Made with Blockbench",
	"texture_size": [64, 64],
	"textures": {
		"0": "./dolphin",
		"particle": "./dolphin"
	},
	"elements": [
		{
			"name": "head",
			"from": [4, 0, -6.5],
			"to": [12, 7, -0.5],
			"faces": {
				"north": {"uv": [1.5, 1.5, 3.5, 3.25], "texture": "#0"},
				"east": {"uv": [0, 1.5, 1.5, 3.25], "texture": "#0"},
				"south": {"uv": [5, 1.5, 7, 3.25], "texture": "#0"},
				"west": {"uv": [3.5, 1.5, 5, 3.25], "texture": "#0"},
				"up": {"uv": [3.5, 1.5, 1.5, 0], "texture": "#0"},
				"down": {"uv": [5.5, 0, 3.5, 1.5], "texture": "#0"}
			}
		},
		{
			"name": "body",
			"from": [7, 0, -10.5],
			"to": [9, 2, -6.5],
			"faces": {
				"north": {"uv": [1, 4.25, 1.5, 4.75], "texture": "#0"},
				"east": {"uv": [0, 4.25, 1, 4.75], "texture": "#0"},
				"south": {"uv": [2.5, 4.25, 3, 4.75], "texture": "#0"},
				"west": {"uv": [1.5, 4.25, 2.5, 4.75], "texture": "#0"},
				"up": {"uv": [1.5, 4.25, 1, 3.25], "texture": "#0"},
				"down": {"uv": [2, 3.25, 1.5, 4.25], "texture": "#0"}
			}
		},
		{
			"name": "body",
			"from": [4, 0, -0.5],
			"to": [12, 7, 12.5],
			"faces": {
				"north": {"uv": [8.75, 3.25, 10.75, 5], "texture": "#0"},
				"east": {"uv": [5.5, 3.25, 8.75, 5], "texture": "#0"},
				"south": {"uv": [14, 3.25, 16, 5], "texture": "#0"},
				"west": {"uv": [10.75, 3.25, 14, 5], "texture": "#0"},
				"up": {"uv": [10.75, 3.25, 8.75, 0], "texture": "#0"},
				"down": {"uv": [12.75, 0, 10.75, 3.25], "texture": "#0"}
			}
		},
		{
			"name": "tail",
			"from": [6, 0, 12.5],
			"to": [10, 5, 23.5],
			"faces": {
				"north": {"uv": [2.75, 7.5, 3.75, 8.75], "texture": "#0"},
				"east": {"uv": [0, 7.5, 2.75, 8.75], "texture": "#0"},
				"south": {"uv": [6.5, 7.5, 7.5, 8.75], "texture": "#0"},
				"west": {"uv": [3.75, 7.5, 6.5, 8.75], "texture": "#0"},
				"up": {"uv": [3.75, 7.5, 2.75, 4.75], "texture": "#0"},
				"down": {"uv": [4.75, 4.75, 3.75, 7.5], "texture": "#0"}
			}
		},
		{
			"name": "right_fin",
			"from": [11.53833, 0, 5.58198],
			"to": [18.53833, 1, 9.58198],
			"rotation": {"angle": -45, "axis": "y", "origin": [18.73833, 0.5, 3.18198]},
			"faces": {
				"north": {"uv": [14.25, 5, 14, 6.75], "rotation": 270, "texture": "#0"},
				"east": {"uv": [15.75, 6.75, 16, 7.75], "rotation": 270, "texture": "#0"},
				"south": {"uv": [14, 6.75, 13.75, 5], "rotation": 270, "texture": "#0"},
				"west": {"uv": [13.75, 6.75, 14, 7.75], "rotation": 90, "texture": "#0"},
				"up": {"uv": [12, 6.75, 13.75, 7.75], "rotation": 180, "texture": "#0"},
				"down": {"uv": [14, 6.75, 15.75, 7.75], "texture": "#0"}
			}
		},
		{
			"name": "left_fin",
			"from": [-2.73223, 0, 1.76066],
			"to": [4.26777, 1, 5.76066],
			"rotation": {"angle": 45, "axis": "y", "origin": [1.76777, 0.5, 1.06066]},
			"faces": {
				"north": {"uv": [14.25, 5, 14, 6.75], "rotation": 90, "texture": "#0"},
				"east": {"uv": [13.75, 6.75, 14, 7.75], "rotation": 270, "texture": "#0"},
				"south": {"uv": [14, 6.75, 13.75, 5], "rotation": 90, "texture": "#0"},
				"west": {"uv": [15.75, 6.75, 16, 7.75], "rotation": 90, "texture": "#0"},
				"up": {"uv": [14, 6.75, 15.75, 7.75], "rotation": 180, "texture": "#0"},
				"down": {"uv": [12, 6.75, 13.75, 7.75], "texture": "#0"}
			}
		},
		{
			"name": "back_fin",
			"from": [7.5, 7, 0.5],
			"to": [8.5, 12, 4.5],
			"rotation": {"angle": 22.5, "axis": "x", "origin": [0, 0, 0]},
			"faces": {
				"north": {"uv": [14.25, 1.25, 14, 0], "rotation": 180, "texture": "#0"},
				"east": {"uv": [12.75, 1.25, 14, 2.25], "rotation": 90, "texture": "#0"},
				"south": {"uv": [14.5, 0, 14.25, 1.25], "texture": "#0"},
				"west": {"uv": [14.25, 1.25, 15.5, 2.25], "rotation": 270, "texture": "#0"},
				"up": {"uv": [15.5, 1.25, 15.75, 2.25], "texture": "#0"},
				"down": {"uv": [14, 1.25, 14.25, 2.25], "rotation": 180, "texture": "#0"}
			}
		},
		{
			"name": "tail_fin",
			"from": [3, 2, 21.5],
			"to": [13, 3, 27.5],
			"faces": {
				"north": {"uv": [6.25, 6.5, 8.75, 6.75], "texture": "#0"},
				"east": {"uv": [4.75, 6.5, 6.25, 6.75], "texture": "#0"},
				"south": {"uv": [10.25, 6.5, 12.75, 6.75], "texture": "#0"},
				"west": {"uv": [8.75, 6.5, 10.25, 6.75], "texture": "#0"},
				"up": {"uv": [8.75, 6.5, 6.25, 5], "texture": "#0"},
				"down": {"uv": [11.25, 5, 8.75, 6.5], "texture": "#0"}
			}
		}
	],
	"display": {
		"thirdperson_righthand": {
			"rotation": [75, 45, 0],
			"translation": [-0.25, 1.5, 2],
			"scale": [0.2, 0.2, 0.2]
		},
		"thirdperson_lefthand": {
			"rotation": [75, 45, 0],
			"translation": [0, 2.5, 0],
			"scale": [0.375, 0.375, 0.375]
		},
		"firstperson_righthand": {
			"rotation": [0, 45, 0],
			"translation": [-0.5, 2.5, 1.25],
			"scale": [0.2, 0.2, 0.2]
		},
		"firstperson_lefthand": {
			"rotation": [0, 225, 0],
			"translation": [0, 4.5, 0],
			"scale": [0.4, 0.4, 0.4]
		},
		"ground": {
			"translation": [0, 2.5, 0],
			"scale": [0.2, 0.2, 0.2]
		},
		"gui": {
			"rotation": [30, 225, 0],
			"translation": [0.5, 1.5, 0],
			"scale": [0.45, 0.45, 0.45]
		},
		"head": {
			"translation": [0, 11.2, -0.5],
			"scale": [0.6, 0.6, 0.6]
		},
		"fixed": {
			"rotation": [-90, 0, 0],
			"translation": [0, 0, -5],
			"scale": [0.6, 0.6, 0.6]
		}
	}
}