{
	"credit": "Made with Blockbench",
	"texture_size": [32, 32],
	"textures": {
		"0": "potionlauncher_texture",
		"particle": "potionlauncher_texture"
	},
	"elements": [
		{
			"from": [7, 3.5, 17],
			"to": [9, 6.5, 20],
			"rotation": {"angle": 0, "axis": "y", "origin": [7, 0, 18]},
			"faces": {
				"north": {"uv": [8.5, 11, 9.5, 12.5], "texture": "#0"},
				"east": {"uv": [10, 7, 11.5, 8.5], "texture": "#0"},
				"south": {"uv": [4.5, 11.5, 5.5, 13], "texture": "#0"},
				"west": {"uv": [10, 8.5, 11.5, 10], "texture": "#0"},
				"up": {"uv": [12.5, 8.5, 11.5, 7], "texture": "#0"},
				"down": {"uv": [12.5, 8.5, 11.5, 10], "texture": "#0"}
			}
		},
		{
			"from": [6.4, 3, 20],
			"to": [9.4, 8, 22],
			"rotation": {"angle": 0, "axis": "y", "origin": [6.4, -0.5, 19]},
			"faces": {
				"north": {"uv": [6, 3, 7.5, 5.5], "texture": "#0"},
				"east": {"uv": [9, 6, 10, 8.5], "texture": "#0"},
				"south": {"uv": [4.5, 6, 6, 8.5], "texture": "#0"},
				"west": {"uv": [9, 8.5, 10, 11], "texture": "#0"},
				"up": {"uv": [11, 12.5, 9.5, 11.5], "texture": "#0"},
				"down": {"uv": [13, 10, 11.5, 11], "texture": "#0"}
			}
		},
		{
			"from": [7, 4.5, 10],
			"to": [9, 7.5, 13],
			"rotation": {"angle": 0, "axis": "y", "origin": [7, 0, 13]},
			"faces": {
				"north": {"uv": [11, 11.5, 12, 13], "texture": "#0"},
				"east": {"uv": [10, 10, 11.5, 11.5], "texture": "#0"},
				"south": {"uv": [0, 12, 1, 13.5], "texture": "#0"},
				"west": {"uv": [10.5, 4, 12, 5.5], "texture": "#0"},
				"up": {"uv": [2.5, 13.5, 1.5, 12], "texture": "#0"},
				"down": {"uv": [13, 1.5, 12, 3], "texture": "#0"}
			}
		},
		{
			"from": [7.5, 1, 9],
			"to": [8.5, 4, 10],
			"rotation": {"angle": 0, "axis": "y", "origin": [7, 0, 10]},
			"faces": {
				"north": {"uv": [5.5, 8.5, 6, 10], "texture": "#0"},
				"east": {"uv": [14, 12.5, 14.5, 14], "texture": "#0"},
				"south": {"uv": [14, 14, 14.5, 15.5], "texture": "#0"},
				"west": {"uv": [0, 14.5, 0.5, 16], "texture": "#0"},
				"up": {"uv": [10, 11.5, 9.5, 11], "texture": "#0"},
				"down": {"uv": [12, 11, 11.5, 11.5], "texture": "#0"}
			}
		},
		{
			"from": [7.5, 0, 5.7],
			"to": [8.5, 1, 11],
			"rotation": {"angle": 0, "axis": "y", "origin": [7.5, -1, 13]},
			"faces": {
				"north": {"uv": [13.5, 1, 14, 1.5], "texture": "#0"},
				"east": {"uv": [13, 11.5, 15.5, 12], "texture": "#0"},
				"south": {"uv": [10.5, 15, 11, 15.5], "texture": "#0"},
				"west": {"uv": [13, 12, 15.5, 12.5], "texture": "#0"},
				"up": {"uv": [11, 15, 10.5, 12.5], "texture": "#0"},
				"down": {"uv": [1.5, 13, 1, 15.5], "texture": "#0"}
			}
		},
		{
			"from": [7.5, 1.29, 4],
			"to": [8.5, 2.29, 6.4],
			"rotation": {"angle": 45, "axis": "x", "origin": [8, 1.5, 4.5]},
			"faces": {
				"north": {"uv": [15, 10.5, 15.5, 11], "texture": "#0"},
				"east": {"uv": [11, 1.5, 12, 2], "texture": "#0"},
				"south": {"uv": [11, 15, 11.5, 15.5], "texture": "#0"},
				"west": {"uv": [13.5, 5.5, 14.5, 6], "texture": "#0"},
				"up": {"uv": [15, 1, 14.5, 0], "texture": "#0"},
				"down": {"uv": [7, 14.5, 6.5, 15.5], "texture": "#0"}
			}
		},
		{
			"from": [7.7, 3, 8],
			"to": [8.2, 4, 9],
			"rotation": {"angle": 0, "axis": "y", "origin": [7.2, 2, 18]},
			"faces": {
				"north": {"uv": [15, 11, 15.5, 11.5], "texture": "#0"},
				"east": {"uv": [11.5, 15, 12, 15.5], "texture": "#0"},
				"south": {"uv": [12, 15, 12.5, 15.5], "texture": "#0"},
				"west": {"uv": [12.5, 15, 13, 15.5], "texture": "#0"},
				"up": {"uv": [15.5, 13, 15, 12.5], "texture": "#0"},
				"down": {"uv": [15.5, 13, 15, 13.5], "texture": "#0"}
			}
		},
		{
			"from": [7.5, 1.7, 4],
			"to": [8.5, 4, 5],
			"rotation": {"angle": 0, "axis": "y", "origin": [7.5, 1, 14]},
			"faces": {
				"north": {"uv": [7, 14.5, 7.5, 15.5], "texture": "#0"},
				"east": {"uv": [14.5, 7, 15, 8], "texture": "#0"},
				"south": {"uv": [7.5, 14.5, 8, 15.5], "texture": "#0"},
				"west": {"uv": [8, 14.5, 8.5, 15.5], "texture": "#0"},
				"up": {"uv": [15, 15.5, 14.5, 15], "texture": "#0"},
				"down": {"uv": [15.5, 15, 15, 15.5], "texture": "#0"}
			}
		},
		{
			"from": [6.5, 4, 8],
			"to": [9.5, 8, 11],
			"rotation": {"angle": 0, "axis": "y", "origin": [7, 0, 9]},
			"faces": {
				"north": {"uv": [1.5, 7, 3, 9], "texture": "#0"},
				"east": {"uv": [7.5, 2, 9, 4], "texture": "#0"},
				"south": {"uv": [7.5, 4, 9, 6], "texture": "#0"},
				"west": {"uv": [7.5, 6, 9, 8], "texture": "#0"},
				"up": {"uv": [12.5, 1.5, 11, 0], "texture": "#0"},
				"down": {"uv": [4, 11, 2.5, 12.5], "texture": "#0"}
			}
		},
		{
			"from": [6.5, 4, 3],
			"to": [9.5, 9, 5],
			"rotation": {"angle": 0, "axis": "y", "origin": [7, 0, 9]},
			"faces": {
				"north": {"uv": [6, 5.5, 7.5, 8], "texture": "#0"},
				"east": {"uv": [0, 9.5, 1, 12], "texture": "#0"},
				"south": {"uv": [0, 7, 1.5, 9.5], "texture": "#0"},
				"west": {"uv": [5.5, 10, 6.5, 12.5], "texture": "#0"},
				"up": {"uv": [13.5, 4, 12, 3], "texture": "#0"},
				"down": {"uv": [13.5, 4, 12, 5], "texture": "#0"}
			}
		},
		{
			"from": [4.5, 6, 3],
			"to": [6.5, 7, 4],
			"rotation": {"angle": 0, "axis": "y", "origin": [7, 0, 9]},
			"faces": {
				"north": {"uv": [14, 11, 15, 11.5], "texture": "#0"},
				"east": {"uv": [1, 15.5, 1.5, 16], "texture": "#0"},
				"south": {"uv": [14.5, 4.5, 15.5, 5], "texture": "#0"},
				"west": {"uv": [2.5, 15.5, 3, 16], "texture": "#0"},
				"up": {"uv": [15.5, 6, 14.5, 5.5], "texture": "#0"},
				"down": {"uv": [15.5, 8, 14.5, 8.5], "texture": "#0"}
			}
		},
		{
			"from": [6, 5.5, 2],
			"to": [6.5, 7.5, 9],
			"rotation": {"angle": 0, "axis": "y", "origin": [7, 0, 9]},
			"faces": {
				"north": {"uv": [14.5, 8.5, 15, 9.5], "texture": "#0"},
				"east": {"uv": [7.5, 0, 11, 1], "texture": "#0"},
				"south": {"uv": [14.5, 12.5, 15, 13.5], "texture": "#0"},
				"west": {"uv": [7.5, 1, 11, 2], "texture": "#0"},
				"up": {"uv": [4.5, 12.5, 4, 9], "texture": "#0"},
				"down": {"uv": [1.5, 9.5, 1, 13], "texture": "#0"}
			}
		},
		{
			"from": [6.5, 4, 5],
			"to": [8.5, 8, 8],
			"rotation": {"angle": 0, "axis": "y", "origin": [7, 0, 9]},
			"faces": {
				"north": {"uv": [6.5, 11, 7.5, 13], "texture": "#0"},
				"east": {"uv": [6, 8, 7.5, 10], "texture": "#0"},
				"south": {"uv": [7.5, 11, 8.5, 13], "texture": "#0"},
				"west": {"uv": [7.5, 8, 9, 10], "texture": "#0"},
				"up": {"uv": [13, 12.5, 12, 11], "texture": "#0"},
				"down": {"uv": [13.5, 0, 12.5, 1.5], "texture": "#0"}
			}
		},
		{
			"from": [14.45, 5.2, 5.6],
			"to": [15.45, 8.2, 7.6],
			"rotation": {"angle": 22.5, "axis": "z", "origin": [10.45, 7.2, 6.1]},
			"faces": {
				"north": {"uv": [0.5, 14.5, 1, 16], "texture": "#0"},
				"east": {"uv": [2.5, 12.5, 3.5, 14], "texture": "#0"},
				"south": {"uv": [1.5, 14.5, 2, 16], "texture": "#0"},
				"west": {"uv": [3.5, 12.5, 4.5, 14], "texture": "#0"},
				"up": {"uv": [13.5, 15.5, 13, 14.5], "texture": "#0"},
				"down": {"uv": [14, 14.5, 13.5, 15.5], "texture": "#0"}
			}
		},
		{
			"from": [9.45, 5.2, 5.6],
			"to": [14.45, 5.2, 7.6],
			"rotation": {"angle": 22.5, "axis": "z", "origin": [10.45, 7.2, 6.1]},
			"faces": {
				"north": {"uv": [0, 0, 2.5, 0], "texture": "#0"},
				"east": {"uv": [0, 0, 1, 0], "texture": "#0"},
				"south": {"uv": [0, 0, 2.5, 0], "texture": "#0"},
				"west": {"uv": [0, 0, 1, 0], "texture": "#0"},
				"up": {"uv": [12.5, 7, 10, 6], "texture": "#0"},
				"down": {"uv": [9, 10, 6.5, 11], "texture": "#0"}
			}
		},
		{
			"from": [9.45, 5.2, 7.6],
			"to": [15.45, 8.2, 8.6],
			"rotation": {"angle": 22.5, "axis": "z", "origin": [10.45, 7.2, 6.1]},
			"faces": {
				"north": {"uv": [3, 0, 6, 1.5], "texture": "#0"},
				"east": {"uv": [2, 14.5, 2.5, 16], "texture": "#0"},
				"south": {"uv": [3, 1.5, 6, 3], "texture": "#0"},
				"west": {"uv": [14.5, 3, 15, 4.5], "texture": "#0"},
				"up": {"uv": [13.5, 6, 10.5, 5.5], "texture": "#0"},
				"down": {"uv": [15, 5, 12, 5.5], "texture": "#0"}
			}
		},
		{
			"from": [9.45, 5.2, 4.6],
			"to": [15.45, 8.2, 5.6],
			"rotation": {"angle": 22.5, "axis": "z", "origin": [10.45, 7.2, 3.1]},
			"faces": {
				"north": {"uv": [3, 3, 6, 4.5], "texture": "#0"},
				"east": {"uv": [4.5, 14.5, 5, 16], "texture": "#0"},
				"south": {"uv": [0, 4, 3, 5.5], "texture": "#0"},
				"west": {"uv": [5, 14.5, 5.5, 16], "texture": "#0"},
				"up": {"uv": [15.5, 6.5, 12.5, 6], "texture": "#0"},
				"down": {"uv": [15.5, 6.5, 12.5, 7], "texture": "#0"}
			}
		},
		{
			"from": [15.45, 6.2, 4.6],
			"to": [17.45, 7.2, 5.6],
			"rotation": {"angle": 22.5, "axis": "z", "origin": [10.45, 7.2, 3.1]},
			"faces": {
				"north": {"uv": [14.5, 9.5, 15.5, 10], "texture": "#0"},
				"east": {"uv": [15.5, 2.5, 16, 3], "texture": "#0"},
				"south": {"uv": [14.5, 13.5, 15.5, 14], "texture": "#0"},
				"west": {"uv": [3, 15.5, 3.5, 16], "texture": "#0"},
				"up": {"uv": [15.5, 14.5, 14.5, 14], "texture": "#0"},
				"down": {"uv": [15.5, 14.5, 14.5, 15], "texture": "#0"}
			}
		},
		{
			"from": [15.45, 6.2, 7.6],
			"to": [17.45, 7.2, 8.6],
			"rotation": {"angle": 22.5, "axis": "z", "origin": [10.45, 7.2, 3.1]},
			"faces": {
				"north": {"uv": [15, 0, 16, 0.5], "texture": "#0"},
				"east": {"uv": [15.5, 3, 16, 3.5], "texture": "#0"},
				"south": {"uv": [15, 0.5, 16, 1], "texture": "#0"},
				"west": {"uv": [15.5, 3.5, 16, 4], "texture": "#0"},
				"up": {"uv": [16, 1.5, 15, 1], "texture": "#0"},
				"down": {"uv": [16, 1.5, 15, 2], "texture": "#0"}
			}
		},
		{
			"from": [16.45, 6.2, 5.6],
			"to": [17.45, 7.2, 7.6],
			"rotation": {"angle": 22.5, "axis": "z", "origin": [10.45, 7.2, 3.1]},
			"faces": {
				"north": {"uv": [15.5, 4, 16, 4.5], "texture": "#0"},
				"east": {"uv": [15, 2, 16, 2.5], "texture": "#0"},
				"south": {"uv": [15.5, 4.5, 16, 5], "texture": "#0"},
				"west": {"uv": [2.5, 15, 3.5, 15.5], "texture": "#0"},
				"up": {"uv": [15.5, 3.5, 15, 2.5], "texture": "#0"},
				"down": {"uv": [4, 15, 3.5, 16], "texture": "#0"}
			}
		},
		{
			"from": [7.45, 4.8, 4.4],
			"to": [9.95, 8.2, 10.8],
			"rotation": {"angle": 22.5, "axis": "z", "origin": [9.95, 7, 6.1]},
			"faces": {
				"north": {"uv": [5.5, 12.5, 6.5, 14], "texture": "#0"},
				"east": {"uv": [3, 4.5, 6, 6], "texture": "#0"},
				"south": {"uv": [12.5, 7, 13.5, 8.5], "texture": "#0"},
				"west": {"uv": [0, 5.5, 3, 7], "texture": "#0"},
				"up": {"uv": [5.5, 11.5, 4.5, 8.5], "texture": "#0"},
				"down": {"uv": [2.5, 9, 1.5, 12], "texture": "#0"}
			}
		},
		{
			"from": [7.49289, 2.99289, -3],
			"to": [8.49289, 4.99289, 3],
			"rotation": {"angle": 0, "axis": "y", "origin": [9.99289, 9.49289, -3]},
			"faces": {
				"north": {"uv": [15, 3.5, 15.5, 4.5], "texture": "#0"},
				"east": {"uv": [9, 2, 12, 3], "texture": "#0"},
				"south": {"uv": [4, 15, 4.5, 16], "texture": "#0"},
				"west": {"uv": [9, 3, 12, 4], "texture": "#0"},
				"up": {"uv": [9, 15.5, 8.5, 12.5], "texture": "#0"},
				"down": {"uv": [9.5, 12.5, 9, 15.5], "texture": "#0"}
			}
		},
		{
			"from": [6.5, 5, -3],
			"to": [9.5, 9, 3],
			"rotation": {"angle": 0, "axis": "y", "origin": [7, 1, -4]},
			"faces": {
				"north": {"uv": [2.5, 9, 4, 11], "texture": "#0"},
				"east": {"uv": [0, 0, 3, 2], "texture": "#0"},
				"south": {"uv": [9, 4, 10.5, 6], "texture": "#0"},
				"west": {"uv": [0, 2, 3, 4], "texture": "#0"},
				"up": {"uv": [7.5, 3, 6, 0], "texture": "#0"},
				"down": {"uv": [4.5, 6, 3, 9], "texture": "#0"}
			}
		},
		{
			"from": [7, 2.5, 15],
			"to": [9, 5.5, 17],
			"rotation": {"angle": 0, "axis": "y", "origin": [7, -3, 13]},
			"faces": {
				"north": {"uv": [12.5, 8.5, 13.5, 10], "texture": "#0"},
				"east": {"uv": [9.5, 12.5, 10.5, 14], "texture": "#0"},
				"south": {"uv": [12, 12.5, 13, 14], "texture": "#0"},
				"west": {"uv": [13, 1.5, 14, 3], "texture": "#0"},
				"up": {"uv": [12, 14, 11, 13], "texture": "#0"},
				"down": {"uv": [14, 12.5, 13, 13.5], "texture": "#0"}
			}
		},
		{
			"from": [7, 3.5, 13],
			"to": [9, 6.5, 15],
			"rotation": {"angle": 0, "axis": "y", "origin": [7, -3, 13]},
			"faces": {
				"north": {"uv": [4.5, 13, 5.5, 14.5], "texture": "#0"},
				"east": {"uv": [6.5, 13, 7.5, 14.5], "texture": "#0"},
				"south": {"uv": [7.5, 13, 8.5, 14.5], "texture": "#0"},
				"west": {"uv": [13, 10, 14, 11.5], "texture": "#0"},
				"up": {"uv": [1, 14.5, 0, 13.5], "texture": "#0"},
				"down": {"uv": [14.5, 0, 13.5, 1], "texture": "#0"}
			}
		},
		{
			"from": [12, 9.5, 5.85],
			"to": [13.5, 10, 7.35],
			"rotation": {"angle": 0, "axis": "y", "origin": [-0.25, 0, 0]},
			"faces": {
				"north": {"uv": [15, 5, 16, 5.5], "texture": "#0"},
				"east": {"uv": [5.5, 15, 6.5, 15.5], "texture": "#0"},
				"south": {"uv": [15, 7, 16, 7.5], "texture": "#0"},
				"west": {"uv": [15, 7.5, 16, 8], "texture": "#0"},
				"up": {"uv": [2.5, 14.5, 1.5, 13.5], "texture": "#0"},
				"down": {"uv": [14.5, 3, 13.5, 4], "texture": "#0"}
			}
		},
		{
			"from": [12.25, 9, 6.1],
			"to": [13.25, 9.5, 7.1],
			"rotation": {"angle": 0, "axis": "y", "origin": [-0.25, 0, 0]},
			"faces": {
				"north": {"uv": [5.5, 15.5, 6, 16], "texture": "#0"},
				"east": {"uv": [15.5, 5.5, 16, 6], "texture": "#0"},
				"south": {"uv": [6, 15.5, 6.5, 16], "texture": "#0"},
				"west": {"uv": [15.5, 6, 16, 6.5], "texture": "#0"},
				"up": {"uv": [7, 16, 6.5, 15.5], "texture": "#0"},
				"down": {"uv": [16, 6.5, 15.5, 7], "texture": "#0"}
			}
		},
		{
			"from": [11.75, 7, 5.6],
			"to": [13.75, 9, 7.6],
			"rotation": {"angle": 0, "axis": "y", "origin": [-0.25, 0, 0]},
			"faces": {
				"north": {"uv": [13.5, 4, 14.5, 5], "texture": "#0"},
				"east": {"uv": [13.5, 7, 14.5, 8], "texture": "#0"},
				"south": {"uv": [13.5, 8, 14.5, 9], "texture": "#0"},
				"west": {"uv": [13.5, 9, 14.5, 10], "texture": "#0"},
				"up": {"uv": [14, 14.5, 13, 13.5], "texture": "#0"},
				"down": {"uv": [15, 1, 14, 2], "texture": "#0"}
			}
		},
		{
			"from": [9.9, 8.9, 5.85],
			"to": [11.4, 9.4, 7.35],
			"rotation": {"angle": 0, "axis": "y", "origin": [-0.25, 0, 0]},
			"faces": {
				"north": {"uv": [15, 8.5, 16, 9], "texture": "#0"},
				"east": {"uv": [15, 9, 16, 9.5], "texture": "#0"},
				"south": {"uv": [9.5, 15, 10.5, 15.5], "texture": "#0"},
				"west": {"uv": [15, 10, 16, 10.5], "texture": "#0"},
				"up": {"uv": [15, 3, 14, 2], "texture": "#0"},
				"down": {"uv": [3.5, 14, 2.5, 15], "texture": "#0"}
			}
		},
		{
			"from": [10.15, 8.4, 6.1],
			"to": [11.15, 8.9, 7.1],
			"rotation": {"angle": 0, "axis": "y", "origin": [-0.25, 0, 0]},
			"faces": {
				"north": {"uv": [7, 15.5, 7.5, 16], "texture": "#0"},
				"east": {"uv": [7.5, 15.5, 8, 16], "texture": "#0"},
				"south": {"uv": [8, 15.5, 8.5, 16], "texture": "#0"},
				"west": {"uv": [15.5, 8, 16, 8.5], "texture": "#0"},
				"up": {"uv": [9, 16, 8.5, 15.5], "texture": "#0"},
				"down": {"uv": [9.5, 15.5, 9, 16], "texture": "#0"}
			}
		},
		{
			"from": [9.65, 6.4, 5.6],
			"to": [11.65, 8.4, 7.6],
			"rotation": {"angle": 0, "axis": "y", "origin": [-0.25, 0, 0]},
			"faces": {
				"north": {"uv": [3.5, 14, 4.5, 15], "texture": "#0"},
				"east": {"uv": [5.5, 14, 6.5, 15], "texture": "#0"},
				"south": {"uv": [9.5, 14, 10.5, 15], "texture": "#0"},
				"west": {"uv": [14, 10, 15, 11], "texture": "#0"},
				"up": {"uv": [12, 15, 11, 14], "texture": "#0"},
				"down": {"uv": [13, 14, 12, 15], "texture": "#0"}
			}
		}
	],
	"display": {
		"thirdperson_righthand": {
			"translation": [-1.75, 4.75, -1.25]
		},
		"thirdperson_lefthand": {
			"translation": [-1.25, 4.25, -1.25]
		},
		"firstperson_righthand": {
			"rotation": [7.5, 0, 0],
			"translation": [0, 3.25, 0],
			"scale": [1.43, 1.43, 1.43]
		},
		"firstperson_lefthand": {
			"rotation": [7.5, 0, 0],
			"translation": [0, 3.25, 0],
			"scale": [1.43, 1.43, 1.43]
		},
		"ground": {
			"translation": [0, 2.5, 0],
			"scale": [0.5, 0.5, 0.5]
		},
		"gui": {
			"rotation": [46.61, 50.21, -21.1],
			"translation": [-0.25, 0.75, 0],
			"scale": [0.66, 0.66, 0.66]
		},
		"fixed": {
			"rotation": [-90, 0, 0],
			"translation": [0, 0, -15.75],
			"scale": [2, 2, 2]
		}
	},
	"groups": [
		{
			"name": "gun",
			"origin": [7, -3, 13],
			"color": 0,
			"children": [
				0,
				1,
				2,
				3,
				4,
				5,
				6,
				7,
				8,
				9,
				10,
				11,
				12,
				13,
				14,
				15,
				16,
				17,
				18,
				19,
				20,
				21,
				22,
				23,
				24,
				{
					"name": "bottle",
					"origin": [0, 0, 0],
					"color": 0,
					"children": [25, 26, 27]
				},
				{
					"name": "bottle",
					"origin": [0, 0, 0],
					"color": 0,
					"children": [28, 29, 30]
				}
			]
		}
	]
}