{
	"textures": {
		"2": "spotted_ears",
		"particle": "spotted_ears"
	},
	"elements": [
		{
			"from": [9, 0, 7],
			"to": [12, 6, 9],
			"rotation": {"angle": 0, "axis": "z", "origin": [11, 0, 8]},
			"faces": {
				"north": {"uv": [0, 0, 3, 6], "texture": "#2"},
				"east": {"uv": [7, 7, 9, 13], "texture": "#2"},
				"south": {"uv": [3, 7, 6, 13], "texture": "#2"},
				"west": {"uv": [4, 0, 6, 6], "texture": "#2"},
				"up": {"uv": [2, 10, 0, 7], "rotation": 90, "texture": "#2"},
				"down": {"uv": [2, 11, 0, 14], "rotation": 270, "texture": "#2"}
			}
		},
		{
			"from": [4, 0, 7],
			"to": [7, 6, 9],
			"rotation": {"angle": 0, "axis": "z", "origin": [5, 0, 8]},
			"faces": {
				"north": {"uv": [13, 0, 16, 6], "texture": "#2"},
				"east": {"uv": [10, 0, 12, 6], "texture": "#2"},
				"south": {"uv": [10, 7, 13, 13], "texture": "#2"},
				"west": {"uv": [7, 0, 9, 6], "texture": "#2"},
				"up": {"uv": [16, 10, 14, 7], "rotation": 90, "texture": "#2"},
				"down": {"uv": [16, 11, 14, 14], "rotation": 270, "texture": "#2"}
			}
		}
	],
	"display": {
		"head": {
			"translation": [0, 14.5, 0]
		}
	}
}