{
	"texture_size": [64, 64],
	"textures": {
		"0": "block/texture",
		"particle": "block/texture"
	},
	"elements": [
		{
			"from": [-1.5, 0, 1.5],
			"to": [17.5, 5, 14.5],
			"rotation": {"angle": 0, "axis": "y", "origin": [-1, 0, 2]},
			"faces": {
				"north": {"uv": [0, 3.25, 4.75, 4.5], "texture": "#0"},
				"east": {"uv": [4.75, 3.25, 6, 0], "rotation": 90, "texture": "#0"},
				"south": {"uv": [0, 3.25, 4.75, 4.5], "texture": "#0"},
				"west": {"uv": [4.75, 0, 6, 3.25], "rotation": 90, "texture": "#0"},
				"up": {"uv": [4.75, 3.25, 0, 0], "texture": "#0"},
				"down": {"uv": [4.75, 0, 0, 3.25], "texture": "#0"}
			}
		},
		{
			"from": [-1.75, -0.25, 1.25],
			"to": [17.75, 5.25, 14.75],
			"rotation": {"angle": 0, "axis": "y", "origin": [-1, 0, 2]},
			"faces": {
				"north": {"uv": [6, 3.5, 10.75, 4.75], "texture": "#0"},
				"east": {"uv": [6, 5, 9.25, 6.25], "texture": "#0"},
				"south": {"uv": [6, 3.5, 10.75, 4.75], "texture": "#0"},
				"west": {"uv": [6, 5, 9.25, 6.25], "texture": "#0"},
				"up": {"uv": [10.75, 3.25, 6, 0], "texture": "#0"},
				"down": {"uv": [10.75, 0, 6, 3.25], "texture": "#0"}
			}
		},
		{
			"from": [3.5, 1.5, -2.25],
			"to": [12.5, 1.5, 1.75],
			"rotation": {"angle": -22.5, "axis": "x", "origin": [8, 1.5, -0.5]},
			"faces": {
				"north": {"uv": [0, 0, 2.25, 0], "texture": "#0"},
				"east": {"uv": [0, 0, 1, 0], "texture": "#0"},
				"south": {"uv": [0, 0, 2.25, 0], "texture": "#0"},
				"west": {"uv": [0, 0, 1, 0], "texture": "#0"},
				"up": {"uv": [2.25, 5.5, 0, 4.5], "texture": "#0"},
				"down": {"uv": [2.25, 4.5, 0, 5.5], "texture": "#0"}
			}
		}
	],
	"display": {
		"thirdperson_righthand": {
			"rotation": [90, 0, 0],
			"translation": [0, 1.25, 3.25],
			"scale": [0.35, 0.35, 0.35]
		},
		"thirdperson_lefthand": {
			"rotation": [90, 0, 0],
			"translation": [0, 1.25, 3.25],
			"scale": [0.35, 0.35, 0.35]
		},
		"firstperson_righthand": {
			"rotation": [90, 0, 90],
			"translation": [0, -4, 0]
		},
		"firstperson_lefthand": {
			"rotation": [90, 0, 90],
			"translation": [0, -4, 0]
		},
		"ground": {
			"translation": [0, 2, 0],
			"scale": [0.35, 0.35, 0.35]
		},
		"gui": {
			"rotation": [25, 150, 0],
			"translation": [0.25, -0.5, 0],
			"scale": [0.55, 0.55, 0.55]
		},
		"fixed": {
			"rotation": [-90, 180, 0],
			"translation": [0, 0, -16],
			"scale": [2, 2, 2]
		}
	}
}