{
	"credit": "Made with Blockbench",
	"texture_size": [64, 32],
	"textures": {
		"0": "./skeleton",
		"particle": "./skeleton"
	},
	"elements": [
		{
			"name": "head",
			"from": [4, 14, 8],
			"to": [12, 22, 16],
			"rotation": {"angle": 0, "axis": "y", "origin": [0, -10, 4]},
			"faces": {
				"north": {"uv": [2, 4, 4, 8], "texture": "#0"},
				"east": {"uv": [0, 4, 2, 8], "texture": "#0"},
				"south": {"uv": [6, 4, 8, 8], "texture": "#0"},
				"west": {"uv": [4, 4, 6, 8], "texture": "#0"},
				"up": {"uv": [4, 4, 2, 0], "texture": "#0"},
				"down": {"uv": [6, 0, 4, 4], "texture": "#0"}
			}
		},
		{
			"name": "body",
			"from": [4, 2, 10],
			"to": [12, 2, 14],
			"rotation": {"angle": 0, "axis": "y", "origin": [0, -10, 4]},
			"faces": {
				"north": {"uv": [5, 10, 7, 16], "texture": "#0"},
				"east": {"uv": [4, 10, 5, 16], "texture": "#0"},
				"south": {"uv": [8, 10, 10, 16], "texture": "#0"},
				"west": {"uv": [7, 10, 8, 16], "texture": "#0"},
				"up": {"uv": [9, 10, 7, 8], "texture": "#0"},
				"down": {"uv": [9, 8, 7, 10], "texture": "#0"}
			}
		},
		{
			"name": "body",
			"from": [4, 2, 10],
			"to": [12, 14, 14],
			"rotation": {"angle": 0, "axis": "y", "origin": [0, -10, 4]},
			"faces": {
				"north": {"uv": [5, 10, 7, 16], "texture": "#0"},
				"east": {"uv": [4, 10, 5, 16], "texture": "#0"},
				"south": {"uv": [8, 10, 10, 16], "texture": "#0"},
				"west": {"uv": [7, 10, 8, 16], "texture": "#0"},
				"up": {"uv": [7, 10, 5, 8], "texture": "#0"},
				"down": {"uv": [9, 8, 7, 10], "texture": "#0"}
			}
		},
		{
			"name": "body",
			"from": [4, 2, 10],
			"to": [4, 14, 14],
			"rotation": {"angle": 0, "axis": "y", "origin": [0, -10, 4]},
			"faces": {
				"north": {"uv": [5, 10, 7, 16], "texture": "#0"},
				"east": {"uv": [7, 10, 8, 16], "texture": "#0"},
				"south": {"uv": [8, 10, 10, 16], "texture": "#0"},
				"west": {"uv": [7, 10, 8, 16], "texture": "#0"},
				"up": {"uv": [7, 10, 5, 8], "texture": "#0"},
				"down": {"uv": [9, 8, 7, 10], "texture": "#0"}
			}
		},
		{
			"name": "body",
			"from": [12, 2, 10],
			"to": [12, 14, 14],
			"rotation": {"angle": 0, "axis": "y", "origin": [0, -10, 4]},
			"faces": {
				"north": {"uv": [5, 10, 7, 16], "texture": "#0"},
				"east": {"uv": [4, 10, 5, 16], "texture": "#0"},
				"south": {"uv": [8, 10, 10, 16], "texture": "#0"},
				"west": {"uv": [4, 10, 5, 16], "texture": "#0"},
				"up": {"uv": [7, 10, 5, 8], "texture": "#0"},
				"down": {"uv": [9, 8, 7, 10], "texture": "#0"}
			}
		},
		{
			"name": "body",
			"from": [4, 2, 10],
			"to": [12, 14, 10],
			"rotation": {"angle": 0, "axis": "y", "origin": [0, -10, 4]},
			"faces": {
				"north": {"uv": [5, 10, 7, 16], "texture": "#0"},
				"east": {"uv": [4, 10, 5, 16], "texture": "#0"},
				"south": {"uv": [5, 10, 7, 16], "texture": "#0"},
				"west": {"uv": [7, 10, 8, 16], "texture": "#0"},
				"up": {"uv": [7, 10, 5, 8], "texture": "#0"},
				"down": {"uv": [9, 8, 7, 10], "texture": "#0"}
			}
		},
		{
			"name": "body",
			"from": [4, 2, 14],
			"to": [12, 14, 14],
			"rotation": {"angle": 0, "axis": "y", "origin": [0, -10, 4]},
			"faces": {
				"north": {"uv": [8, 10, 10, 16], "texture": "#0"},
				"east": {"uv": [4, 10, 5, 16], "texture": "#0"},
				"south": {"uv": [8, 10, 10, 16], "texture": "#0"},
				"west": {"uv": [7, 10, 8, 16], "texture": "#0"},
				"up": {"uv": [7, 10, 5, 8], "texture": "#0"},
				"down": {"uv": [9, 8, 7, 10], "texture": "#0"}
			}
		},
		{
			"name": "left_arm",
			"from": [2, 12, 1],
			"to": [4, 14, 13],
			"shade": false,
			"rotation": {"angle": -22.5, "axis": "x", "origin": [3, 13, 12]},
			"faces": {
				"north": {"uv": [11, 8, 11.5, 9], "rotation": 180, "texture": "#0"},
				"east": {"uv": [11.5, 9, 11, 15], "rotation": 270, "texture": "#0"},
				"south": {"uv": [10.5, 9, 11, 8], "texture": "#0"},
				"west": {"uv": [10.5, 9, 10, 15], "rotation": 90, "texture": "#0"},
				"up": {"uv": [11, 9, 10.5, 15], "rotation": 180, "texture": "#0"},
				"down": {"uv": [12, 9, 11.5, 15], "texture": "#0"}
			}
		},
		{
			"name": "right_arm",
			"from": [12, 12, 1],
			"to": [14, 14, 13],
			"rotation": {"angle": -22.5, "axis": "x", "origin": [13, 13, 12]},
			"faces": {
				"north": {"uv": [11.5, 8, 11, 9], "rotation": 180, "texture": "#0"},
				"east": {"uv": [10, 9, 10.5, 15], "rotation": 270, "texture": "#0"},
				"south": {"uv": [11, 9, 10.5, 8], "texture": "#0"},
				"west": {"uv": [11, 9, 11.5, 15], "rotation": 90, "texture": "#0"},
				"up": {"uv": [10.5, 9, 11, 15], "rotation": 180, "texture": "#0"},
				"down": {"uv": [11.5, 9, 12, 15], "texture": "#0"}
			}
		},
		{
			"name": "left_leg",
			"from": [5, 0, 2],
			"to": [7, 2, 14],
			"shade": false,
			"rotation": {"angle": 22.5, "axis": "y", "origin": [6, 1, 12]},
			"faces": {
				"north": {"uv": [1, 8, 1.5, 9], "rotation": 180, "texture": "#0"},
				"east": {"uv": [1.5, 9, 1, 15], "rotation": 270, "texture": "#0"},
				"south": {"uv": [0.5, 9, 1, 8], "texture": "#0"},
				"west": {"uv": [0.5, 9, 0, 15], "rotation": 90, "texture": "#0"},
				"up": {"uv": [1, 9, 0.5, 15], "rotation": 180, "texture": "#0"},
				"down": {"uv": [2, 9, 1.5, 15], "texture": "#0"}
			}
		},
		{
			"name": "right_leg",
			"from": [9, 0, 2],
			"to": [11, 2, 14],
			"rotation": {"angle": -22.5, "axis": "y", "origin": [10, 1, 12]},
			"faces": {
				"north": {"uv": [1.5, 8, 1, 9], "rotation": 180, "texture": "#0"},
				"east": {"uv": [0, 9, 0.5, 15], "rotation": 270, "texture": "#0"},
				"south": {"uv": [1, 9, 0.5, 8], "texture": "#0"},
				"west": {"uv": [1, 9, 1.5, 15], "rotation": 90, "texture": "#0"},
				"up": {"uv": [0.5, 9, 1, 15], "rotation": 180, "texture": "#0"},
				"down": {"uv": [1.5, 9, 2, 15], "texture": "#0"}
			}
		}
	],
	"display": {
		"thirdperson_righthand": {
			"rotation": [70, 45, 0],
			"translation": [-0.25, 0.75, 1],
			"scale": [0.2, 0.2, 0.2]
		},
		"thirdperson_lefthand": {
			"rotation": [75, 45, 0],
			"translation": [0, 2.5, 0],
			"scale": [0.375, 0.375, 0.375]
		},
		"firstperson_righthand": {
			"rotation": [0, 45, 0],
			"translation": [1.25, 1.75, 1.25],
			"scale": [0.2, 0.2, 0.2]
		},
		"firstperson_lefthand": {
			"rotation": [0, 225, 0],
			"translation": [0, 4.5, 0],
			"scale": [0.4, 0.4, 0.4]
		},
		"ground": {
			"scale": [0.2, 0.2, 0.2]
		},
		"gui": {
			"rotation": [30, -135, 0],
			"translation": [0, -2.25, 0],
			"scale": [0.45, 0.45, 0.45]
		},
		"head": {
			"translation": [0, 10.4, 0],
			"scale": [0.5, 0.5, 0.5]
		},
		"fixed": {
			"rotation": [-90, 0, 0],
			"translation": [0, 0, -6.5],
			"scale": [0.8, 0.8, 0.8]
		}
	}
}